shelter_name,county,address,shelter_lat,shelter_lon,is_indoor,nearest_station,nearest_aqi,distance_to_station,risk_level,risk_reason
南坑村集會所暨南外社區活動中心,新竹縣北埔鄉,9鄰大南坑1-5號,24.6725,121.0561,False,竹東,75,8.299754519775904,Warning,"Nearest AQI station (竹東) AQI: 75, Outdoor facility"
澤仁里辦公處,桃園市復興區,14鄰中正路168之1號,24.820601,121.351987,False,龍潭,77,14.502165343422506,Warning,"Nearest AQI station (龍潭) AQI: 77, Outdoor facility"
上大社區活動中心,桃園市觀音區,8鄰大湖路一段510號,24.978234,121.147333,False,平鎮,106,6.3735109923135695,High Risk,Nearest AQI station (平鎮) AQI: 106
武威社區活動中心,桃園市觀音區,4鄰武威一路10號,25.028242,121.073317,False,觀音,103,1.257889747389734,High Risk,Nearest AQI station (觀音) AQI: 103
塔腳社區活動中心,桃園市觀音區,4鄰塔腳路116號,25.049298,121.154708,False,大園,108,4.988447409014225,High Risk,Nearest AQI station (大園) AQI: 108
廣福社區活動中心,桃園市觀音區,福山路二段403巷6號,25.019018,121.153383,False,大園,108,6.8040760230899755,High Risk,Nearest AQI station (大園) AQI: 108
草漯國民小學,桃園市觀音區,新生路1462號,25.045941,121.142939,False,觀音,103,6.164373025781786,High Risk,Nearest AQI station (觀音) AQI: 103
上大國民小學,桃園市觀音區,8鄰大湖路一段540號,24.979129,121.146755,False,平鎮,106,6.470194259788887,High Risk,Nearest AQI station (平鎮) AQI: 106
崙坪國民小學,桃園市觀音區,崙坪里297之1號,24.999596,121.162676,False,平鎮,106,6.665614868676741,High Risk,Nearest AQI station (平鎮) AQI: 106
富林國民小學,桃園市觀音區,大觀路三段466號,25.062195,121.1285,False,觀音,103,5.470986383758977,High Risk,Nearest AQI station (觀音) AQI: 103
樹林國民小學,桃園市觀音區,觀音鄉樹林村新村路二段十二號,25.062176,121.128468,False,觀音,103,5.467132604688427,High Risk,Nearest AQI station (觀音) AQI: 103
觀音區公所綠資源中心,桃園市觀音區,觀新路56號,25.028281,121.083597,False,觀音,103,0.8138865000752611,High Risk,Nearest AQI station (觀音) AQI: 103
高雄市前鎮區光華國民小學,高雄市前鎮區,廣西路57號,22.615,120.32,False,復興,87,1.0772652239963179,Warning,"Nearest AQI station (復興) AQI: 87, Outdoor facility"
尖山國小操場,苗栗縣頭份市,尖豐路305號,24.64686,120.894048,False,頭份,108,5.5847055216422765,High Risk,Nearest AQI station (頭份) AQI: 108
高雄市小港區鳳林國民小學,高雄市小港區,鳳林路207號,22.527,120.343,False,小港,88,4.351740574974662,Warning,"Nearest AQI station (小港) AQI: 88, Outdoor facility"
佳義社區活動中心,屏東縣瑪家鄉,泰平巷11號,22.653475,120.630874,True,屏東,93,14.818025712417617,Medium Risk,"Nearest AQI station (屏東) AQI: 93, Indoor facility"
中東社區活動中心,彰化縣員林市,山腳路五段185巷20號,23.971414,120.599689,False,員林,82,3.8660549153359933,Warning,"Nearest AQI station (員林) AQI: 82, Outdoor facility"
崇實高工體育館,彰化縣員林市,育英路103號,23.961057,120.574848,False,員林,82,1.1861719750726596,Warning,"Nearest AQI station (員林) AQI: 82, Outdoor facility"
東芳國小,彰化縣彰化市,彰馬路45號,24.062538,120.516345,False,彰化,87,2.5847641305341824,Warning,"Nearest AQI station (彰化) AQI: 87, Outdoor facility"
三義社區活動中心,彰化縣員林市,員鹿路245巷112號,23.95268,120.563531,False,員林,82,0.9918551183382043,Warning,"Nearest AQI station (員林) AQI: 82, Outdoor facility"
大同國中,彰化縣員林市,大同路一段345號,23.963213,120.579502,False,員林,82,1.6672956926234137,Warning,"Nearest AQI station (員林) AQI: 82, Outdoor facility"
員林農工體育館,彰化縣員林市,員水路二段313號,23.955187,120.581692,False,員林,82,2.0106122919615435,Warning,"Nearest AQI station (員林) AQI: 82, Outdoor facility"
員林市員東國小,彰化縣員林市,員東路二段12號,23.961879,120.587309,False,員林,82,2.4510503136990214,Warning,"Nearest AQI station (員林) AQI: 82, Outdoor facility"
員林市員林國中活動中心,彰化縣員林市,南潭路2號,23.979184,120.557085,False,員林,82,2.051848577190298,Warning,"Nearest AQI station (員林) AQI: 82, Outdoor facility"
員林市員林國小,彰化縣員林市,三民東街221號,23.960059,120.57921,False,員林,82,1.6368330524045218,Warning,"Nearest AQI station (員林) AQI: 82, Outdoor facility"
健康公園,臺中市南區,忠明南路與五權南路交叉口,24.119757,120.667553,False,大里,76,2.4980203513498203,Warning,"Nearest AQI station (大里) AQI: 76, Outdoor facility"
屏東市信義國小,屏東縣屏東市,信義路262號,22.68523,120.49197,True,屏東,93,1.4100019800687895,Medium Risk,"Nearest AQI station (屏東) AQI: 93, Indoor facility"
光隆營區,臺中市太平區,光興路1001號,24.1112,120.7305,False,大里,76,5.4384221372776205,Warning,"Nearest AQI station (大里) AQI: 76, Outdoor facility"
大快官藝文館,彰化縣彰化市,彰南路五段8號,24.068651,120.613159,False,彰化,87,7.279465795526502,Warning,"Nearest AQI station (彰化) AQI: 87, Outdoor facility"
彰德國中勤學樓、育英樓穿堂,彰化縣彰化市,彰南路二段512巷97號,24.08054,120.589342,False,彰化,87,5.11728582063279,Warning,"Nearest AQI station (彰化) AQI: 87, Outdoor facility"
介壽社區活動中心,彰化縣彰化市,介壽新村21號,24.070873,120.551727,False,彰化,87,1.169493468237076,Warning,"Nearest AQI station (彰化) AQI: 87, Outdoor facility"
國聖國小,彰化縣彰化市,中山路三段608號,24.092292,120.568089,False,彰化,87,3.977791527192292,Warning,"Nearest AQI station (彰化) AQI: 87, Outdoor facility"
石牌國小,彰化縣彰化市,田坑路一段9號,24.058558,120.614942,False,彰化,87,7.50060118840369,Warning,"Nearest AQI station (彰化) AQI: 87, Outdoor facility"
茄苳社區活動中心,彰化縣彰化市,茄苳路二段292號,24.10378,120.547944,False,彰化,87,4.251274875046058,Warning,"Nearest AQI station (彰化) AQI: 87, Outdoor facility"
三民國小,彰化縣彰化市,田中路125號,24.085743,120.604547,False,彰化,87,6.764826183472641,Warning,"Nearest AQI station (彰化) AQI: 87, Outdoor facility"
南北管戲曲音樂館,彰化縣彰化市,平和七街66號,24.068206,120.529851,False,彰化,87,1.209765012803944,Warning,"Nearest AQI station (彰化) AQI: 87, Outdoor facility"
牛埔社區活動中心,彰化縣彰化市,彰南路三段226號,24.081368,120.597531,False,彰化,87,5.937738373403864,Warning,"Nearest AQI station (彰化) AQI: 87, Outdoor facility"
桃源社區活動中心,彰化縣彰化市,公園路二段102之1號,24.072547,120.559047,False,彰化,87,1.922711130409427,Warning,"Nearest AQI station (彰化) AQI: 87, Outdoor facility"
南興社區活動中心,彰化縣彰化市,中山路一段189巷49號,24.056604,120.533189,False,彰化,87,1.3442135695847404,Warning,"Nearest AQI station (彰化) AQI: 87, Outdoor facility"
快官社區活動中心,彰化縣彰化市,彰南路四段566號之1,24.068422,120.612013,False,彰化,87,7.162214933759041,Warning,"Nearest AQI station (彰化) AQI: 87, Outdoor facility"
福山社區活動中心,彰化縣彰化市,福山街168號,24.082668,120.571394,False,彰化,87,3.55445375395509,Warning,"Nearest AQI station (彰化) AQI: 87, Outdoor facility"
延和社區活動中心,彰化縣彰化市,埔西街111號,24.059306,120.538252,False,彰化,87,0.814904146337403,Warning,"Nearest AQI station (彰化) AQI: 87, Outdoor facility"
泰和國小,彰化縣彰化市,泰和路二段145巷1號,24.092496,120.55168,False,彰化,87,3.121582884083892,Warning,"Nearest AQI station (彰化) AQI: 87, Outdoor facility"
彰興國中,彰化縣彰化市,埔西街107號,24.059274,120.538251,False,彰化,87,0.8181967324502413,Warning,"Nearest AQI station (彰化) AQI: 87, Outdoor facility"
信義國中小,彰化縣彰化市,向陽街168號,24.062723,120.52814,False,彰化,87,1.406404285220283,Warning,"Nearest AQI station (彰化) AQI: 87, Outdoor facility"
雅溝社區活動中心,彰化縣和美鎮,南軒路359巷7號,24.099707,120.492521,False,線西,117,4.278122598398735,High Risk,Nearest AQI station (線西) AQI: 117
恆春國中收容所,屏東縣恆春鎮,文化路79號,22.0031,120.7475,True,恆春,31,6.581789412527319,Low Risk,
恆春鎮公所,屏東縣恆春鎮,天文路1號,22.0038,120.7474,False,恆春,31,6.6478273223991105,Low Risk,
永靖社區活動中心,屏東縣滿州鄉,庄內路33巷8-1號,22.0052,120.8092,True,恆春,31,5.642205646741048,Low Risk,
永港國民小學,屏東縣滿州鄉,新庄路25號,22.005679,120.817377,False,恆春,31,6.052375602463636,Low Risk,
恒春國小收容所,屏東縣恆春鎮,北門路39巷26號,22.0064,120.7466,True,恆春,31,6.923174204106237,Low Risk,
僑勇國小收容所,屏東縣恆春鎮,西門路146號,22.0087,120.7442,True,恆春,31,7.2777494080473835,Low Risk,
滿州國民小學,屏東縣滿州鄉,中山路39號,22.020382,120.838101,False,恆春,31,8.585727052136548,Low Risk,
屏東縣滿州鄉公所,屏東縣滿州鄉,中山路43號,22.0209,120.8386,False,恆春,31,8.662590635842013,Low Risk,
滿州社區活動中心,屏東縣滿州鄉,中山路107號,22.0233,120.8371,True,恆春,31,8.790902979604136,Low Risk,
屏東縣滿州鄉圖書館,屏東縣滿州鄉,中山路152號,22.0243,120.8377,True,恆春,31,8.917599393023258,Low Risk,
滿州國民中學,屏東縣滿州鄉,文化路32號,22.024499,120.839695,False,恆春,31,9.053229791816651,Low Risk,
響林活動中心,屏東縣滿州鄉,福德路64巷3號,22.0377,120.8335,True,恆春,31,9.976001578896387,Low Risk,
屏東縣立車城國小保力分校,屏東縣車城鄉,保力路30號,22.0561,120.7275,True,恆春,31,12.606596651794845,Low Risk,
屏東縣立車城國小射寮分校,屏東縣車城鄉,埔墘路38號,22.0567,120.7118,True,恆春,31,13.546391133294714,Low Risk,
屏東縣立車城國中,屏東縣車城鄉,新興路42號,22.0729,120.7165,True,恆春,31,14.791366541197027,Low Risk,
高士國小牡林分校,屏東縣牡丹鄉,四林路80號,22.0731,120.8139,True,恆春,31,13.047341693063306,Low Risk,
長樂村長壽俱樂部,屏東縣滿州鄉,和平路21號,22.0742,120.8258,False,恆春,31,13.460972305683718,Low Risk,
屏東縣立車城國小,屏東縣車城鄉,中山路66號,22.0749,120.7146,True,恆春,31,15.082292368884072,Low Risk,
長樂國小,屏東縣滿州鄉,大公路35號,22.0755,120.8286,True,恆春,31,13.683178552844911,Low Risk,
車城福安宮香客大樓,屏東縣車城鄉,福安路5之1號,22.0766,120.7119,False,恆春,31,15.387159488261414,Low Risk,
屏東縣立車城國小溫泉分校,屏東縣車城鄉,文化路23號,22.096,120.7487,True,恆春,31,15.887893609655977,Low Risk,
九棚永久屋大愛基地活動中心,屏東縣滿州鄉,九棚路大愛巷6號,22.111079,120.87378,True,恆春,31,19.13022644438166,Low Risk,
高士國小,屏東縣牡丹鄉,高士路29號,22.1248,120.847,True,恆春,31,19.481859468291724,Low Risk,
石門村活動中心,屏東縣牡丹鄉,石門路18號,22.1254,120.774,True,恆春,31,18.66986454981618,Low Risk,
港仔活動中心,屏東縣滿州鄉,港仔路67號,22.1334,120.8815,True,恆春,31,21.705295523187974,Low Risk,
竹坑活動中心,屏東縣獅子鄉,竹坑一巷1鄰8號,22.1454,120.7012,True,屏東（枋山）,56,13.825675193237252,Medium Risk,"Nearest AQI station (屏東（枋山）) AQI: 56, Indoor facility"
牡丹國小,屏東縣牡丹鄉,牡丹路93號,22.1766,120.8377,True,屏東（枋山）,56,21.339018205010206,Medium Risk,"Nearest AQI station (屏東（枋山）) AQI: 56, Indoor facility"
楓港國民小學,屏東縣枋山鄉,光復24號,22.1902,120.6922,False,屏東（枋山）,56,8.909335874252903,Warning,"Nearest AQI station (屏東（枋山）) AQI: 56, Outdoor facility"
旭海村活動中心,屏東縣牡丹鄉,旭海路93-1號,22.1917,120.8786,True,屏東（枋山）,56,24.61260735521153,Medium Risk,"Nearest AQI station (屏東（枋山）) AQI: 56, Indoor facility"
楓港老人文康中心,屏東縣枋山鄉,村舊庄1-2號,22.193,120.6895,False,屏東（枋山）,56,8.504392686531858,Warning,"Nearest AQI station (屏東（枋山）) AQI: 56, Outdoor facility"
楓林國小,屏東縣獅子鄉,楓林二巷22之2號,22.2022,120.7038,True,屏東（枋山）,56,8.462378153594939,Medium Risk,"Nearest AQI station (屏東（枋山）) AQI: 56, Indoor facility"
丹路國小,屏東縣獅子鄉,丹路一巷39號,22.2034,120.7515,True,屏東（枋山）,56,12.119414462688802,Medium Risk,"Nearest AQI station (屏東（枋山）) AQI: 56, Indoor facility"
獅子鄉立綜合體育館,屏東縣獅子鄉,舊庄280號,22.2051,120.7014,False,屏東（枋山）,56,8.056412920358836,Warning,"Nearest AQI station (屏東（枋山）) AQI: 56, Outdoor facility"
東源村活動中心,屏東縣牡丹鄉,東源路6號,22.2052,120.851,True,屏東（枋山）,56,21.45056236280417,Medium Risk,"Nearest AQI station (屏東（枋山）) AQI: 56, Indoor facility"
內文活動中心,屏東縣獅子鄉,3鄰26號,22.2183,120.8507,True,屏東（枋山）,56,21.04515211949694,Medium Risk,"Nearest AQI station (屏東（枋山）) AQI: 56, Indoor facility"
獅子活動中心,屏東縣獅子鄉,3鄰35號,22.2323,120.6805,True,屏東（枋山）,56,4.363251900690964,Medium Risk,"Nearest AQI station (屏東（枋山）) AQI: 56, Indoor facility"
草埔活動中心,屏東縣獅子鄉,6鄰64號,22.2341,120.8014,True,屏東（枋山）,56,15.715285924771962,Medium Risk,"Nearest AQI station (屏東（枋山）) AQI: 56, Indoor facility"
枋山鄉公所,屏東縣枋山鄉,枋山路82號,22.26396799,120.6524235,False,屏東（枋山）,56,0.3550255581928573,Warning,"Nearest AQI station (屏東（枋山）) AQI: 56, Outdoor facility"
枋寮高中正成分校,屏東縣枋山鄉,國中路1號,22.2643,120.6606,True,屏東（枋山）,56,1.0125963317855724,Medium Risk,"Nearest AQI station (屏東（枋山）) AQI: 56, Indoor facility"
內獅國小,屏東縣獅子鄉,內獅村1號,22.3052,120.6427,True,屏東（枋山）,56,5.008048468950866,Medium Risk,"Nearest AQI station (屏東（枋山）) AQI: 56, Indoor facility"
加祿國民小學,屏東縣枋山鄉,會社28號,22.3302,120.6211,False,屏東（枋山）,56,8.315354935973097,Warning,"Nearest AQI station (屏東（枋山）) AQI: 56, Outdoor facility"
老人文康活動中心,屏東縣枋寮鄉,海邊路6號,22.3562,120.5997,True,屏東（枋山）,56,11.860076545144027,Medium Risk,"Nearest AQI station (屏東（枋山）) AQI: 56, Indoor facility"
古華社區活動中心,屏東縣春日鄉,古華路6鄰2巷46號,22.3596,120.6281,True,屏東（枋山）,56,11.235319414904456,Medium Risk,"Nearest AQI station (屏東（枋山）) AQI: 56, Indoor facility"
古華國民小學,屏東縣春日鄉,3巷63號,22.361,120.626,False,屏東（枋山）,56,11.434993268633722,Warning,"Nearest AQI station (屏東（枋山）) AQI: 56, Outdoor facility"
僑德國小,屏東縣枋寮鄉,僑德路186號,22.3631,120.6,True,屏東（枋山）,56,12.537219973731375,Medium Risk,"Nearest AQI station (屏東（枋山）) AQI: 56, Indoor facility"
枋寮國小,屏東縣枋寮鄉,德興路197號,22.3678,120.5908,True,屏東（枋山）,56,13.42571671420782,Medium Risk,"Nearest AQI station (屏東（枋山）) AQI: 56, Indoor facility"
士文聚會所,屏東縣春日鄉,64-2號,22.3685,120.6639,False,屏東（枋山）,56,12.032792902573208,Warning,"Nearest AQI station (屏東（枋山）) AQI: 56, Outdoor facility"
古華國民小學-士文分校,屏東縣春日鄉,65號,22.3689,120.6635,False,屏東（枋山）,56,12.072733475921972,Warning,"Nearest AQI station (屏東（枋山）) AQI: 56, Outdoor facility"
春日社區活動中心,屏東縣春日鄉,春日路13號,22.3703,120.6243,True,屏東（枋山）,56,12.481820855419214,Medium Risk,"Nearest AQI station (屏東（枋山）) AQI: 56, Indoor facility"
春日國民小學,屏東縣春日鄉,春日路314號,22.3703,120.627,False,屏東（枋山）,56,12.42257462519187,Warning,"Nearest AQI station (屏東（枋山）) AQI: 56, Outdoor facility"
枋寮高中,屏東縣枋寮鄉,義民路3號,22.3711,120.5908,True,屏東（枋山）,56,13.751625098551875,Medium Risk,"Nearest AQI station (屏東（枋山）) AQI: 56, Indoor facility"
建興國小,屏東縣枋寮鄉,建興路39號,22.387,120.6019,True,屏東（枋山）,56,14.920143116740146,Medium Risk,"Nearest AQI station (屏東（枋山）) AQI: 56, Indoor facility"
東海國小,屏東縣枋寮鄉,東海路486號,22.4013,120.5773,True,潮州,86,13.645410438505694,Medium Risk,"Nearest AQI station (潮州) AQI: 86, Indoor facility"
東海國小太源分校,屏東縣枋寮鄉,太源路2-10號,22.4082,120.593,True,潮州,86,13.189041178169973,Medium Risk,"Nearest AQI station (潮州) AQI: 86, Indoor facility"
國立佳冬高農,屏東縣佳冬鄉,佳農街17號,22.409,120.5584,False,潮州,86,12.691434401712236,Warning,"Nearest AQI station (潮州) AQI: 86, Outdoor facility"
佳冬鄉立幼兒園,屏東縣佳冬鄉,文化一路240號,22.423,120.5669,False,潮州,86,11.147033949697203,Warning,"Nearest AQI station (潮州) AQI: 86, Outdoor facility"
力里國民小學,屏東縣春日鄉,自強1路92號,22.4277,120.629,False,潮州,86,12.693096067754757,Warning,"Nearest AQI station (潮州) AQI: 86, Outdoor facility"
春日鄉立老人文康中心,屏東縣春日鄉,9鄰自強1路18號,22.428,120.6279,False,潮州,86,12.603387086913639,Warning,"Nearest AQI station (潮州) AQI: 86, Outdoor facility"
佳冬國中,屏東縣佳冬鄉,大同路1號,22.4285,120.5668,True,潮州,86,10.535794150042905,Medium Risk,"Nearest AQI station (潮州) AQI: 86, Indoor facility"
屏東縣林邊鄉崎峰活動中心,屏東縣林邊鄉,成功路600號,22.4298,120.4902,True,林園,82,9.774180963525815,Medium Risk,"Nearest AQI station (林園) AQI: 82, Indoor facility"
來義鄉文物館,屏東縣來義鄉,19鄰289號,22.435,120.6379,False,潮州,86,12.574948585990388,Warning,"Nearest AQI station (潮州) AQI: 86, Outdoor facility"
南和國小,屏東縣來義鄉,51號,22.4364,120.6426,True,潮州,86,12.765166256671327,Medium Risk,"Nearest AQI station (潮州) AQI: 86, Indoor facility"
屏東縣林邊鄉仁和國民小學,屏東縣林邊鄉,中山路417號,22.4374,120.5114,False,潮州,86,10.815777922272934,Warning,"Nearest AQI station (潮州) AQI: 86, Outdoor facility"
大潭國小,屏東縣東港鎮,大潭路93號,22.456799,120.495771,True,林園,82,8.994970592465611,Medium Risk,"Nearest AQI station (林園) AQI: 82, Indoor facility"
以栗國小,屏東縣東港鎮,船頭路25號,22.4624,120.4629,True,林園,82,5.589155677422658,Medium Risk,"Nearest AQI station (林園) AQI: 82, Indoor facility"
東隆宮香客大樓,屏東縣東港鎮,東隆街21-1號,22.4631,120.4488,False,林園,82,4.221192604709608,Warning,"Nearest AQI station (林園) AQI: 82, Outdoor facility"
東隆國小,屏東縣東港鎮,共和街45號,22.463386,120.449937,True,林園,82,4.3135410035948505,Medium Risk,"Nearest AQI station (林園) AQI: 82, Indoor facility"
望嘉警察派出所,屏東縣來義鄉,114-1號,22.4636,120.6218,False,潮州,86,9.087180552862577,Warning,"Nearest AQI station (潮州) AQI: 86, Outdoor facility"
屏東縣林邊鄉竹林國民小學,屏東縣林邊鄉,中興122號,22.4642,120.5331,False,潮州,86,7.157179320118496,Warning,"Nearest AQI station (潮州) AQI: 86, Outdoor facility"
東港高中,屏東縣東港鎮,船頭路1號,22.4652,120.4555,True,林園,82,4.7683015860801525,Medium Risk,"Nearest AQI station (林園) AQI: 82, Indoor facility"
東光國小,屏東縣東港鎮,長春二路15號,22.4694,120.4596,True,林園,82,5.043209911709688,Medium Risk,"Nearest AQI station (林園) AQI: 82, Indoor facility"
東港國小,屏東縣東港鎮,中正路一段10號,22.4707,120.4547,True,林園,82,4.520260029573239,Medium Risk,"Nearest AQI station (林園) AQI: 82, Indoor facility"
新埤鄉立幼兒園,屏東縣新埤鄉,民眾路103號,22.4754,120.611,False,潮州,86,7.371685543049705,Warning,"Nearest AQI station (潮州) AQI: 86, Outdoor facility"
東興國小,屏東縣東港鎮,興東路43-1號,22.4784,120.4657,True,林園,82,5.5445145119565,Medium Risk,"Nearest AQI station (林園) AQI: 82, Indoor facility"
新埤國小,屏東縣新埤鄉,新華路165號,22.4844,120.5653,True,潮州,86,4.324942673071837,Medium Risk,"Nearest AQI station (潮州) AQI: 86, Indoor facility"
高雄市立中芸國民中學,高雄市林園區,中芸路3-100號,22.485875,120.395311,False,林園,82,1.8317258431369172,Warning,"Nearest AQI station (林園) AQI: 82, Outdoor facility"
中芸國小,高雄市林園區,中芸路1號,22.4871,120.3967,True,林園,82,1.762145422048506,Medium Risk,"Nearest AQI station (林園) AQI: 82, Indoor facility"
烏龍國小,屏東縣新園鄉,南興路217號,22.4877,120.4581,True,林園,82,4.8486376926190715,Medium Risk,"Nearest AQI station (林園) AQI: 82, Indoor facility"
鹽洲國小,屏東縣新園鄉,鹽洲路379號,22.4883,120.4408,True,林園,82,3.140983044379574,Medium Risk,"Nearest AQI station (林園) AQI: 82, Indoor facility"
溪北社區活動中心,屏東縣南州鄉,仁里路93號,22.4945,120.5111,True,潮州,86,6.048058589149722,Medium Risk,"Nearest AQI station (潮州) AQI: 86, Indoor facility"
溪北國小,屏東縣南州鄉,仁里路102號,22.4957,120.5111,True,潮州,86,5.978935020215919,Medium Risk,"Nearest AQI station (潮州) AQI: 86, Indoor facility"
文樂活動中心,屏東縣來義鄉,新樂路1號,22.4999,120.6243,True,潮州,86,6.978981512579241,Medium Risk,"Nearest AQI station (潮州) AQI: 86, Indoor facility"
高雄市林園區港埔國民小學,高雄市林園區,校前路1號,22.504297,120.378585,False,林園,82,4.383166941412774,Warning,"Nearest AQI station (林園) AQI: 82, Outdoor facility"
高雄市林園區王公國民小學,高雄市林園區,王公二路100號,22.504698,120.388254,False,林園,82,3.6983095282346556,Warning,"Nearest AQI station (林園) AQI: 82, Outdoor facility"
高雄市林園區林園國民小學,高雄市林園區,忠孝西路20號,22.506778,120.394303,False,林園,82,3.5232035383393754,Warning,"Nearest AQI station (林園) AQI: 82, Outdoor facility"
林園區長青文康活動中心,高雄市林園區,林園北路191號,22.5087,120.3945,True,林園,82,3.6990444917642002,Medium Risk,"Nearest AQI station (林園) AQI: 82, Indoor facility"
港西國小,屏東縣新園鄉,中和路101號,22.5087,120.4556,True,林園,82,5.5530835347453325,Medium Risk,"Nearest AQI station (林園) AQI: 82, Indoor facility"
來義鄉新來義部落多功能活動中心,屏東縣來義鄉,來新路21號,22.5087,120.5825,True,潮州,86,2.7138382942163544,Medium Risk,"Nearest AQI station (潮州) AQI: 86, Indoor facility"
潮南國小,屏東縣潮州鎮,興美路24號,22.512958,120.534672,True,潮州,86,2.947000623918306,Medium Risk,"Nearest AQI station (潮州) AQI: 86, Indoor facility"
南榮國中,屏東縣崁頂鄉,田寮路1-15號,22.5134,120.5184,True,潮州,86,4.524390386317785,Medium Risk,"Nearest AQI station (潮州) AQI: 86, Indoor facility"
崁頂國小,屏東縣崁頂鄉,中正路119號,22.5141,120.5118,True,潮州,86,5.1696121849647,Medium Risk,"Nearest AQI station (潮州) AQI: 86, Indoor facility"
高雄市小港區鳳鳴國民小學,高雄市小港區,鳳鳴路191號,22.515082,120.357564,False,小港,88,5.999418876490711,Warning,"Nearest AQI station (小港) AQI: 88, Outdoor facility"
崁頂老人文康中心,屏東縣崁頂鄉,興農路29-12號,22.5152,120.5069,False,潮州,86,5.643859091950845,Warning,"Nearest AQI station (潮州) AQI: 86, Outdoor facility"
高雄市立林園高級中學,高雄市林園區,林園北路481號,22.516726,120.395661,False,林園,82,4.457139360822335,Warning,"Nearest AQI station (林園) AQI: 82, Outdoor facility"
丹林活動中心,屏東縣來義鄉,丹林路25-1號,22.5174,120.6348,True,潮州,86,7.589028831714767,Medium Risk,"Nearest AQI station (潮州) AQI: 86, Indoor facility"
高雄市小港區鳳林國民中學,高雄市小港區,龍鳳路559號,22.52185,120.348385,False,小港,88,5.011471406976801,Warning,"Nearest AQI station (小港) AQI: 88, Outdoor facility"
潮東國小,屏東縣潮州鎮,復興路66號,22.52309297,120.5609105,True,潮州,86,0.027219090916077833,Medium Risk,"Nearest AQI station (潮州) AQI: 86, Indoor facility"
新園國小,屏東縣新園鄉,媽祖路49號,22.5241,120.4519,True,大寮,82,5.222547270481563,Medium Risk,"Nearest AQI station (大寮) AQI: 82, Indoor facility"
歷坵活動中心 Liqiu Activity Center,臺東縣金峰鄉,"1鄰12號No.12,Liqiu,Jinfeng Township,Taitung County 964,TaiwanR.O.C.",22.526384,120.926439,False,臺東,28,34.303886060748624,Low Risk,
古樓國小,屏東縣來義鄉,育英路2號,22.5275,120.6258,True,潮州,86,6.6556988061458915,Medium Risk,"Nearest AQI station (潮州) AQI: 86, Indoor facility"
高雄市林園區金潭國民小學,高雄市林園區,金潭路40號,22.528055,120.396078,False,大寮,82,5.010907280012221,Warning,"Nearest AQI station (大寮) AQI: 82, Outdoor facility"
金崙溫泉長老教會,臺東縣太麻里鄉,16鄰40號,22.530918,120.937667,True,臺東,28,33.16127475646078,Low Risk,
賓茂國小 Binmao Elementary School,臺東縣金峰鄉,"68號No.68,Binmao,Jinfeng Township,Taitung County 964,TaiwanR.O.C.",22.532403,120.95583,False,臺東,28,31.835834528672667,Low Risk,
賓茂活動中心 Binmao Activity Center,臺東縣金峰鄉,"1鄰3-2號No.3-2,Binmao,Jinfeng Township,Taitung County 964,TaiwanR.O.C.",22.532592,120.961712,True,臺東,28,31.44408538426808,Low Risk,
金崙活動中心,臺東縣太麻里鄉,太麻里鄉6鄰金崙283號,22.533379,120.964363,False,臺東,28,31.207946758394506,Low Risk,
光春國中,屏東縣潮州鎮,光春路290號,22.534662,120.539763,True,潮州,86,2.5469785060214165,Medium Risk,"Nearest AQI station (潮州) AQI: 86, Indoor facility"
力社國小,屏東縣崁頂鄉,力社路36號,22.5388,120.5092,True,潮州,86,5.616164983691618,Medium Risk,"Nearest AQI station (潮州) AQI: 86, Indoor facility"
義仁里社區活動中心,高雄市大寮區,鳳林一路48號,22.539227,120.403252,False,大寮,82,3.5781479435116257,Warning,"Nearest AQI station (大寮) AQI: 82, Outdoor facility"
光春國小,屏東縣潮州鎮,志成路201號,22.540379,120.536872,True,潮州,86,3.1493793809242607,Medium Risk,"Nearest AQI station (潮州) AQI: 86, Indoor facility"
高雄市大寮區昭明國小,高雄市大寮區,鳳林一路300巷80號,22.54239,120.408514,False,大寮,82,2.970233878917588,Warning,"Nearest AQI station (大寮) AQI: 82, Outdoor facility"
新園鄉公所,屏東縣新園鄉,仙吉路148號,22.5438,120.4615,False,大寮,82,4.350173899402546,Warning,"Nearest AQI station (大寮) AQI: 82, Outdoor facility"
仙吉國小,屏東縣新園鄉,仙吉路91號,22.5443,120.4611,True,大寮,82,4.286257062059539,Medium Risk,"Nearest AQI station (大寮) AQI: 82, Indoor facility"
四林國小,屏東縣潮州鎮,開元路2巷1號,22.544592,120.569267,True,潮州,86,2.5293508672135125,Medium Risk,"Nearest AQI station (潮州) AQI: 86, Indoor facility"
新園國中,屏東縣新園鄉,仙吉路111號,22.5452,120.461,True,大寮,82,4.226710722383326,Medium Risk,"Nearest AQI station (大寮) AQI: 82, Indoor facility"
光華國小,屏東縣潮州鎮,南進路2號,22.547268,120.543657,True,潮州,86,3.2332895593104793,Medium Risk,"Nearest AQI station (潮州) AQI: 86, Indoor facility"
鎮立幼兒園,屏東縣潮州鎮,三星路39-2號,22.547719,120.550815,False,潮州,86,2.9361902608252906,Warning,"Nearest AQI station (潮州) AQI: 86, Outdoor facility"
潮州國小,屏東縣潮州鎮,育英路31號,22.548406,120.541139,False,潮州,86,3.485323537778813,Warning,"Nearest AQI station (潮州) AQI: 86, Outdoor facility"
佳佐國小中興分校,屏東縣萬巒鄉,中興路27號,22.5491,120.6123,True,潮州,86,5.993609893163287,Medium Risk,"Nearest AQI station (潮州) AQI: 86, Indoor facility"
瓦?國小,屏東縣新園鄉,四環路3號,22.5523,120.4747,True,大寮,82,5.239616695414105,Medium Risk,"Nearest AQI station (大寮) AQI: 82, Indoor facility"
平和活動中心,屏東縣泰武鄉,1鄰1號,22.5527,120.6293,True,潮州,86,7.731741107159376,Medium Risk,"Nearest AQI station (潮州) AQI: 86, Indoor facility"
潮州國中,屏東縣潮州鎮,文化路66號,22.554008,120.542947,True,潮州,86,3.9128188232873633,Medium Risk,"Nearest AQI station (潮州) AQI: 86, Indoor facility"
會結里社區活動中心,高雄市大寮區,會結路14-3號,22.554827,120.424982,False,大寮,82,1.0356769660483125,Warning,"Nearest AQI station (大寮) AQI: 82, Outdoor facility"
潮和國小,屏東縣潮州鎮,華嚴街1號,22.556803,120.538038,True,潮州,86,4.436682740615184,Medium Risk,"Nearest AQI station (潮州) AQI: 86, Indoor facility"
潮昇國小,屏東縣潮州鎮,北門路25號,22.557031,120.547724,True,潮州,86,4.017067033981579,Medium Risk,"Nearest AQI station (潮州) AQI: 86, Indoor facility"
新厝里社區活動中心,高雄市大寮區,新三街50號,22.560361,120.40918,False,大寮,82,1.7087652167691179,Warning,"Nearest AQI station (大寮) AQI: 82, Outdoor facility"
高雄市小港區小港國民小學,高雄市小港區,平和路1號,22.56103,120.336089,False,小港,88,0.5602066148342933,Warning,"Nearest AQI station (小港) AQI: 88, Outdoor facility"
志成佛寺,屏東縣萬巒鄉,永康路31號,22.5614,120.5629,False,潮州,86,4.26155998461436,Warning,"Nearest AQI station (潮州) AQI: 86, Outdoor facility"
高雄市小港區鳳陽國民小學,高雄市小港區,鳳陽街2號,22.561551,120.370393,False,小港,88,3.3869646257737758,Warning,"Nearest AQI station (小港) AQI: 88, Outdoor facility"
潮寮老人活動中心,高雄市大寮區,潮龍路151號,22.562091,120.430298,False,大寮,82,0.5603065807374787,Warning,"Nearest AQI station (大寮) AQI: 82, Outdoor facility"
新庄國小,屏東縣萬丹鄉,屏東縣萬丹鄉新庄村新鐘路410號,22.5622,120.4803,True,大寮,82,5.650578840032641,Medium Risk,"Nearest AQI station (大寮) AQI: 82, Indoor facility"
高雄市立潮寮國民中學,高雄市大寮區,潮寮路51-9號,22.563415,120.425175,False,大寮,82,0.08139076565133548,Warning,"Nearest AQI station (大寮) AQI: 82, Outdoor facility"
高雄市小港區二苓國民小學,高雄市小港區,立群路6號,22.5638,120.3533,False,小港,88,1.6140595559770317,Warning,"Nearest AQI station (小港) AQI: 88, Outdoor facility"
高雄市立小港高級中學,高雄市小港區,學府路117號,22.565249,120.357413,False,小港,88,2.021516472455175,Warning,"Nearest AQI station (小港) AQI: 88, Outdoor facility"
高雄市大寮區潮寮國小,高雄市大寮區,潮寮路61號,22.565716,120.425144,False,大寮,82,0.17651068752865268,Warning,"Nearest AQI station (大寮) AQI: 82, Outdoor facility"
國立高雄餐旅大學附屬餐旅高級中等學校,高雄市小港區,松和路40號,22.566216,120.371763,False,小港,88,3.49420679686986,Warning,"Nearest AQI station (小港) AQI: 88, Outdoor facility"
高雄市小港區漢民國民小學,高雄市小港區,漢民路500號,22.566473,120.35926,False,小港,88,2.2112624274850305,Warning,"Nearest AQI station (小港) AQI: 88, Outdoor facility"
高雄市立中山國民中學,高雄市小港區,漢民路352號,22.56665,120.356421,False,小港,88,1.920752518585768,Warning,"Nearest AQI station (小港) AQI: 88, Outdoor facility"
高雄市立小港國民中學,高雄市小港區,平和南路185號,22.566732,120.338056,False,小港,88,0.10522595144620477,Warning,"Nearest AQI station (小港) AQI: 88, Outdoor facility"
高雄市小港區華山國民小學,高雄市小港區,華仁街1號,22.5677,120.3657,False,小港,88,2.8788681985059092,Warning,"Nearest AQI station (小港) AQI: 88, Outdoor facility"
高雄市小港區港和國民小學,高雄市小港區,平和南路300號,22.5681,120.3379,False,小港,88,0.2526407442248783,Warning,"Nearest AQI station (小港) AQI: 88, Outdoor facility"
佳興活動中心,屏東縣泰武鄉,1鄰1號,22.5703,120.6631,True,潮州,86,11.708992538352764,Medium Risk,"Nearest AQI station (潮州) AQI: 86, Indoor facility"
佳佐國小,屏東縣萬巒鄉,佳興路59號,22.5712,120.5956,True,潮州,86,6.410539158783616,Medium Risk,"Nearest AQI station (潮州) AQI: 86, Indoor facility"
萬巒鄉公所展覽廳,屏東縣萬巒鄉,中正路36號,22.5725,120.5678,False,潮州,86,5.534119930413018,Warning,"Nearest AQI station (潮州) AQI: 86, Outdoor facility"
高雄市前鎮區佛公國民小學,高雄市前鎮區,后平路135號,22.572651,120.320909,False,小港,88,1.8867939199535257,Warning,"Nearest AQI station (小港) AQI: 88, Outdoor facility"
萬巒國小,屏東縣萬巒鄉,褒忠路28號,22.5727,120.5723,True,潮州,86,5.63148656370131,Medium Risk,"Nearest AQI station (潮州) AQI: 86, Indoor facility"
大明國小,屏東縣竹田鄉,洲中路40號,22.5756,120.5251,True,潮州,86,6.913280890801601,Medium Risk,"Nearest AQI station (潮州) AQI: 86, Indoor facility"
過溪里社區活動中心,高雄市大寮區,過溪路130號,22.576183,120.418885,False,大寮,82,1.4932362794087657,Warning,"Nearest AQI station (大寮) AQI: 82, Outdoor facility"
武潭活動中心,屏東縣泰武鄉,潭北巷51號,22.578,120.6361,True,潮州,86,9.821266715092701,Medium Risk,"Nearest AQI station (潮州) AQI: 86, Indoor facility"
西方道堂,屏東縣萬巒鄉,富山路1號,22.5802,120.6297,False,潮州,86,9.477376309298975,Warning,"Nearest AQI station (潮州) AQI: 86, Outdoor facility"
高雄市前鎮區明正國民小學,高雄市前鎮區,明道路2號,22.580243,120.326581,False,小港,88,1.969584774911237,Warning,"Nearest AQI station (小港) AQI: 88, Outdoor facility"
高雄市立明義國民中學,高雄市小港區,明義街2號,22.582027,120.368282,False,小港,88,3.616499609970809,Warning,"Nearest AQI station (小港) AQI: 88, Outdoor facility"
清山寺,高雄市大寮區,拷潭路126-1號,22.582377,120.385461,False,大寮,82,4.5667886218234015,Warning,"Nearest AQI station (大寮) AQI: 82, Outdoor facility"
萬丹國小,屏東縣萬丹鄉,屏東縣萬丹鄉寶厝村萬新路1497號,22.5826,120.4887,True,大寮,82,6.824679392012139,Medium Risk,"Nearest AQI station (大寮) AQI: 82, Indoor facility"
竹田國小,屏東縣竹田鄉,公正路35號,22.5828,120.544,True,潮州,86,6.86778214004345,Medium Risk,"Nearest AQI station (潮州) AQI: 86, Indoor facility"
高雄市小港區桂林國民小學,高雄市小港區,桂陽路390號,22.583128,120.350425,False,小港,88,2.322883252103929,Warning,"Nearest AQI station (小港) AQI: 88, Outdoor facility"
高雄市立前鎮國民中學,高雄市前鎮區,新衙路17號,22.583367,120.321031,False,小港,88,2.596762171280456,Warning,"Nearest AQI station (小港) AQI: 88, Outdoor facility"
高雄市小港區明義國民小學,高雄市小港區,明義街77號,22.5834,120.3678,False,小港,88,3.6529611116505176,Warning,"Nearest AQI station (小港) AQI: 88, Outdoor facility"
竹田鄉公所,屏東縣竹田鄉,中正路123號,22.5847,120.544,False,潮州,86,7.072171922381801,Warning,"Nearest AQI station (潮州) AQI: 86, Outdoor facility"
富翔天廈,高雄市大寮區,拷潭路163-1號,22.584752,120.380306,False,小港,88,4.850770869277953,Warning,"Nearest AQI station (小港) AQI: 88, Outdoor facility"
高雄市前鎮區前鎮國民小學,高雄市前鎮區,新生路200號,22.585437,120.308702,False,前鎮,84,2.114565290953435,Warning,"Nearest AQI station (前鎮) AQI: 84, Outdoor facility"
高雄市立興仁國民中學,高雄市前鎮區,德昌路345號,22.5863,120.3139,False,前鎮,84,2.097606003099793,Warning,"Nearest AQI station (前鎮) AQI: 84, Outdoor facility"
高雄市立前鎮高級中學,高雄市前鎮區,鎮中路132號,22.586862,120.32001,False,前鎮,84,2.2938895550046134,Warning,"Nearest AQI station (前鎮) AQI: 84, Outdoor facility"
香蘭國小,臺東縣太麻里鄉,舊香蘭四鄰28號,22.587759,120.993452,False,臺東,28,24.633066720059276,Low Risk,
高雄市旗津區大汕國民小學,高雄市旗津區,中洲二路203號,22.5879,120.2877,False,前鎮,84,2.8060245230238086,Warning,"Nearest AQI station (前鎮) AQI: 84, Outdoor facility"
高雄市立旗津國民中學,高雄市旗津區,中洲二路207號,22.5885,120.286,False,前鎮,84,2.898696387689566,Warning,"Nearest AQI station (前鎮) AQI: 84, Outdoor facility"
萬巒鄉立幼兒園泗溝分班,屏東縣萬巒鄉,永平路53-1號,22.5885,120.58,False,潮州,86,7.523840275122749,Warning,"Nearest AQI station (潮州) AQI: 86, Outdoor facility"
圖書館,屏東縣萬丹鄉,屏東縣萬丹鄉和平西路157號,22.589,120.4849,True,大寮,82,6.713901592290472,Medium Risk,"Nearest AQI station (大寮) AQI: 82, Indoor facility"
萬丹鄉行政中心,屏東縣萬丹鄉,屏東縣萬丹鄉和平西路155號,22.5894,120.485,False,大寮,82,6.741663401494986,Warning,"Nearest AQI station (大寮) AQI: 82, Outdoor facility"
高雄市旗津區公所5樓大禮堂,高雄市旗津區,旗津三路2號5樓,22.589974,120.284774,False,前鎮,84,2.905306721456539,Warning,"Nearest AQI station (前鎮) AQI: 84, Outdoor facility"
佛聖宮,高雄市大寮區,內坑路148號,22.590008,120.381144,False,鳳山,82,4.888210297903231,Warning,"Nearest AQI station (鳳山) AQI: 82, Outdoor facility"
高雄市鳳山區過埤國民小學,高雄市鳳山區,過埤路176號,22.590382,120.362405,False,小港,88,3.723791828432164,Warning,"Nearest AQI station (小港) AQI: 88, Outdoor facility"
高雄市立福誠高級中學,高雄市鳳山區,五甲三路176號,22.590487,120.323885,False,前鎮,84,2.2270183518165707,Warning,"Nearest AQI station (前鎮) AQI: 84, Outdoor facility"
高雄市前鎮區鎮昌國民小學,高雄市前鎮區,樹人路261號,22.590548,120.317983,False,前鎮,84,1.8360590267622767,Warning,"Nearest AQI station (前鎮) AQI: 84, Outdoor facility"
五溝國小,屏東縣萬巒鄉,西盛路89號,22.5908,120.594,True,潮州,86,8.247287933742399,Medium Risk,"Nearest AQI station (潮州) AQI: 86, Indoor facility"
高雄市大寮區大寮國民小學,高雄市大寮區,大寮路740號,22.590861,120.416445,False,大寮,82,3.1079704869867966,Warning,"Nearest AQI station (大寮) AQI: 82, Outdoor facility"
佳平活動中心,屏東縣泰武鄉,佳平巷12號,22.591406,120.628948,True,潮州,86,10.300930851702804,Medium Risk,"Nearest AQI station (潮州) AQI: 86, Indoor facility"
大寮里社區活動中心,高雄市大寮區,大寮路781號,22.591471,120.416643,False,大寮,82,3.167113857066021,Warning,"Nearest AQI station (大寮) AQI: 82, Outdoor facility"
泰武國中,屏東縣泰武鄉,5鄰120號,22.5915,120.6333,True,潮州,86,10.615464801993356,Medium Risk,"Nearest AQI station (潮州) AQI: 86, Indoor facility"
澳洲特區,高雄市大寮區,仁德路16巷31弄12號,22.591949,120.396834,False,大寮,82,4.255955702064009,Warning,"Nearest AQI station (大寮) AQI: 82, Outdoor facility"
荷蘭町,高雄市大寮區,仁德路10號之1,22.591993,120.399701,False,大寮,82,4.063098856383774,Warning,"Nearest AQI station (大寮) AQI: 82, Outdoor facility"
興華國小,屏東縣萬丹鄉,屏東縣萬丹鄉崙頂村崙頂路860號,22.5929,120.4615,True,大寮,82,4.90260103573076,Medium Risk,"Nearest AQI station (大寮) AQI: 82, Indoor facility"
高雄市政府社會局無障礙之家,高雄市前鎮區,翠亨北路392號,22.5941,120.3153,False,前鎮,84,1.35503449412083,Warning,"Nearest AQI station (前鎮) AQI: 84, Outdoor facility"
高雄市鳳山區南成國民小學,高雄市鳳山區,南和街101號,22.594316,120.335487,False,復興,87,2.892557756058579,Warning,"Nearest AQI station (復興) AQI: 87, Outdoor facility"
龍成宮,高雄市鳳山區,五甲二路730巷6號,22.5945,120.3283,False,復興,87,2.3002230691590064,Warning,"Nearest AQI station (復興) AQI: 87, Outdoor facility"
米蘭特區,高雄市大寮區,內坑路108-67號,22.594653,120.388157,False,鳳山,82,4.879216965355174,Warning,"Nearest AQI station (鳳山) AQI: 82, Outdoor facility"
四維國小,屏東縣萬丹鄉,屏東縣萬丹鄉四維村四維東路567號,22.595,120.49,True,大寮,82,7.475988971725701,Medium Risk,"Nearest AQI station (大寮) AQI: 82, Indoor facility"
僑智國小,屏東縣內埔鄉,學人路55號,22.595,120.5566,True,潮州,86,8.007818114439813,Medium Risk,"Nearest AQI station (潮州) AQI: 86, Indoor facility"
萬金天主教堂,屏東縣萬巒鄉,萬興路24號,22.5951,120.6112,False,潮州,86,9.511579349164776,Warning,"Nearest AQI station (潮州) AQI: 86, Outdoor facility"
嘉蘭國小 Jialan Elementary School,臺東縣金峰鄉,"3鄰132號No.132,Jialan,Jinfeng Township,Taitung County 964,TaiwanR.O.C.",22.595308,120.961523,True,臺東,28,26.31463348384864,Low Risk,
高雄市鳳山區鳳翔國民小學,高雄市鳳山區,鳳育路63號,22.595332,120.340798,False,小港,88,3.2951701383580643,Warning,"Nearest AQI station (小港) AQI: 88, Outdoor facility"
高雄市立鳳翔國民中學,高雄市鳳山區,保義街100號,22.59641,120.348197,False,小港,88,3.5656135452407716,Warning,"Nearest AQI station (小港) AQI: 88, Outdoor facility"
萬丹國中,屏東縣萬丹鄉,屏東縣萬丹鄉萬丹路2段5號,22.5966,120.4881,True,大寮,82,7.388471553675459,Medium Risk,"Nearest AQI station (大寮) AQI: 82, Indoor facility"
嘉蘭村活動中心 Jialan Activity Center,臺東縣金峰鄉,"4鄰嘉蘭219號No.9,Jialan,Jinfeng Township,Taitung County 964,TaiwanR.O.C.",22.596696,120.959985,True,臺東,28,26.327340520327102,Low Risk,
高雄市鳳山區福誠國民小學,高雄市鳳山區,忠誠路145號,22.596813,120.325055,False,復興,87,1.8819277300813961,Warning,"Nearest AQI station (復興) AQI: 87, Outdoor facility"
高雄市立五甲國民中學,高雄市鳳山區,龍成路111號,22.598112,120.328691,False,復興,87,2.0781561151749752,Warning,"Nearest AQI station (復興) AQI: 87, Outdoor facility"
高雄市鳳山區中崙國民小學,高雄市鳳山區,中崙四路25號,22.599431,120.350798,False,鳳山,82,3.262378371197666,Warning,"Nearest AQI station (鳳山) AQI: 82, Outdoor facility"
大發公有市場3樓,高雄市大寮區,鳳林三路315之22號,22.600592,120.397972,False,大寮,82,4.930632704142935,Warning,"Nearest AQI station (大寮) AQI: 82, Outdoor facility"
高雄市前鎮區瑞祥國民小學,高雄市前鎮區,班超路20號,22.600692,120.326798,False,復興,87,1.7599179790234092,Warning,"Nearest AQI station (復興) AQI: 87, Outdoor facility"
高雄市旗津區中洲國民小學,高雄市旗津區,旗津三路275號,22.6008,120.2764,False,前鎮,84,3.303157057848306,Warning,"Nearest AQI station (前鎮) AQI: 84, Outdoor facility"
高雄市立瑞祥高級中學,高雄市前鎮區,班超路63號,22.602208,120.324758,False,復興,87,1.4944750932895823,Warning,"Nearest AQI station (復興) AQI: 87, Outdoor facility"
高雄市立大寮幼兒園,高雄市大寮區,上寮路208之25號,22.602808,120.422136,False,大寮,82,4.3124555493465895,Warning,"Nearest AQI station (大寮) AQI: 82, Outdoor facility"
高雄市立大寮國民中學,高雄市大寮區,進學路150號,22.602926,120.39266,False,鳳山,82,4.575421250356805,Warning,"Nearest AQI station (鳳山) AQI: 82, Outdoor facility"
高雄市立中崙國民中學,高雄市鳳山區,中崙二路487號,22.603304,120.353555,False,鳳山,82,2.788475367404434,Warning,"Nearest AQI station (鳳山) AQI: 82, Outdoor facility"
三隆里社區活動中心,高雄市大寮區,正隆街45號,22.60349,120.406342,False,大寮,82,4.789758108926379,Warning,"Nearest AQI station (大寮) AQI: 82, Outdoor facility"
高雄市鳳山區正義國民小學,高雄市鳳山區,南昌街55號,22.603997,120.340127,False,復興,87,2.9327581368620126,Warning,"Nearest AQI station (復興) AQI: 87, Outdoor facility"
正興村活動中心Zhengxing Activity Center,臺東縣金峰鄉,"2鄰28號No.28,Zhengxing,Jinfeng Township,Taitung County 964,TaiwanR.O.C.",22.604086,120.996484,True,臺東,28,23.075128044392436,Low Risk,
泰武活動中心,屏東縣泰武鄉,大武山一街30號,22.6046,120.6117,True,潮州,86,10.441589552104631,Medium Risk,"Nearest AQI station (潮州) AQI: 86, Indoor facility"
高雄市立獅甲國民中學,高雄市前鎮區,中山三路43號,22.6051,120.3083,False,前鎮,84,0.07228101019348224,Warning,"Nearest AQI station (前鎮) AQI: 84, Outdoor facility"
竹田鄉立幼兒園,屏東縣竹田鄉,龍崗路130號,22.60513,120.5476216,False,潮州,86,9.22600067661751,Warning,"Nearest AQI station (潮州) AQI: 86, Outdoor facility"
高雄市大寮區永芳國民小學,高雄市大寮區,鳳林三路499號,22.605277,120.395195,False,鳳山,82,4.635464587219007,Warning,"Nearest AQI station (鳳山) AQI: 82, Outdoor facility"
高雄市前鎮區瑞豐國民小學,高雄市前鎮區,瑞隆路100號,22.6061,120.337,False,復興,87,2.5809059588197947,Warning,"Nearest AQI station (復興) AQI: 87, Outdoor facility"
金湯營區,高雄市鳳山區,凱旋路1號,22.6077,120.3623,False,鳳山,82,2.325800734866326,Warning,"Nearest AQI station (鳳山) AQI: 82, Outdoor facility"
中正營區,高雄市鳳山區,凱旋路1號,22.6077,120.3623,False,鳳山,82,2.325800734866326,Warning,"Nearest AQI station (鳳山) AQI: 82, Outdoor facility"
高雄市大寮區山頂國民小學,高雄市大寮區,山頂路211號,22.607807,120.388806,False,鳳山,82,3.934693250639434,Warning,"Nearest AQI station (鳳山) AQI: 82, Outdoor facility"
高雄市前鎮區復興國民小學,高雄市前鎮區,民權二路331號,22.608203,120.311425,False,復興,87,0.08296764210171982,Warning,"Nearest AQI station (復興) AQI: 87, Outdoor facility"
高雄市前鎮區樂群國民小學,高雄市前鎮區,育樂路61號,22.608234,120.322489,False,復興,87,1.0762582588077847,Warning,"Nearest AQI station (復興) AQI: 87, Outdoor facility"
山頂里社區活動中心,高雄市大寮區,山頂路178號,22.608247,120.388518,False,鳳山,82,3.882461833669001,Warning,"Nearest AQI station (鳳山) AQI: 82, Outdoor facility"
高雄市前鎮區民權國民小學,高雄市前鎮區,沱江街200號,22.608482,120.314444,False,復興,87,0.25042919318935153,Warning,"Nearest AQI station (復興) AQI: 87, Outdoor facility"
高雄市旗津區旗津國民小學,高雄市旗津區,中洲三路623號,22.609,120.2715,False,前金,88,3.181404155140106,Warning,"Nearest AQI station (前金) AQI: 88, Outdoor facility"
高雄市竹西里活動中心,高雄市前鎮區,廣東三街73號3樓,22.60930404,120.3198654,True,復興,87,0.8083291984997577,Medium Risk,"Nearest AQI station (復興) AQI: 87, Indoor facility"
內埔國小,屏東縣內埔鄉,廣濟路2號,22.61,120.5659,True,潮州,86,9.674123116528548,Medium Risk,"Nearest AQI station (潮州) AQI: 86, Indoor facility"
高雄市立中正高級工業職業學校,高雄市前鎮區,光華二路80號,22.610595,120.317629,False,復興,87,0.6129758769025415,Warning,"Nearest AQI station (復興) AQI: 87, Outdoor facility"
高雄市立光華國民中學,高雄市前鎮區,和平二路170號,22.61083,120.322944,False,復興,87,1.146126847233971,Warning,"Nearest AQI station (復興) AQI: 87, Outdoor facility"
內埔鄉文康中心,屏東縣內埔鄉,文化路183號,22.611,120.5695,False,潮州,86,9.810457020671524,Warning,"Nearest AQI station (潮州) AQI: 86, Outdoor facility"
高雄市立瑞豐國民中學,高雄市前鎮區,瑞興街99號,22.611085,120.331091,False,復興,87,1.975640440622555,Warning,"Nearest AQI station (復興) AQI: 87, Outdoor facility"
內埔國中,屏東縣內埔鄉,文化路262號,22.6113,120.5705,True,潮州,86,9.853136677212927,Medium Risk,"Nearest AQI station (潮州) AQI: 86, Indoor facility"
大王國小,臺東縣太麻里鄉,文化路60號,22.613304,121.003685,True,臺東,28,21.822461186843384,Low Risk,
高雄市鳳山區新甲國民小學,高雄市鳳山區,新富路255號,22.613771,120.339923,False,鳳山,82,2.4028882355861776,Warning,"Nearest AQI station (鳳山) AQI: 82, Outdoor facility"
高雄市苓雅區成功國民小學,高雄市苓雅區,華新街59號,22.613929,120.297064,False,前鎮,84,1.5649299516448505,Warning,"Nearest AQI station (前鎮) AQI: 84, Outdoor facility"
高雄市前鎮區愛群國民小學,高雄市前鎮區,二聖二路194號,22.61396,120.312716,False,復興,87,0.5880558743185128,Warning,"Nearest AQI station (復興) AQI: 87, Outdoor facility"
武侯宮,高雄市大寮區,琉球路64號,22.613987,120.411173,False,大寮,82,5.730048412576286,Warning,"Nearest AQI station (大寮) AQI: 82, Outdoor facility"
光武里社區活動中心,高雄市大寮區,民生路317-1號,22.614458,120.384658,False,鳳山,82,3.181937808627147,Warning,"Nearest AQI station (鳳山) AQI: 82, Outdoor facility"
高雄市苓洲國民小學,高雄市苓雅區,四維四路61號,22.6145,120.3005,False,復興,87,1.346082869980837,Warning,"Nearest AQI station (復興) AQI: 87, Outdoor facility"
順安府,臺東縣太麻里鄉,11鄰順安路39號,22.614936,120.993368,False,臺東,28,22.439064007054647,Low Risk,
太麻里鄉老人會館,臺東縣太麻里鄉,11鄰順安路33號,22.614936,120.993368,False,臺東,28,22.439064007054647,Low Risk,
社皮國小,屏東縣萬丹鄉,屏東縣萬丹鄉社皮路二段550號,22.615,120.4681,True,屏東,93,6.774529441019189,Medium Risk,"Nearest AQI station (屏東) AQI: 93, Indoor facility"
高雄市立英明國民中學,高雄市苓雅區,英明路147號,22.615251,120.324395,False,復興,87,1.4639627252569087,Warning,"Nearest AQI station (復興) AQI: 87, Outdoor facility"
東寧國小,屏東縣內埔鄉,自強路85號,22.6155,120.5629,True,屏東,93,10.001233645922296,Medium Risk,"Nearest AQI station (屏東) AQI: 93, Indoor facility"
老人文康活動中心,屏東縣萬丹鄉,屏東縣萬丹鄉大昌路495號,22.6157,120.4691,True,屏東,93,6.669751452243405,Medium Risk,"Nearest AQI station (屏東) AQI: 93, Indoor facility"
老人文康活動中心,屏東縣萬丹鄉,屏東縣萬丹鄉大昌路495號,22.6157,120.4691,True,屏東,93,6.669751452243405,Medium Risk,"Nearest AQI station (屏東) AQI: 93, Indoor facility"
廣安國小,屏東縣萬丹鄉,屏東縣萬丹鄉廣安村廣志街8巷15號,22.6157,120.4905,True,屏東,93,6.385496910332295,Medium Risk,"Nearest AQI station (屏東) AQI: 93, Indoor facility"
竹田國中,屏東縣竹田鄉,龍南路26號,22.615722,120.524088,True,屏東,93,7.373590451717186,Medium Risk,"Nearest AQI station (屏東) AQI: 93, Indoor facility"
黃厝北極上帝殿,高雄市大寮區,黃厝路35之10號,22.616179,120.410497,False,鳳山,82,5.607242875017651,Warning,"Nearest AQI station (鳳山) AQI: 82, Outdoor facility"
富田國小,屏東縣內埔鄉,里仁路202號,22.6163,120.5401,True,屏東,93,8.271279512510588,Medium Risk,"Nearest AQI station (屏東) AQI: 93, Indoor facility"
高雄市大寮區忠義國民小學,高雄市大寮區,忠義路1號,22.616353,120.384143,False,鳳山,82,3.0390435968396914,Warning,"Nearest AQI station (鳳山) AQI: 82, Outdoor facility"
高雄市立鳳甲國民中學,高雄市鳳山區,輜汽路300號,22.616576,120.342588,False,鳳山,82,1.9918852880641307,Warning,"Nearest AQI station (鳳山) AQI: 82, Outdoor facility"
高雄市鳳山區誠正國民小學,高雄市鳳山區,黃埔新村國校巷78號,22.616848,120.363867,False,鳳山,82,1.4178346485870716,Warning,"Nearest AQI station (鳳山) AQI: 82, Outdoor facility"
高雄市鳳山區鳳西國民小學,高雄市鳳山區,光華東路100號,22.61715,120.358728,False,鳳山,82,1.2278147644721682,Warning,"Nearest AQI station (鳳山) AQI: 82, Outdoor facility"
高雄市鳳山區忠孝國民小學,高雄市鳳山區,新富路630號,22.617854,120.349428,False,鳳山,82,1.4063511486971851,Warning,"Nearest AQI station (鳳山) AQI: 82, Outdoor facility"
高雄市立苓雅國民中學,高雄市苓雅區,四維三路176號,22.618047,120.30541,False,復興,87,1.2400073656067723,Warning,"Nearest AQI station (復興) AQI: 87, Outdoor facility"
忠義里里辦公處2樓,高雄市大寮區,商協福利路59-1號,22.618515,120.382478,False,鳳山,82,2.7849330023595846,Warning,"Nearest AQI station (鳳山) AQI: 82, Outdoor facility"
中興里社區活動中心,高雄市大寮區,文化路2巷2號,22.618811,120.387461,False,鳳山,82,3.2525000121793424,Warning,"Nearest AQI station (鳳山) AQI: 82, Outdoor facility"
高雄市苓雅區福康國民小學,高雄市苓雅區,漢陽街17號,22.618957,120.32935,False,復興,87,2.1126834765101576,Warning,"Nearest AQI station (復興) AQI: 87, Outdoor facility"
黃埔營區,高雄市鳳山區,維武路1號,22.6192,120.3656,False,鳳山,82,1.2998709148522822,Warning,"Nearest AQI station (鳳山) AQI: 82, Outdoor facility"
高雄市立忠孝國民中學,高雄市鳳山區,國泰路2段81號,22.619923,120.346448,False,鳳山,82,1.4493642704976295,Warning,"Nearest AQI station (鳳山) AQI: 82, Outdoor facility"
新濱營區,高雄市鼓山區,鼓山一路1號,22.6202,120.2745,False,前金,88,1.9761710776289378,Warning,"Nearest AQI station (前金) AQI: 88, Outdoor facility"
高雄市政府社會局安琪兒家園,高雄市苓雅區,四維三路2號9樓,22.6205,120.312,False,復興,87,1.3108781516202495,Warning,"Nearest AQI station (復興) AQI: 87, Outdoor facility"
高雄市政府社會局陽光家園,高雄市苓雅區,四維三路2號9樓,22.6205,120.312,False,復興,87,1.3108781516202495,Warning,"Nearest AQI station (復興) AQI: 87, Outdoor facility"
高雄市苓雅區五權國民小學,高雄市苓雅區,三多二路100號,22.62062,120.324166,False,復興,87,1.8189734231854844,Warning,"Nearest AQI station (復興) AQI: 87, Outdoor facility"
育英國小,屏東縣內埔鄉,育文路73號,22.6207,120.5815,True,潮州,86,11.050582352594839,Medium Risk,"Nearest AQI station (潮州) AQI: 86, Indoor facility"
高雄市立高雄高級女子中學,高雄市前金區,五福三路122號,22.6209,120.2927,False,前金,88,1.5690777933633917,Warning,"Nearest AQI station (前金) AQI: 88, Outdoor facility"
高雄市鹽埕區光榮國民小學,高雄市鹽埕區,大智路150號,22.621,120.288,False,前金,88,1.4403472795762717,Warning,"Nearest AQI station (前金) AQI: 88, Outdoor facility"
謝府元帥廟,高雄市大寮區,前庄路49號,22.621389,120.393778,False,鳳山,82,3.8059528626744696,Warning,"Nearest AQI station (鳳山) AQI: 82, Outdoor facility"
高雄市鹽埕區忠孝國民小學,高雄市鹽埕區,大智路71號,22.6216,120.2852,False,前金,88,1.3773578238244442,Warning,"Nearest AQI station (前金) AQI: 88, Outdoor facility"
高雄市苓雅區四維國民小學,高雄市苓雅區,青年一路103號,22.623092,120.312653,False,復興,87,1.6004262274270498,Warning,"Nearest AQI station (復興) AQI: 87, Outdoor facility"
翁園里社區活動中心,高雄市大寮區,翁園路79之1號,22.623246,120.408663,False,鳳山,82,5.287148317972176,Warning,"Nearest AQI station (鳳山) AQI: 82, Outdoor facility"
高雄市大寮區翁園國民小學,高雄市大寮區,翁園路79號,22.623246,120.408663,False,鳳山,82,5.287148317972176,Warning,"Nearest AQI station (鳳山) AQI: 82, Outdoor facility"
高雄市鼓山區鼓山國民小學,高雄市鼓山區,臨海二路50號,22.6236,120.2713,False,前金,88,1.9571729968702158,Warning,"Nearest AQI station (前金) AQI: 88, Outdoor facility"
高雄市立鹽埕國民中學,高雄市鹽埕區,新樂街46號,22.6236,120.2879,False,前金,88,1.1515646864633544,Warning,"Nearest AQI station (前金) AQI: 88, Outdoor facility"
高雄市鹽埕區鹽埕國民小學,高雄市鹽埕區,五福四路183號,22.6237,120.2829,False,前金,88,1.2017177273686876,Warning,"Nearest AQI station (前金) AQI: 88, Outdoor facility"
高雄市鳳山區大東國民小學,高雄市鳳山區,大東一路1號,22.623852,120.362625,False,鳳山,82,0.7148684863122685,Warning,"Nearest AQI station (鳳山) AQI: 82, Outdoor facility"
高雄市苓雅區福東國民小學,高雄市苓雅區,福德三路96號,22.6241,120.3269,False,復興,87,2.293872604317082,Warning,"Nearest AQI station (復興) AQI: 87, Outdoor facility"
高雄市立新興高級中學,高雄市新興區,五福二路218號,22.6244,120.304,False,復興,87,1.9288775639073943,Warning,"Nearest AQI station (復興) AQI: 87, Outdoor facility"
鹽埕區公所11樓大禮堂,高雄市鹽埕區,大仁路6號8樓,22.6248,120.2868,False,前金,88,1.0121908242936566,Warning,"Nearest AQI station (前金) AQI: 88, Outdoor facility"
高雄市鳳山區鳳山國民小學,高雄市鳳山區,中山路231號,22.624823,120.356507,False,鳳山,82,0.37909342366017407,Warning,"Nearest AQI station (鳳山) AQI: 82, Outdoor facility"
鳳山區公所大禮堂,高雄市鳳山區,經武路30號,22.6252,120.3592,False,鳳山,82,0.3730394749542785,Warning,"Nearest AQI station (鳳山) AQI: 82, Outdoor facility"
高雄市立鳳山國民中學,高雄市鳳山區,中山東路227號,22.625285,120.372009,False,鳳山,82,1.5301221658725372,Warning,"Nearest AQI station (鳳山) AQI: 82, Outdoor facility"
高雄市立高雄高級高商職業學校,高雄市新興區,五福二路3號,22.6257,120.3095,False,復興,87,1.906675089961142,Warning,"Nearest AQI station (復興) AQI: 87, Outdoor facility"
高雄市前金區前金國民小學,高雄市前金區,大同二路61號,22.626351,120.293922,False,前金,88,1.1159210061728,Warning,"Nearest AQI station (前金) AQI: 88, Outdoor facility"
高雄市立中正高級中學,高雄市苓雅區,中正一路8號,22.626491,120.338791,False,鳳山,82,1.9208327768460525,Warning,"Nearest AQI station (鳳山) AQI: 82, Outdoor facility"
高雄市新興區新興國民小學,高雄市新興區,民生一路321號,22.627003,120.305317,False,前金,88,2.053188836564824,Warning,"Nearest AQI station (前金) AQI: 88, Outdoor facility"
萬安活動中心,屏東縣泰武鄉,1鄰3號,22.6274,120.6384,True,潮州,86,14.04828533002107,Medium Risk,"Nearest AQI station (潮州) AQI: 86, Indoor facility"
前金區公所5樓大禮堂,高雄市前金區,自強二路169號三、四樓,22.6276,120.2943,False,前金,88,1.0439581435490914,Warning,"Nearest AQI station (前金) AQI: 88, Outdoor facility"
高雄市新興區大同國民小學,高雄市新興區,大同一路231號,22.628,120.2985,False,前金,88,1.3719875610132033,Warning,"Nearest AQI station (前金) AQI: 88, Outdoor facility"
高雄市鳳山區中正國民小學,高雄市鳳山區,勝利路2號,22.628249,120.37408,False,鳳山,82,1.7097528225529068,Warning,"Nearest AQI station (鳳山) AQI: 82, Outdoor facility"
溪寮里社區活動中心,高雄市大寮區,溪寮路54之1號,22.628398,120.420494,False,鳳山,82,6.473478056758303,Warning,"Nearest AQI station (鳳山) AQI: 82, Outdoor facility"
基督教鳳山長老教會,高雄市鳳山區,中正路172號,22.6284,120.361,True,鳳山,82,0.36849045783814843,Medium Risk,"Nearest AQI station (鳳山) AQI: 82, Indoor facility"
高雄市立前金國民中學,高雄市前金區,六合二路278號,22.6294,120.2905,False,前金,88,0.6308226494942467,Warning,"Nearest AQI station (前金) AQI: 88, Outdoor facility"
國立鳳山高級中學,高雄市鳳山區,光復路二段130號,22.629893,120.345723,False,鳳山,82,1.2166922154251456,Warning,"Nearest AQI station (鳳山) AQI: 82, Outdoor facility"
排灣社區活動中心,屏東縣瑪家鄉,5鄰58號,22.63,120.6264,True,潮州,86,13.642645978071345,Medium Risk,"Nearest AQI station (潮州) AQI: 86, Indoor facility"
高雄市苓雅區中正國民小學,高雄市苓雅區,輔仁路100號,22.630177,120.333309,False,鳳山,82,2.485312544147753,Warning,"Nearest AQI station (鳳山) AQI: 82, Outdoor facility"
高雄市鳳山區瑞興國民小學,高雄市鳳山區,博愛路271號,22.63018,120.368353,False,鳳山,82,1.1449102063068592,Warning,"Nearest AQI station (鳳山) AQI: 82, Outdoor facility"
鳳山街友服務中心,高雄市鳳山區,博愛路477巷18號,22.6303,120.3648,False,鳳山,82,0.7948870659028856,Warning,"Nearest AQI station (鳳山) AQI: 82, Outdoor facility"
高雄市大寮區溪寮國民小學,高雄市大寮區,溪寮路69號,22.630524,120.420439,False,鳳山,82,6.473206629063009,Warning,"Nearest AQI station (鳳山) AQI: 82, Outdoor facility"
高雄市鳳山區中山國民小學,高雄市鳳山區,光復路一段120巷8號,22.630617,120.349906,False,鳳山,82,0.8196215215334466,Warning,"Nearest AQI station (鳳山) AQI: 82, Outdoor facility"
高雄市立青年國民中學,高雄市鳳山區,青年路二段89號,22.630785,120.349,False,鳳山,82,0.9135549236900972,Warning,"Nearest AQI station (鳳山) AQI: 82, Outdoor facility"
泰安國小,屏東縣內埔鄉,壽比路116號,22.6308,120.5943,True,屏東,93,11.875155708008723,Medium Risk,"Nearest AQI station (屏東) AQI: 93, Indoor facility"
北里活動中心,臺東縣太麻里鄉,三鄰北太麻里二0-四號,22.6313,120.9994,True,臺東,28,20.74627807995355,Low Risk,
高雄市新興區信義國民小學,高雄市新興區,中正三路32號,22.6316,120.311,False,前金,88,2.50082539708243,Warning,"Nearest AQI station (前金) AQI: 88, Outdoor facility"
高雄市鼓山區壽山國民小學,高雄市鼓山區,鼓山二路37巷24號,22.631757,120.280013,False,前金,88,0.7325189023561873,Warning,"Nearest AQI station (前金) AQI: 88, Outdoor facility"
高雄市前金區建國國民小學,高雄市前金區,自立二路111號,22.6324,120.2979,False,前金,88,1.1553496026560945,Warning,"Nearest AQI station (前金) AQI: 88, Outdoor facility"
高雄市立壽山國民中學,高雄市鼓山區,鼓山二路37巷108號,22.633012,120.278437,False,前金,88,0.8600372454787101,Warning,"Nearest AQI station (前金) AQI: 88, Outdoor facility"
高雄市三民區河濱國民小學,高雄市三民區,市中一路339號,22.634,120.2878,False,前金,88,0.10716889829602327,Warning,"Nearest AQI station (前金) AQI: 88, Outdoor facility"
高雄市新興區七賢國民小學,高雄市新興區,七賢一路393號,22.634,120.307,False,前金,88,2.0771646997832383,Warning,"Nearest AQI station (前金) AQI: 88, Outdoor facility"
高雄市鳳山區文華國民小學,高雄市鳳山區,文化路52號,22.6344,120.352746,False,鳳山,82,0.8467659682857744,Warning,"Nearest AQI station (鳳山) AQI: 82, Outdoor facility"
高雄市大寮區中庄國民小學,高雄市大寮區,中庄路59號,22.634717,120.397497,False,鳳山,82,4.17779633770375,Warning,"Nearest AQI station (鳳山) AQI: 82, Outdoor facility"
"千歲,千北,立德,鳳南聯合里活動中心",高雄市三民區,三民街222號,22.6354,120.2906,True,前金,88,0.4277176422976181,Medium Risk,"Nearest AQI station (前金) AQI: 88, Indoor facility"
三塊厝聯合里活動中心,高雄市三民區,三民街39-1號,22.6361,120.2958,True,前金,88,0.9592968296173962,Medium Risk,"Nearest AQI station (前金) AQI: 88, Indoor facility"
高雄市苓雅區凱旋國民小學,高雄市苓雅區,憲政路235號,22.636415,120.319935,False,復興,87,3.185943009884571,Warning,"Nearest AQI station (復興) AQI: 87, Outdoor facility"
高雄市立中庄國民中學,高雄市大寮區,光明路三段1437號,22.636416,120.401844,False,鳳山,82,4.651384055473067,Warning,"Nearest AQI station (鳳山) AQI: 82, Outdoor facility"
高雄市三民區三民國民小學,高雄市三民區,建國三路216號,22.6367,120.2911,False,前金,88,0.5431721075247824,Warning,"Nearest AQI station (前金) AQI: 88, Outdoor facility"
鼓山區行政中心七樓大禮堂,高雄市鼓山區,鼓山二路166號,22.6368,120.281,False,前金,88,0.673331692038233,Warning,"Nearest AQI station (前金) AQI: 88, Outdoor facility"
江山里社區活動中心,高雄市大寮區,江山路51號,22.63768,120.411378,False,鳳山,82,5.638580638406948,Warning,"Nearest AQI station (鳳山) AQI: 82, Outdoor facility"
高雄市大寮區後庄國民小學,高雄市大寮區,民揚路28號,22.637822,120.389503,False,鳳山,82,3.4645537870570977,Warning,"Nearest AQI station (鳳山) AQI: 82, Outdoor facility"
屏東市公館國小,屏東縣屏東市,公華街182號,22.6379,120.4822,True,屏東,93,3.9574749257475657,Medium Risk,"Nearest AQI station (屏東) AQI: 93, Indoor facility"
高雄市立高雄高級中學,高雄市三民區,建國三路50號,22.6382,120.298,False,前金,88,1.2484972109606187,Warning,"Nearest AQI station (前金) AQI: 88, Outdoor facility"
高雄市三民區光武國民小學,高雄市三民區,光武路35號,22.6388,120.3343,False,鳳山,82,2.6533081292960254,Warning,"Nearest AQI station (鳳山) AQI: 82, Outdoor facility"
北辰宮,高雄市鳳山區,北辰街1號,22.6393,120.3658,False,鳳山,82,1.510998903307132,Warning,"Nearest AQI station (鳳山) AQI: 82, Outdoor facility"
高雄市鼓山區鼓岩國民小學,高雄市鼓山區,河邊街155號,22.6401,120.283,False,前金,88,0.7898431914301813,Warning,"Nearest AQI station (前金) AQI: 88, Outdoor facility"
高雄市立民族國民中學,高雄市三民區,覺民路363號,22.640511,120.33318,False,鳳山,82,2.843685815817949,Warning,"Nearest AQI station (鳳山) AQI: 82, Outdoor facility"
"德北,十全,十美聯合里活動中心",高雄市三民區,德北街170號,22.6406,120.2951,True,前金,88,1.1344515094181782,Medium Risk,"Nearest AQI station (前金) AQI: 88, Indoor facility"
高雄市鳳山區文德國民小學,高雄市鳳山區,文衡路356號,22.640693,120.353925,False,鳳山,82,1.4427397890062432,Warning,"Nearest AQI station (鳳山) AQI: 82, Outdoor facility"
寶安里活動中心,高雄市三民區,覺明路585號,22.6407,120.3289,True,鳳山,82,3.2440009276621025,Medium Risk,"Nearest AQI station (鳳山) AQI: 82, Indoor facility"
後庄老人活動中心,高雄市大寮區,成功路188號,22.640743,120.390201,False,鳳山,82,3.6449440184468105,Warning,"Nearest AQI station (鳳山) AQI: 82, Outdoor facility"
麟洛鄉公所,屏東縣麟洛鄉,中山路158號,22.641,120.536,False,屏東,93,6.078817169741115,Warning,"Nearest AQI station (屏東) AQI: 93, Outdoor facility"
國立屏東科技大學孟祥體育館,屏東縣內埔鄉,學府路1號,22.64119569,120.5960839,False,屏東,93,11.640575223024456,Warning,"Nearest AQI station (屏東) AQI: 93, Outdoor facility"
屏東縣立公正國中,屏東縣屏東市,公興路11號,22.6412,120.4842,True,屏東,93,3.566758016649891,Medium Risk,"Nearest AQI station (屏東) AQI: 93, Indoor facility"
義和代天府,高雄市大寮區,義和路166號,22.641423,120.420934,False,鳳山,82,6.683847962925582,Warning,"Nearest AQI station (鳳山) AQI: 82, Outdoor facility"
高雄市鳳山區鎮北國民小學,高雄市鳳山區,鳳北路170號,22.642652,120.368052,False,鳳山,82,1.9491310207726371,Warning,"Nearest AQI station (鳳山) AQI: 82, Outdoor facility"
新興國小 Xingxing Elementary School,臺東縣金峰鄉,"1鄰1號No.1,Xingxing,Jinfeng Township,Taitung County 964,TaiwanR.O.C.",22.64298,121.002857,True,臺東,28,19.631060288657167,Low Risk,
"德智,德仁里活動中心",高雄市三民區,自由一路52號,22.643,120.3088,True,前金,88,2.477699391147408,Medium Risk,"Nearest AQI station (前金) AQI: 88, Indoor facility"
寶珠溝里活動中心,高雄市三民區,壽昌路2號,22.6431,120.3339,True,鳳山,82,2.932575840234265,Medium Risk,"Nearest AQI station (鳳山) AQI: 82, Indoor facility"
高雄市立陽明國民中學,高雄市三民區,義華路166號,22.643129,120.340424,False,鳳山,82,2.413785838345357,Warning,"Nearest AQI station (鳳山) AQI: 82, Outdoor facility"
高雄市三民區民族國民小學,高雄市三民區,平等路197號,22.6435,120.3202,False,前金,88,3.5938446166001103,Warning,"Nearest AQI station (前金) AQI: 88, Outdoor facility"
高雄市避難收容暨備災訓練中心,高雄市鳳山區,鳳松路442號,22.6436,120.3648,False,鳳山,82,1.879872711715519,Warning,"Nearest AQI station (鳳山) AQI: 82, Outdoor facility"
中都地區聯合里活動中心,高雄市三民區,同盟三路442號,22.6442,120.283,True,前金,88,1.2083094184738858,Medium Risk,"Nearest AQI station (前金) AQI: 88, Indoor facility"
高雄市立正興國民中學,高雄市三民區,覺民路850號,22.644461,120.319684,False,前金,88,3.5769360132383308,Warning,"Nearest AQI station (前金) AQI: 88, Outdoor facility"
高雄市三民區愛國國民小學,高雄市三民區,十全一路1號,22.6445,120.3137,False,前金,88,3.005305475936421,Warning,"Nearest AQI station (前金) AQI: 88, Outdoor facility"
高雄市三民區博愛國民小學,高雄市三民區,十全一路202號,22.6453,120.3067,False,前金,88,2.406922338008886,Warning,"Nearest AQI station (前金) AQI: 88, Outdoor facility"
高雄市三民區陽明國民小學,高雄市三民區,義德路52號,22.6457,120.3356,False,鳳山,82,2.9722567704745324,Warning,"Nearest AQI station (鳳山) AQI: 82, Outdoor facility"
高雄市三民區正興國民小學,高雄市三民區,大豐二路20號,22.6463,120.3261,False,鳳山,82,3.796981295250169,Warning,"Nearest AQI station (鳳山) AQI: 82, Outdoor facility"
高雄市立三民國民中學,高雄市三民區,十全一路200號,22.64653,120.306679,False,前金,88,2.4798767072017545,Warning,"Nearest AQI station (前金) AQI: 88, Outdoor facility"
高雄市三民區十全國民小學,高雄市三民區,十全二路162號,22.6467,120.2987,False,前金,88,1.8777937737008286,Warning,"Nearest AQI station (前金) AQI: 88, Outdoor facility"
"安東,安和,達明聯合里活動中心",高雄市三民區,松江街250號（三民公園內）,22.6467,120.304,True,前金,88,2.270423515403341,Medium Risk,"Nearest AQI station (前金) AQI: 88, Indoor facility"
高雄市三民區公所,高雄市三民區,哈爾濱街215號9樓,22.6476,120.2998,False,前金,88,2.027387747637391,Warning,"Nearest AQI station (前金) AQI: 88, Outdoor facility"
麟洛國中,屏東縣麟洛鄉,中山路2號,22.648,120.5227,True,屏東,93,4.520138714184056,Medium Risk,"Nearest AQI station (屏東) AQI: 93, Indoor facility"
高雄市立文山高級中學,高雄市鳥松區,大埤路31號,22.64819,120.352786,False,鳳山,82,2.2811832414314863,Warning,"Nearest AQI station (鳳山) AQI: 82, Outdoor facility"
寶盛里活動中心,高雄市三民區,大順陸橋下,22.6483,120.3263,True,鳳山,82,3.903033689672016,Medium Risk,"Nearest AQI station (鳳山) AQI: 82, Indoor facility"
高雄市三民區東光國民小學,高雄市三民區,黃興路206號,22.649,120.3397,False,鳳山,82,2.948784634023923,Warning,"Nearest AQI station (鳳山) AQI: 82, Outdoor facility"
安宜里活動中心,高雄市三民區,自立一路535號,22.6498,120.2967,True,前金,88,2.0408542431928285,Medium Risk,"Nearest AQI station (前金) AQI: 88, Indoor facility"
屏東市前進國小,屏東縣屏東市,建國路405巷100弄39號,22.6502,120.4583,True,屏東,93,3.9725647604844005,Medium Risk,"Nearest AQI station (屏東) AQI: 93, Indoor facility"
高雄市立高雄高級工業職業學校,高雄市三民區,建工路419號,22.65063,120.326452,False,鳳山,82,4.045194603043981,Warning,"Nearest AQI station (鳳山) AQI: 82, Outdoor facility"
麟洛鄉圖書館,屏東縣麟洛鄉,中山路158號,22.6507,120.5272,True,屏東,93,4.727069393344695,Medium Risk,"Nearest AQI station (屏東) AQI: 93, Indoor facility"
麟洛國小,屏東縣麟洛鄉,中華路86號,22.6507,120.5272,True,屏東,93,4.727069393344695,Medium Risk,"Nearest AQI station (屏東) AQI: 93, Indoor facility"
老人文康活動中心,高雄市鳥松區,仁德路１１號,22.6511,120.3953,True,鳳山,82,4.651559308493952,Medium Risk,"Nearest AQI station (鳳山) AQI: 82, Indoor facility"
高雄市立鼓山高級中學,高雄市鼓山區,明德路2號,22.651425,120.27469,False,前金,88,2.3088515153672846,Warning,"Nearest AQI station (前金) AQI: 88, Outdoor facility"
高雄市鼓山區九如國民小學,高雄市鼓山區,九如四路763號,22.652148,120.278711,False,前金,88,2.1905323916235546,Warning,"Nearest AQI station (前金) AQI: 88, Outdoor facility"
佳義基督長老教會教育館,屏東縣瑪家鄉,泰平巷76號,22.6536,120.6311,True,屏東,93,14.838921380976839,Medium Risk,"Nearest AQI station (屏東) AQI: 93, Indoor facility"
高雄市鳥松區大華國民小學,高雄市鳥松區,大華路200號,22.653733,120.340501,False,鳳山,82,3.3351228169297897,Warning,"Nearest AQI station (鳳山) AQI: 82, Outdoor facility"
高雄市鼓山區龍華國民小學,高雄市鼓山區,大順一路858號,22.655,120.2977,False,左營,99,2.2623165660502553,Warning,"Nearest AQI station (左營) AQI: 99, Outdoor facility"
本和里活動中心,高雄市三民區,大和街190號,22.6555,120.3261,True,仁武,100,3.7909506271264846,Medium Risk,"Nearest AQI station (仁武) AQI: 100, Indoor facility"
高雄市立鼎金國民中學,高雄市三民區,鼎山街445號,22.655593,120.320505,False,左營,99,3.5501267009162394,Warning,"Nearest AQI station (左營) AQI: 99, Outdoor facility"
本館里集會所,高雄市三民區,昌裕街55號,22.6557,120.3315,False,仁武,100,3.710832835213336,Warning,"Nearest AQI station (仁武) AQI: 100, Outdoor facility"
高雄市大樹區九曲國民小學,高雄市大樹區,九曲路498號,22.655886,120.423343,False,屏東,93,6.907608891212823,Warning,"Nearest AQI station (屏東) AQI: 93, Outdoor facility"
高雄市立鼎金國民中學,高雄市三民區,鼎山街375號,22.6561,120.322,False,左營,99,3.641011677215787,Warning,"Nearest AQI station (左營) AQI: 99, Outdoor facility"
台灣基督教長老教會仁美教會短期收,高雄市鳥松區,介壽路14號,22.6562,120.3933,True,鳳山,82,4.82719922816889,Medium Risk,"Nearest AQI station (鳳山) AQI: 82, Indoor facility"
高雄市三民區莊敬國民小學,高雄市三民區,大昌一路200號,22.6563,120.3241,False,仁武,100,3.7459982318559493,Warning,"Nearest AQI station (仁武) AQI: 100, Outdoor facility"
高雄市鼓山區內惟國民小學,高雄市鼓山區,內惟路73號,22.6565,120.2762,False,左營,99,2.666559261005579,Warning,"Nearest AQI station (左營) AQI: 99, Outdoor facility"
大樹區綜合體育館,高雄市大樹區,九大路639號,22.6569,120.4245,False,屏東,93,6.762718629140364,Warning,"Nearest AQI station (屏東) AQI: 93, Outdoor facility"
高雄市立大樹國民中學,高雄市大樹區,九曲路500號,22.657006,120.422752,False,屏東,93,6.932725959305633,Warning,"Nearest AQI station (屏東) AQI: 93, Outdoor facility"
高雄市立七賢國民中學,高雄市鼓山區,美術東三路110號,22.657594,120.28928,False,左營,99,1.9559332389790762,Warning,"Nearest AQI station (左營) AQI: 99, Outdoor facility"
灣愛里活動中心,高雄市三民區,大昌一路270巷2號,22.6579,120.3213,True,左營,99,3.469628501943835,Medium Risk,"Nearest AQI station (左營) AQI: 99, Indoor facility"
仁美營區,高雄市大樹區,久堂路195-20號,22.6579,120.4137,False,鳳山,82,6.657106268879409,Warning,"Nearest AQI station (鳳山) AQI: 82, Outdoor facility"
高雄市立龍華國民中學,高雄市左營區,自由二路2號,22.658147,120.309546,False,左營,99,2.5229626852230775,Warning,"Nearest AQI station (左營) AQI: 99, Outdoor facility"
高雄市鳥松區仁美國民小學,高雄市鳥松區,學堂路2號,22.658433,120.394141,False,鳳山,82,5.055344174867101,Warning,"Nearest AQI station (鳳山) AQI: 82, Outdoor facility"
屏東大學屏商校區活動中心,屏東縣屏東市,民生東路51號,22.65860765,120.5122037,True,屏東,93,2.956497137470333,Medium Risk,"Nearest AQI station (屏東) AQI: 93, Indoor facility"
屏東縣立鶴聲國中,屏東縣屏東市,大武路225號,22.6595,120.4725,True,屏東,93,2.1956065119794412,Medium Risk,"Nearest AQI station (屏東) AQI: 93, Indoor facility"
屏東市復興國小,屏東縣屏東市,復興路376號,22.6599,120.4862,True,屏東,93,1.4776784211257126,Medium Risk,"Nearest AQI station (屏東) AQI: 93, Indoor facility"
鳥松區公所三樓,高雄市鳥松區,中正路98號,22.66,120.3643,False,鳳山,82,3.6138291390656168,Warning,"Nearest AQI station (鳳山) AQI: 82, Outdoor facility"
屏東市民生國小,屏東縣屏東市,安心四橫巷139-1號,22.6609,120.509,True,屏東,93,2.5422163086473697,Medium Risk,"Nearest AQI station (屏東) AQI: 93, Indoor facility"
高雄市立明華國民中學,高雄市鼓山區,明誠三路582號,22.661903,120.301532,False,左營,99,1.6903980564869117,Warning,"Nearest AQI station (左營) AQI: 99, Outdoor facility"
華源活動中心,臺東縣太麻里鄉,一鄰大坑一五號,22.66241819,121.027792,False,臺東,28,16.281828824544466,Low Risk,
屏東市公所,屏東縣屏東市,台糖街61號,22.6626,120.4915,False,屏東,93,1.2185166941538386,Warning,"Nearest AQI station (屏東) AQI: 93, Outdoor facility"
高雄市鳥松區鳥松國民小學（備用）,高雄市鳥松區,文前路32號,22.663078,120.361721,False,鳳山,82,3.9114447328235546,Warning,"Nearest AQI station (鳳山) AQI: 82, Outdoor facility"
高雄市立三民高級中學,高雄市三民區,金鼎路81號,22.663103,120.32672,False,仁武,100,2.948878420957234,Warning,"Nearest AQI station (仁武) AQI: 100, Outdoor facility"
屏東大學民生校區體育館,屏東縣屏東市,民生路4-18號,22.66539013,120.5044684,False,屏東,93,1.8907961106396305,Warning,"Nearest AQI station (屏東) AQI: 93, Outdoor facility"
屏東市建國國小,屏東縣屏東市,建興路36號,22.6654,120.4866,True,屏東,93,0.8666517304473594,Medium Risk,"Nearest AQI station (屏東) AQI: 93, Indoor facility"
屏東市鶴聲國小,屏東縣屏東市,建國路121號,22.6656,120.4797,True,屏東,93,1.192897247101802,Medium Risk,"Nearest AQI station (屏東) AQI: 93, Indoor facility"
高雄市立三民高級家事商業職業學校,高雄市左營區,高雄市左營區裕誠路1102號,22.666009,120.300608,False,左營,99,1.2615703334743331,Warning,"Nearest AQI station (左營) AQI: 99, Outdoor facility"
高雄市立鳥松國民中學,高雄市鳥松區,松埔北巷5之1號,22.666471,120.371072,False,鳳山,82,4.487973310923419,Warning,"Nearest AQI station (鳳山) AQI: 82, Outdoor facility"
"鼎中,鼎力,鼎膝,鼎金,鼎強,鼎盛聯合里",高雄市三民區,鼎力路125-1號地下1樓,22.6667,120.3217,False,仁武,100,2.7271469846675807,Warning,"Nearest AQI station (仁武) AQI: 100, Outdoor facility"
屏東市大同國小,屏東縣屏東市,建國路二0二號,22.6668,120.476,True,屏東,93,1.418487404448145,Medium Risk,"Nearest AQI station (屏東) AQI: 93, Indoor facility"
崇文國小,屏東縣內埔鄉,原勝路6號,22.6669,120.6002,True,屏東,93,11.529288538057596,Medium Risk,"Nearest AQI station (屏東) AQI: 93, Indoor facility"
新生國小,屏東縣內埔鄉,大新路109號,22.6673,120.5909,True,屏東,93,10.574108810745253,Medium Risk,"Nearest AQI station (屏東) AQI: 93, Indoor facility"
高雄市大樹區水寮國民小學,高雄市大樹區,中華路國小巷1號,22.667994,120.407847,False,鳳山,82,6.813911166477565,Warning,"Nearest AQI station (鳳山) AQI: 82, Outdoor facility"
三民街友服務中心,高雄市三民區,天祥二路31號,22.6684,120.3157,False,左營,99,2.4455087379489067,Warning,"Nearest AQI station (左營) AQI: 99, Outdoor facility"
財團法人玄光聖堂短期收容,高雄市鳥松區,松埔北巷29號之10,22.668784,120.389996,False,鳳山,82,5.6225502120188455,Warning,"Nearest AQI station (鳳山) AQI: 82, Outdoor facility"
高雄市鼓山區中山國民小學,高雄市鼓山區,美術東二路252號,22.6691,120.2848,False,左營,99,1.0506938879161,Warning,"Nearest AQI station (左營) AQI: 99, Outdoor facility"
高雄市左營區新莊國民小學,高雄市左營區,自由三路1號,22.669267,120.309875,False,左營,99,1.8477770002898646,Warning,"Nearest AQI station (左營) AQI: 99, Outdoor facility"
太麻里鄉三和村辦公處,臺東縣太麻里鄉,2鄰漁場131號,22.6695,121.0354,False,臺東,28,15.179155875833485,Low Risk,
屏東市民和國小,屏東縣屏東市,自立路213號,22.6706,120.4958,True,屏東,93,0.8433147424359362,Medium Risk,"Nearest AQI station (屏東) AQI: 93, Indoor facility"
高雄新莊天后宮備用,高雄市左營區,重清路278巷51號,22.6716,120.3117,False,左營,99,1.960982220289948,Warning,"Nearest AQI station (左營) AQI: 99, Outdoor facility"
屏東市唐榮國小,屏東縣屏東市,中山路41號,22.6716,120.4852,True,屏東,93,0.33408041814222816,Medium Risk,"Nearest AQI station (屏東) AQI: 93, Indoor facility"
仁慈活動中心,高雄市仁武區,仁慈路75號,22.6717,120.3587,True,仁武,100,3.2981656781860123,Medium Risk,"Nearest AQI station (仁武) AQI: 100, Indoor facility"
和平營區,高雄市三民區,武功巷52號,22.6718,120.3314,False,仁武,100,1.9229316221215826,Warning,"Nearest AQI station (仁武) AQI: 100, Outdoor facility"
高雄市左營區勝利國民小學,高雄市左營區,南屏路1號,22.672458,120.295103,False,左營,99,0.3488566654010569,Warning,"Nearest AQI station (左營) AQI: 99, Outdoor facility"
高雄市三民區獅湖國民小學,高雄市三民區,鼎金後路495號,22.6726,120.3224,False,仁武,100,2.1095113813282564,Warning,"Nearest AQI station (仁武) AQI: 100, Outdoor facility"
屏東縣立中正國中,屏東縣屏東市,民學路2路,22.6726,120.5088,True,屏東,93,2.131404500636623,Medium Risk,"Nearest AQI station (屏東) AQI: 93, Indoor facility"
高雄市立大義國民中學,高雄市左營區,翠華路687號,22.6742,120.2928,False,左營,99,0.07447368660550296,Warning,"Nearest AQI station (左營) AQI: 99, Outdoor facility"
高雄市立海青高級工商職業學校,高雄市左營區,左營大路1號,22.6752,120.2856,False,左營,99,0.7516717672103306,Warning,"Nearest AQI station (左營) AQI: 99, Outdoor facility"
國立屏東女中,屏東縣屏東市,仁愛路94號,22.6753,120.4942,False,屏東,93,0.6791470977494148,Warning,"Nearest AQI station (屏東) AQI: 93, Outdoor facility"
瑪家社區活動中心,屏東縣瑪家鄉,馬卡札亞札亞街 1號,22.6756,120.6869,True,屏東,93,20.405826732046453,Medium Risk,"Nearest AQI station (屏東) AQI: 93, Indoor facility"
崇聖殿備用,高雄市大樹區,井腳路118號,22.6757,120.4074,False,鳳山,82,7.367950740350113,Warning,"Nearest AQI station (鳳山) AQI: 82, Outdoor facility"
高雄市立大灣國民中學,高雄市仁武區,仁雄路99號,22.676023,120.341612,False,仁武,100,1.7173156385254937,Warning,"Nearest AQI station (仁武) AQI: 100, Outdoor facility"
高雄市左營區新民國民小學,高雄市左營區,自由三路478號,22.676691,120.313158,False,左營,99,2.086665760268973,Warning,"Nearest AQI station (左營) AQI: 99, Outdoor facility"
屏東市仁愛國小,屏東縣屏東市,仁愛路98號,22.6767,120.4948,True,屏東,93,0.8024868300589711,Medium Risk,"Nearest AQI station (屏東) AQI: 93, Indoor facility"
屏東市忠孝國小,屏東縣屏東市,建豐路204號,22.6769,120.5039,True,屏東,93,1.6824326606236528,Medium Risk,"Nearest AQI station (屏東) AQI: 93, Indoor facility"
長興國小,屏東縣長治鄉,潭頭路50號,22.6772,120.5261,True,屏東,93,3.932443824634512,Medium Risk,"Nearest AQI station (屏東) AQI: 93, Indoor facility"
菜公豐谷宮備用,高雄市左營區,菜公一路91號,22.6774,120.3155,False,仁武,100,2.183755975293412,Warning,"Nearest AQI station (仁武) AQI: 100, Outdoor facility"
屏東縣立大同高中,屏東縣屏東市,和平路429號,22.678,120.4777,True,屏東,93,1.192946928276711,Medium Risk,"Nearest AQI station (屏東) AQI: 93, Indoor facility"
崇文國中,屏東縣內埔鄉,昭勝路438號,22.6786,120.6021,True,屏東,93,11.719311748106083,Medium Risk,"Nearest AQI station (屏東) AQI: 93, Indoor facility"
高雄市立左營國民中學,高雄市左營區,高雄市左營區曾子路281號,22.679456,120.306724,False,左營,99,1.5059077609172196,Warning,"Nearest AQI station (左營) AQI: 99, Outdoor facility"
高雄市仁武區登發國民小學,高雄市仁武區,仁忠路191號,22.679647,120.354051,False,仁武,100,2.4338899368985127,Warning,"Nearest AQI station (仁武) AQI: 100, Outdoor facility"
高雄市左營區新光國民小學,高雄市左營區,華夏路800號,22.67983,120.304805,False,左營,99,1.3390045543963394,Warning,"Nearest AQI station (左營) AQI: 99, Outdoor facility"
屏東縣立明正國中,屏東縣屏東市,大連路70號,22.6799,120.4976,True,屏東,93,1.240321404800645,Medium Risk,"Nearest AQI station (屏東) AQI: 93, Indoor facility"
埤子頭鎮福廟,高雄市左營區,左營大路6巷81號3樓,22.680335,120.289652,False,左營,99,0.6947708689468801,Warning,"Nearest AQI station (左營) AQI: 99, Outdoor facility"
屏東市勝利國小,屏東縣屏東市,蘭州街2號,22.6807,120.4857,True,屏東,93,0.8803593741879547,Medium Risk,"Nearest AQI station (屏東) AQI: 93, Indoor facility"
屏東市瑞光國小,屏東縣屏東市,興豐路86號,22.6808,120.5091,True,屏東,93,2.3256322276167123,Medium Risk,"Nearest AQI station (屏東) AQI: 93, Indoor facility"
高雄市立新莊高級中學,高雄市左營區,文慈路99號,22.6812,120.3176,False,仁武,100,1.7723055787821171,Warning,"Nearest AQI station (仁武) AQI: 100, Outdoor facility"
啟明堂備用,高雄市左營區,蓮潭路36號,22.682,120.2923,False,左營,99,0.7963406039772113,Warning,"Nearest AQI station (左營) AQI: 99, Outdoor facility"
舊城城隍廟,高雄市左營區,店仔頂路1號,22.682196,120.290474,False,左營,99,0.8532589884430576,Warning,"Nearest AQI station (左營) AQI: 99, Outdoor facility"
左營元帝廟,高雄市左營區,左營大路87號,22.682521,120.288158,False,左營,99,0.9817752979636643,Warning,"Nearest AQI station (左營) AQI: 99, Outdoor facility"
高雄市仁武區灣內國民小學,高雄市仁武區,仁心路31號,22.683088,120.357281,False,仁武,100,2.6145127035694324,Warning,"Nearest AQI station (仁武) AQI: 100, Outdoor facility"
高雄市左營區舊城國民小學,高雄市左營區,蓮潭路47號,22.683177,120.293004,False,左營,99,0.9247400894588023,Warning,"Nearest AQI station (左營) AQI: 99, Outdoor facility"
高雄市左營區福山國民小學,高雄市左營區,高雄市左營區重愛路99號,22.683573,120.317215,False,仁武,100,1.695001113343835,Warning,"Nearest AQI station (仁武) AQI: 100, Outdoor facility"
屏東市崇蘭國小,屏東縣屏東市,廣東路1259號,22.6842,120.477,True,屏東,93,1.6762926647038812,Medium Risk,"Nearest AQI station (屏東) AQI: 93, Indoor facility"
護安寺,高雄市左營區,蓮潭路116號,22.6853,120.2951,False,左營,99,1.1821735891406069,Warning,"Nearest AQI station (左營) AQI: 99, Outdoor facility"
左營揚善堂,高雄市左營區,?後街42巷2號,22.685509,120.288708,False,左營,99,1.2602936444220434,Warning,"Nearest AQI station (左營) AQI: 99, Outdoor facility"
國立屏東高中,屏東縣屏東市,忠孝路231號,22.6861,120.4888,True,屏東,93,1.449783952056215,Medium Risk,"Nearest AQI station (屏東) AQI: 93, Indoor facility"
屏東市和平國小,屏東縣屏東市,華正路80號,22.687,120.5017,True,屏東,93,2.088437320941859,Medium Risk,"Nearest AQI station (屏東) AQI: 93, Indoor facility"
天府宮,高雄市左營區,蓮潭路158號,22.687113,120.296399,False,左營,99,1.4084192553339399,Warning,"Nearest AQI station (左營) AQI: 99, Outdoor facility"
黎明國小,屏東縣內埔鄉,西淇路177號,22.6874,120.5969,True,屏東,93,11.282270214059016,Medium Risk,"Nearest AQI station (屏東) AQI: 93, Indoor facility"
太麻里鄉美和國民小學,臺東縣太麻里鄉,美和 90 號,22.687685,121.044275,False,臺東,28,13.236827119476956,Low Risk,
高雄市大樹區大樹國民小學,高雄市大樹區,中正一路249號,22.687763,120.43459,False,屏東,93,5.720934759394456,Warning,"Nearest AQI station (屏東) AQI: 93, Outdoor facility"
高雄市左營區明德國民小學,高雄市左營區,海富路2號,22.688006,120.289355,False,左營,99,1.506649311792216,Warning,"Nearest AQI station (左營) AQI: 99, Outdoor facility"
?後北極殿,高雄市左營區,海平路2號,22.688899,120.291964,False,左營,99,1.5640134801149426,Warning,"Nearest AQI station (左營) AQI: 99, Outdoor facility"
高雄市仁武區八卦國民小學,高雄市仁武區,永仁街555號,22.689043,120.333146,False,仁武,100,0.05285349482726214,Warning,"Nearest AQI station (仁武) AQI: 100, Outdoor facility"
左營區公所8樓大禮堂,高雄市左營區,左營大路479號8樓,22.689882,120.29511,False,左營,99,1.6853443967624262,Warning,"Nearest AQI station (左營) AQI: 99, Outdoor facility"
涼山社區活動中心,屏東縣瑪家鄉,涼山巷20號,22.6901,120.6369,True,屏東,93,15.389854462163429,Medium Risk,"Nearest AQI station (屏東) AQI: 93, Indoor facility"
高雄市左營區左營國民小學,高雄市左營區,高雄市左營區實踐路42號,22.690488,120.293299,False,左營,99,1.738085024067244,Warning,"Nearest AQI station (左營) AQI: 99, Outdoor facility"
高楠活動中心,高雄市仁武區,高楠四街58號,22.6917,120.3242,True,仁武,100,0.9135274157987195,Medium Risk,"Nearest AQI station (仁武) AQI: 100, Indoor facility"
屏東縣立至正國中,屏東縣屏東市,公裕街300號,22.6917,120.4936,True,屏東,93,2.147674869006215,Medium Risk,"Nearest AQI station (屏東) AQI: 93, Indoor facility"
知本金聯世紀酒店,臺東縣卑南鄉,龍泉路30號,22.692402,121.019876,False,臺東,28,15.111419743107586,Low Risk,
大樹區公所二樓會議室,高雄市大樹區,中興北路120號,22.6933,120.4331,False,屏東,93,6.067694265785334,Warning,"Nearest AQI station (屏東) AQI: 93, Outdoor facility"
長治國中,屏東縣長治鄉,中興路578號,22.6934,120.5437,True,屏東,93,6.141781605605827,Medium Risk,"Nearest AQI station (屏東) AQI: 93, Indoor facility"
高雄市立左營高級中學,高雄市左營區,海功路55號,22.693416,120.296158,False,左營,99,2.0898431132806485,Warning,"Nearest AQI station (左營) AQI: 99, Outdoor facility"
德協國小,屏東縣長治鄉,中興路551號,22.6941,120.5415,True,屏東,93,5.962548033545038,Medium Risk,"Nearest AQI station (屏東) AQI: 93, Indoor facility"
大社村辦公處含活動中心,屏東縣三地門鄉,和平路2段35號,22.694157,120.637733,True,屏東,93,15.536067498244885,Medium Risk,"Nearest AQI station (屏東) AQI: 93, Indoor facility"
高雄東照山關帝廟備用,高雄市大樹區,忠義路1號,22.6942,120.3941,False,仁武,100,6.331858966920316,Warning,"Nearest AQI station (仁武) AQI: 100, Outdoor facility"
循理會南三和教會,屏東縣瑪家鄉,美園巷90-4號,22.6949,120.5989,True,屏東,93,11.630113816345498,Medium Risk,"Nearest AQI station (屏東) AQI: 93, Indoor facility"
復興永清里活動中心,高雄市左營區,復興新村335號,22.69567,120.299673,True,左營,99,2.4154368406623252,Medium Risk,"Nearest AQI station (左營) AQI: 99, Indoor facility"
祥和山莊活動中心,高雄市左營區,左營大路928巷101號,22.69635,120.301803,True,左營,99,2.5574666124721026,Medium Risk,"Nearest AQI station (左營) AQI: 99, Indoor facility"
原大樹鄉民代表會,高雄市大樹區,中興北路227號,22.6964,120.4321,False,屏東,93,6.296973814253475,Warning,"Nearest AQI station (屏東) AQI: 93, Outdoor facility"
臺東縣農會東遊季溫泉渡假村,臺東縣卑南鄉,溫泉路376巷18號,22.696483,121.019705,False,臺東,28,14.922207142726554,Low Risk,
溫泉國民小學,臺東縣卑南鄉,溫泉村11鄰溫泉路291號,22.697667,121.02593,False,臺東,28,14.291587526947795,Low Risk,
溫泉村活動中心,臺東縣卑南鄉,溫泉村11鄰溫泉路293號,22.697823,121.025091,False,臺東,28,14.360790535506581,Low Risk,
高雄市仁武區.烏林國民小學,高雄市仁武區,林森巷23號,22.697888,120.372598,False,仁武,100,4.216048148506402,Warning,"Nearest AQI station (仁武) AQI: 100, Outdoor facility"
元新溫泉飯店,臺東縣卑南鄉,溫泉路314號,22.698053,121.024826,False,臺東,28,14.373762941072526,Low Risk,
屏東市海豐國小,屏東縣屏東市,海豐街3號,22.6989,120.508,True,屏東,93,3.5268223777448577,Medium Risk,"Nearest AQI station (屏東) AQI: 93, Indoor facility"
高雄市仁武區仁武國民小學,高雄市仁武區,中正路94號,22.701263,120.348359,False,仁武,100,2.1084754703215847,Warning,"Nearest AQI station (仁武) AQI: 100, Outdoor facility"
仁武區綜合活動中心,高雄市仁武區,中正路94號,22.7013,120.3484,True,仁武,100,2.1143424564106157,Medium Risk,"Nearest AQI station (仁武) AQI: 100, Indoor facility"
亞莊酒店,臺東縣卑南鄉,溫泉路68號,22.703397,121.032022,False,臺東,28,13.450142982835606,Low Risk,
仁武里活動中心,高雄市仁武區,仁祥街199號,22.70434779,120.3447169,True,仁武,100,2.1043789129557657,Medium Risk,"Nearest AQI station (仁武) AQI: 100, Indoor facility"
知本社區活動中心,臺東縣臺東市,知本路三段13巷40號,22.705462,121.055645,True,臺東,28,11.194671497732164,Low Risk,
F Hotel,臺東縣卑南鄉,台東市大順路33號,22.707519,121.042182,False,臺東,28,12.312181603676722,Low Risk,
高雄市楠梓區廣、大、久、盛昌里活動中心,高雄市楠梓區,廣昌街175巷37號,22.707528,120.285079,True,左營,99,3.720338398641605,Medium Risk,"Nearest AQI station (左營) AQI: 99, Indoor facility"
建業社區活動中心,臺東縣臺東市,西昌街214號,22.707748,121.050993,True,臺東,28,11.492101670337382,Low Risk,
中華里活動中心,高雄市仁武區,華園街25號,22.7085,120.3272,True,仁武,100,2.232700908958619,Medium Risk,"Nearest AQI station (仁武) AQI: 100, Indoor facility"
高雄市楠梓區油廠國民小學,高雄市楠梓區,左楠路4號,22.708958,120.302919,False,仁武,100,3.7665930984753153,Warning,"Nearest AQI station (仁武) AQI: 100, Outdoor facility"
高雄市仁武區竹後國民小學,高雄市仁武區,竹楠路250號,22.710042,120.334866,False,仁武,100,2.3447726218663227,Warning,"Nearest AQI station (仁武) AQI: 100, Outdoor facility"
高雄市左營區莒光國民小學,高雄市左營區,後昌路842號,22.711558,120.295275,False,左營,99,4.087684009062173,Warning,"Nearest AQI station (左營) AQI: 99, Outdoor facility"
高雄市楠梓區莒光國民小學,高雄市楠梓區,後昌路842號,22.711558,120.295275,False,左營,99,4.087684009062173,Warning,"Nearest AQI station (左營) AQI: 99, Outdoor facility"
高雄市立右昌國民中學,高雄市楠梓區,盛昌街161號,22.713585,120.286911,False,左營,99,4.3497699040958,Warning,"Nearest AQI station (左營) AQI: 99, Outdoor facility"
高雄市楠梓區右昌國民小學,高雄市楠梓區,加昌路910號,22.713629,120.292106,False,左營,99,4.3116076802338466,Warning,"Nearest AQI station (左營) AQI: 99, Outdoor facility"
國軍退役官兵輔導委員會高雄榮譽國民之家,高雄市楠梓區,加昌路631號,22.7151,120.3018,False,楠梓,106,3.41224092273633,High Risk,Nearest AQI station (楠梓) AQI: 106
高雄市楠梓區宏昌等六里聯合活動中心,高雄市楠梓區,後昌路960巷19號,22.7154,120.2941,True,楠梓,106,4.052349024735637,High Risk,Nearest AQI station (楠梓) AQI: 106
臺東縣臺東市建和國小,臺東縣臺東市,青海路3段640號,22.716736,121.049167,True,臺東,28,11.239828455254425,Low Risk,
高雄市立國昌國民中學,高雄市楠梓區,德民路1010號,22.7194,120.2861,False,楠梓,106,4.608625528305143,High Risk,Nearest AQI station (楠梓) AQI: 106
高雄市楠梓區加昌國民小學,高雄市楠梓區,樂群路220號,22.720392,120.296547,False,楠梓,106,3.5745200930864507,High Risk,Nearest AQI station (楠梓) AQI: 106
建農里民眾活動中心,臺東縣臺東市,知本路一段560號,22.720423,121.084143,True,臺東,28,7.831345069169899,Low Risk,
高雄市楠梓區後勁國民小學,高雄市楠梓區,加昌路216號,22.721706,120.314216,False,楠梓,106,1.9626848915492219,High Risk,Nearest AQI station (楠梓) AQI: 106
中里社區活動中心,高雄市大社區,文明路10巷3號,22.7226,120.3513,True,楠梓,106,2.6615882534733717,High Risk,Nearest AQI station (楠梓) AQI: 106
高雄市立後勁國民中學,高雄市楠梓區,加昌路180號,22.722854,120.316198,False,楠梓,106,1.727249246745347,High Risk,Nearest AQI station (楠梓) AQI: 106
高雄市楠梓區仁昌里活動中心,高雄市楠梓區,壽豐路461號,22.724246,120.294854,True,楠梓,106,3.585533038771884,High Risk,Nearest AQI station (楠梓) AQI: 106
高雄市楠梓區楠陽國民小學,高雄市楠梓區,楠陽路100號,22.724927,120.331144,False,楠梓,106,1.014995774382198,High Risk,Nearest AQI station (楠梓) AQI: 106
高雄市楠梓區翠屏里活動中心,高雄市楠梓區,德惠路55號,22.726779,120.302159,True,楠梓,106,2.787165456907134,High Risk,Nearest AQI station (楠梓) AQI: 106
高雄市楠梓區惠豐里活動中心,高雄市楠梓區,青田街87號,22.727244,120.318969,True,楠梓,106,1.1932028367001717,High Risk,Nearest AQI station (楠梓) AQI: 106
高雄市楠梓區援中國民小學,高雄市楠梓區,大學二十六街1150號,22.728206,120.27799,False,橋頭,106,4.322403567131258,High Risk,Nearest AQI station (橋頭) AQI: 106
高雄市楠梓區行政中心7樓大禮堂,高雄市楠梓區,楠梓新路264號7樓,22.7283,120.3263,False,楠梓,106,0.6306833386479249,High Risk,Nearest AQI station (楠梓) AQI: 106
高雄市立蚵寮國民中學（備用）,高雄市梓官區,中正二街60號,22.728551,120.25873,False,橋頭,106,5.792776900767669,High Risk,Nearest AQI station (橋頭) AQI: 106
高雄市立大社國民中學,高雄市大社區,翠屏路100號,22.729029,120.357267,False,楠梓,106,3.016342560951124,High Risk,Nearest AQI station (楠梓) AQI: 106
大社老人文康中心,高雄市大社區,金龍路65號,22.7293,120.3546,False,楠梓,106,2.7417461553204103,High Risk,Nearest AQI station (楠梓) AQI: 106
高雄市立翠屏國民中小學,高雄市楠梓區,翠屏路135號,22.729477,120.299446,False,楠梓,106,2.994543476215205,High Risk,Nearest AQI station (楠梓) AQI: 106
高雄市立中山高級中學,高雄市楠梓區,藍昌路416號,22.7295,120.2922,False,橋頭,106,3.4075278790464987,High Risk,Nearest AQI station (橋頭) AQI: 106
智信蚵社區聯合活動中心（備用）,高雄市梓官區,廣澤路3號,22.729634,120.254588,True,橋頭,106,6.088224178950043,High Risk,Nearest AQI station (橋頭) AQI: 106
大社中山堂,高雄市大社區,大社區自強街1號,22.73,120.3466,False,楠梓,106,1.9216913563917029,High Risk,Nearest AQI station (楠梓) AQI: 106
高雄市楠梓區惠民里集會所,高雄市楠梓區,高楠公路1868巷100號,22.732098,120.323083,False,楠梓,106,0.5616931869671454,High Risk,Nearest AQI station (楠梓) AQI: 106
豐里社區活動中心,臺東縣臺東市,豐里街756巷20號,22.732187,121.116004,True,臺東,28,4.37220162639178,Low Risk,
高雄市楠梓區楠梓國民小學,高雄市楠梓區,楠梓路262號,22.7322,120.3284,False,楠梓,106,0.16351969429910443,High Risk,Nearest AQI station (楠梓) AQI: 106
高雄市梓官區蚵寮國民小學（備用）,高雄市梓官區,光明路177號,22.733411,120.248239,False,橋頭,106,6.471968046801551,High Risk,Nearest AQI station (橋頭) AQI: 106
高雄市立楠梓國民中學,高雄市楠梓區,楠梓路336號,22.733936,120.327507,False,楠梓,106,0.08559537412179465,High Risk,Nearest AQI station (楠梓) AQI: 106
保安里活動中心,高雄市大社區,大社路87-3號,22.7341,120.3527,True,楠梓,106,2.5039613803074574,High Risk,Nearest AQI station (楠梓) AQI: 106
赤崁老人活動中心（備用）,高雄市梓官區,中正路519號,22.736052,120.25016,True,橋頭,106,6.173821188000724,High Risk,Nearest AQI station (橋頭) AQI: 106
國立臺東大學,臺東縣卑南鄉,台東市大學路2段369號,22.736056,121.070583,False,臺東,28,8.466699546551123,Low Risk,
高雄市橋頭區甲圍國民小學,高雄市橋頭區,甲昌路250號,22.736237,120.293408,False,橋頭,106,2.6794154850711167,High Risk,Nearest AQI station (橋頭) AQI: 106
高雄市大樹區興田國民小學,高雄市大樹區,興田路59號,22.740507,120.445966,False,屏東,93,8.650513958772557,Warning,"Nearest AQI station (屏東) AQI: 93, Outdoor facility"
高雄市立楠梓高級中學,高雄市楠梓區,清豐路19號,22.744044,120.331155,False,楠梓,106,1.1907147405191063,High Risk,Nearest AQI station (楠梓) AQI: 106
佛光山寺備用,高雄市大樹區,興田路153號,22.7473,120.4463,False,屏東,93,9.296927127672665,Warning,"Nearest AQI station (屏東) AQI: 93, Outdoor facility"
高雄市橋頭區仕隆國民小學,高雄市橋頭區,仕隆路進校巷16號,22.750578,120.310636,False,橋頭,106,0.922374927695965,High Risk,Nearest AQI station (橋頭) AQI: 106
高雄市橋頭區興糖國民小學,高雄市橋頭區,興糖路19巷1號.,22.750876,120.317,False,橋頭,106,1.374309476957771,High Risk,Nearest AQI station (橋頭) AQI: 106
高雄市燕巢區鳳雄國民小學（備用）,高雄市燕巢區,鳳加路52號,22.753304,120.358101,False,楠梓,106,3.7568912374999384,High Risk,Nearest AQI station (楠梓) AQI: 106
臺東市公所,臺東縣臺東市,博愛路365號,22.754695,121.146637,False,臺東,28,0.3978757826725836,Low Risk,
鳳雄營區,高雄市燕巢區,鳳旗路23號,22.7555,120.3602,False,楠梓,106,4.074617606276744,High Risk,Nearest AQI station (楠梓) AQI: 106
梓平社區活動中心（備用）,高雄市梓官區,梓官路城隍巷123-1號,22.756467,120.269167,True,橋頭,106,3.7467046277444105,High Risk,Nearest AQI station (橋頭) AQI: 106
橋頭區公所,高雄市橋頭區,隆豐路1號,22.7576,120.3058,False,橋頭,106,0.015453011798193299,High Risk,Nearest AQI station (橋頭) AQI: 106
高雄市立橋頭國民中學,高雄市橋頭區,新興路70號,22.759012,120.30751,False,橋頭,106,0.25081389147601935,High Risk,Nearest AQI station (橋頭) AQI: 106
梓和社區活動中心（備用）,高雄市梓官區,大宅街38號,22.759573,120.266109,True,橋頭,106,4.064943548599574,High Risk,Nearest AQI station (橋頭) AQI: 106
高雄市橋頭區五林國民小學,高雄市橋頭區,五林路160號,22.75995,120.293721,False,橋頭,106,1.2568999573774051,High Risk,Nearest AQI station (橋頭) AQI: 106
梓官國小（備用）,高雄市梓官區,進學路614號,22.760292,120.264756,True,橋頭,106,4.20858005670588,High Risk,Nearest AQI station (橋頭) AQI: 106
高雄市立彌陀國民中學（備用）,高雄市彌陀區,進學路136號,22.760359,120.262962,False,橋頭,106,4.392584672760694,High Risk,Nearest AQI station (橋頭) AQI: 106
梓官區公所,高雄市梓官區,梓官路258號,22.7607,120.2673,False,橋頭,106,3.952291648908615,High Risk,Nearest AQI station (橋頭) AQI: 106
中華社區活動中心,臺東縣臺東市,華泰街231號,22.761527,121.158116,True,臺東,28,1.0432758378616038,Low Risk,
高雄市橋頭區橋頭國民小學,高雄市橋頭區,樹德路200號,22.761764,120.305864,False,橋頭,106,0.47380790412913426,High Risk,Nearest AQI station (橋頭) AQI: 106
高雄市立梓官國民中學,高雄市梓官區,中學路71號,22.762428,120.263476,False,橋頭,106,4.36284149843797,High Risk,Nearest AQI station (橋頭) AQI: 106
新園社區活動中心,臺東縣臺東市,中興路6段708號,22.763938,121.052313,True,臺東,28,10.107782649675404,Low Risk,
四維寶桑多功能活動中心,臺東縣臺東市,博愛路16號,22.764164,121.154697,True,臺東,28,1.071650886632705,Low Risk,
東興村活動中心,臺東縣卑南鄉,東興村東園一街120號,22.765011,121.041149,False,臺東,28,11.258616012277006,Low Risk,
臺東縣臺東市新園國小,臺東縣臺東市,新園路88號,22.765066,121.062352,True,臺東,28,9.09752265659352,Low Risk,
高雄市燕巢區橫山國民小學（備用）,高雄市燕巢區,橫山路24號,22.768542,120.379471,False,楠梓,106,6.525615204471455,High Risk,Nearest AQI station (楠梓) AQI: 106
財團法人臺東縣私立仁愛之家,臺東縣卑南鄉,臺東市豐年里17鄰中興路三段549號,22.771069,121.106473,False,臺東,28,4.8357350445164435,Low Risk,
行政院國軍退除役官兵輔導委員會馬蘭榮譽國民之家,臺東縣臺東市,更生路 1010 號,22.772402,121.132093,False,臺東,28,2.6710526462115896,Low Risk,
嶺口營區,高雄市旗山區,旗南三路234號,22.7737,120.4417,False,屏東,93,12.155697990258185,Warning,"Nearest AQI station (屏東) AQI: 93, Outdoor facility"
豐田里民眾活動中心,臺東縣臺東市,中興路4段735號,22.774331,121.086381,True,臺東,28,6.899636978406349,Low Risk,
利嘉村活動中心,臺東縣卑南鄉,利嘉村17鄰利嘉路669號,22.77663,121.061011,False,臺東,28,9.470502518896378,Low Risk,
南勝社區活動中心備用,高雄市旗山區,龍文巷30號之3,22.7768,120.4488,True,屏東,93,12.214829347575677,Medium Risk,"Nearest AQI station (屏東) AQI: 93, Indoor facility"
高雄市燕巢區深水國民小學（備用）,高雄市燕巢區,深中路2號,22.777039,120.405278,False,楠梓,106,9.251016834159733,High Risk,Nearest AQI station (楠梓) AQI: 106
高雄市政府社會局仁愛之家,高雄市燕巢區,深水路1號,22.781,120.4189,False,楠梓,106,10.678300388106564,High Risk,Nearest AQI station (楠梓) AQI: 106
彌陀區公所,高雄市彌陀區,中華路4號,22.7817,120.2506,False,橋頭,106,6.256201166414948,High Risk,Nearest AQI station (橋頭) AQI: 106
太平村活動中心,臺東縣卑南鄉,太平村和平路128巷8號,22.781975,121.088375,False,臺東,28,7.019060718556153,Low Risk,
卑南里民眾活動中心,臺東縣臺東市,南清街23號,22.782039,121.122367,True,臺東,28,4.13430948242514,Low Risk,
高雄市岡山區和平國民小學,高雄市岡山區,和平路1號,22.782054,120.303827,False,橋頭,106,2.7362810260129216,High Risk,Nearest AQI station (橋頭) AQI: 106
彌仁社區活動中心（備用）,高雄市彌陀區,中華路1巷1弄12號,22.78219078,120.2499242,True,橋頭,106,6.342244560891744,High Risk,Nearest AQI station (橋頭) AQI: 106
燕巢區民眾活動中心,高雄市燕巢區,中興路427號,22.782475,120.362246,True,橋頭,106,6.429143081445476,High Risk,Nearest AQI station (橋頭) AQI: 106
富豐社區活動中心,臺東縣臺東市,吉林路一段279巷58號,22.782915,121.161997,True,臺東,28,3.2849592039590276,Low Risk,
高雄市彌陀區彌陀國民小學,高雄市彌陀區,中正路213號,22.783678,120.247781,False,橋頭,106,6.612101479512355,High Risk,Nearest AQI station (橋頭) AQI: 106
高雄市岡山區兆湘國民小學,高雄市岡山區,介壽60號,22.785034,120.28671,False,橋頭,106,3.6271219197831472,High Risk,Nearest AQI station (橋頭) AQI: 106
高雄市立燕巢國民中學（備用）,高雄市燕巢區,中興路267號,22.785833,120.362845,False,橋頭,106,6.652960307804787,High Risk,Nearest AQI station (橋頭) AQI: 106
鹽埕過港社區康樂室（備用）,高雄市彌陀區,鹽港二路53之6號,22.78790506,120.2425845,False,橋頭,106,7.299706271858087,High Risk,Nearest AQI station (橋頭) AQI: 106
燕巢區公所禮堂,高雄市燕巢區,中安路1號,22.78808,120.362079,False,橋頭,106,6.706971302132313,High Risk,Nearest AQI station (橋頭) AQI: 106
臺東棒球村第一棒球場,臺東縣臺東市,興安路1段150號,22.788893,121.128397,False,臺東,28,4.360865841280752,Low Risk,
高雄市立前峰國民中學,高雄市岡山區,樹人路1號,22.789449,120.28842,False,橋頭,106,3.9687231643786336,High Risk,Nearest AQI station (橋頭) AQI: 106
金陵營區,高雄市燕巢區,中西路1號,22.79,120.3598,False,橋頭,106,6.620652015601309,High Risk,Nearest AQI station (橋頭) AQI: 106
太平國民小學,臺東縣卑南鄉,泰安村6號,22.790805,121.075772,False,臺東,28,8.611474547603217,Low Risk,
安招國民小學備用,高雄市燕巢區,安招路170號,22.7909,120.3378,False,橋頭,106,4.962541313734723,High Risk,Nearest AQI station (橋頭) AQI: 106
竹圍國小,高雄市岡山區,大仁北路1號,22.7914,120.2937,True,橋頭,106,3.964220789430442,High Risk,Nearest AQI station (橋頭) AQI: 106
高雄市岡山區岡山國民小學,高雄市岡山區,柳橋東路36號,22.791424,120.293671,False,橋頭,106,3.9676803199355675,High Risk,Nearest AQI station (橋頭) AQI: 106
臺東市老人文康活動中心,臺東縣臺東市,吉林路二段699巷22號,22.792025,121.184558,True,臺東,28,5.371424904522013,Low Risk,
高雄市岡山區後紅國民小學,高雄市岡山區,岡燕路2巷88號,22.792904,120.30344,False,橋頭,106,3.942825994340652,High Risk,Nearest AQI station (橋頭) AQI: 106
高雄市岡山區前峰國民小學,高雄市岡山區,育英路35號,22.793052,120.283164,False,橋頭,106,4.577745783621685,High Risk,Nearest AQI station (橋頭) AQI: 106
泰安活動中心,臺東縣卑南鄉,泰安村5鄰泰安路101號,22.793873,121.067371,False,臺東,28,9.533776085428205,Low Risk,
高雄市燕巢區燕巢國民小學（備用）,高雄市燕巢區,中華路177號,22.795258,120.36587,False,橋頭,106,7.462629210080878,High Risk,Nearest AQI station (橋頭) AQI: 106
高雄市彌陀區壽齡國民小學（備用）,高雄市彌陀區,國校路1號,22.795345,120.234509,False,橋頭,106,8.42372511994698,High Risk,Nearest AQI station (橋頭) AQI: 106
高雄市立岡山國民中學,高雄市岡山區,岡燕路238號,22.796169,120.291956,False,橋頭,106,4.523811217599367,High Risk,Nearest AQI station (橋頭) AQI: 106
高雄市岡山區壽天國民小學,高雄市岡山區,公園東路55號,22.798857,120.292481,False,橋頭,106,4.793271186819826,High Risk,Nearest AQI station (橋頭) AQI: 106
岡山區老人活動中心,高雄市岡山區,壽天路66號,22.7989,120.2925,True,橋頭,106,4.797308522130523,High Risk,Nearest AQI station (橋頭) AQI: 106
公園西路14號公所廳舍,高雄市岡山區,公園西路14號,22.799129,120.289345,False,橋頭,106,4.922255070874546,High Risk,Nearest AQI station (橋頭) AQI: 106
岡山榮譽國民之家,高雄市燕巢區,成功路1 號,22.7993,120.3288,False,橋頭,106,5.21644408986308,High Risk,Nearest AQI station (橋頭) AQI: 106
高雄市永安區維新國民小學,高雄市永安區,維新路光明9巷69之10號,22.80403364,120.2479631,False,橋頭,106,7.860700002533353,High Risk,Nearest AQI station (橋頭) AQI: 106
高雄市燕巢區金山國民小學（備用）,高雄市燕巢區,番田路29號,22.811802,120.398079,False,橋頭,106,11.232215601029642,High Risk,Nearest AQI station (橋頭) AQI: 106
富源村活動中心,臺東縣卑南鄉,富源村8鄰118號,22.812554,121.149689,False,臺東,28,6.360383519307075,Low Risk,
高雄市立嘉興國民中學,高雄市岡山區,信中街486號,22.816175,120.311911,False,橋頭,106,6.554804342885922,High Risk,Nearest AQI station (橋頭) AQI: 106
中正堂,高雄市永安區,永安路43號,22.8183,120.2253,False,橋頭,106,10.658965501215459,High Risk,Nearest AQI station (橋頭) AQI: 106
高雄市永安區新港國民小學,高雄市永安區,新興路25號,22.82114749,120.2092311,False,橋頭,106,12.159670942634307,High Risk,Nearest AQI station (橋頭) AQI: 106
富山村活動中心,臺東縣卑南鄉,富山村3鄰漁場路64號,22.821416,121.190095,False,臺東,28,8.39473037313364,Low Risk,
富山國民小學,臺東縣卑南鄉,富山村3鄰漁場路66號,22.821416,121.190095,False,臺東,28,8.39473037313364,Low Risk,
高雄市岡山區嘉興國民小學,高雄市岡山區,嘉興路322號,22.821597,120.305292,False,橋頭,106,7.126710251250981,High Risk,Nearest AQI station (橋頭) AQI: 106
高雄市立永安國民中學,高雄市永安區,保興一路3號,22.823171,120.240646,False,橋頭,106,9.888031663572107,High Risk,Nearest AQI station (橋頭) AQI: 106
高雄市路竹區北嶺國民小學,高雄市路竹區,民治路85號,22.823505,120.269765,False,橋頭,106,8.210943179112473,High Risk,Nearest AQI station (橋頭) AQI: 106
賓朗老人暨多功能活動中心,臺東縣卑南鄉,賓朗村18鄰賓朗路474巷3-1號,22.8239,121.090749,False,臺東,28,9.774688081224062,Low Risk,
利吉村活動中心,臺東縣卑南鄉,利吉村3鄰52號,22.824082,121.134111,False,臺東,28,7.82317427833672,Low Risk,
高雄市岡山區華崗社區活動中心,高雄市岡山區,大埔二街170號,22.824142,120.322418,True,橋頭,106,7.605458150869931,High Risk,Nearest AQI station (橋頭) AQI: 106
美農村活動中心,臺東縣卑南鄉,美農村8鄰東成36號,22.830504,121.093361,False,臺東,28,10.20145439202305,Low Risk,
高雄市永安區鹽田社區活動中心,高雄市永安區,新興路99號,22.833587,120.208428,False,橋頭,106,13.075689488541522,High Risk,Nearest AQI station (橋頭) AQI: 106
高雄市田寮區新興國民小學,高雄市田寮區,大新路2號,22.835015,120.369769,False,橋頭,106,10.836488392421392,High Risk,Nearest AQI station (橋頭) AQI: 106
大洲國中備用,高雄市旗山區,新南巷5號,22.8354,120.4605,True,美濃,94,8.95594311322194,Medium Risk,"Nearest AQI station (美濃) AQI: 94, Indoor facility"
東成國民小學,臺東縣卑南鄉,美農村斑鳩92號,22.835594,121.082405,False,臺東,28,11.324918142030995,Low Risk,
高雄市立路竹區三埤國民小學,高雄市路竹區,民權路7號,22.8368,120.2801,False,橋頭,106,9.19900561323928,High Risk,Nearest AQI station (橋頭) AQI: 106
高雄市旗山區溪洲國民小學（備用）,高雄市旗山區,南二路126號,22.847646,120.465528,False,美濃,94,7.7678161460549635,Warning,"Nearest AQI station (美濃) AQI: 94, Outdoor facility"
合天大道院,高雄市旗山區,?和巷10號,22.8489,120.4734,False,美濃,94,7.010650480521089,Warning,"Nearest AQI station (美濃) AQI: 94, Outdoor facility"
高雄市阿蓮區復安國民小學（備用）,高雄市阿蓮區,復安167號,22.849101,120.324142,False,橋頭,106,10.35905257693656,High Risk,Nearest AQI station (橋頭) AQI: 106
鯤洲社區多功能活動中心,高雄市旗山區,鯤洲街35-1號,22.84953,120.476208,False,美濃,94,6.732586790431536,Warning,"Nearest AQI station (美濃) AQI: 94, Outdoor facility"
高雄市美濃區吉東國民小學,高雄市美濃區,吉頂街19號,22.851314,120.540959,False,美濃,94,3.7435147692269646,Warning,"Nearest AQI station (美濃) AQI: 94, Outdoor facility"
路竹老人活動中心,高雄市路竹區,國昌路117號,22.8543,120.2546,True,橋頭,106,11.96935739366771,High Risk,Nearest AQI station (橋頭) AQI: 106
高雄市立路竹高級中學,高雄市路竹區,中華路292號,22.855385,120.25221,False,橋頭,106,12.186167162577918,High Risk,Nearest AQI station (橋頭) AQI: 106
上洲社區活動中心,高雄市旗山區,後角街2之4號,22.8565,120.4735,True,美濃,94,6.574448415147144,Medium Risk,"Nearest AQI station (美濃) AQI: 94, Indoor facility"
廣福社區活動中心,高雄市旗山區,旗屏二路16號,22.8575,120.5049,True,美濃,94,3.91323757104575,Medium Risk,"Nearest AQI station (美濃) AQI: 94, Indoor facility"
初鹿國民小學,臺東縣卑南鄉,初鹿村梅園路97號,22.860167,121.092081,False,臺東,28,13.100216415016812,Low Risk,
初鹿村多功能暨老人活動中心,臺東縣卑南鄉,初鹿村忠孝路165號,22.860646,121.092522,False,臺東,28,13.127109585370434,Low Risk,
高雄市路竹區蔡文國民小學,高雄市路竹區,國昌路548號,22.861515,120.256002,False,橋頭,106,12.636970042343375,High Risk,Nearest AQI station (橋頭) AQI: 106
高雄市立路竹區竹滬國民小學,高雄市路竹區,成功路2號,22.8625,120.2304,False,林森,112,13.672464636586568,High Risk,Nearest AQI station (林森) AQI: 112
高雄市路竹區路竹國民小學,高雄市路竹區,中山路712巷16號,22.862524,120.230427,False,林森,112,13.669972014558429,High Risk,Nearest AQI station (林森) AQI: 112
龍山國小,高雄市美濃區,龍山街62號,22.864611,120.555856,False,美濃,94,3.3430951740810437,Warning,"Nearest AQI station (美濃) AQI: 94, Outdoor facility"
高雄市路竹區大社國民小學,高雄市路竹區,大社路243號,22.867067,120.265351,False,橋頭,106,12.865099206067281,High Risk,Nearest AQI station (橋頭) AQI: 106
高雄市立一甲國民中學學生,高雄市路竹區,一甲路111號,22.868822,120.271882,False,橋頭,106,12.853646602060442,High Risk,Nearest AQI station (橋頭) AQI: 106
高雄市立路竹區下坑國民小學備用,高雄市路竹區,太平路384號,22.8691,120.2908,False,橋頭,106,12.502175564463908,High Risk,Nearest AQI station (橋頭) AQI: 106
田寮區公所3樓大禮堂,高雄市田寮區,崗安路71號,22.8699,120.3594,False,橋頭,106,13.65642659797729,High Risk,Nearest AQI station (橋頭) AQI: 106
竹子門水利工作站,高雄市美濃區,竹門25號,22.870284,120.588802,False,美濃,94,6.14911454476278,Warning,"Nearest AQI station (美濃) AQI: 94, Outdoor facility"
都蘭活動中心,臺東縣東河鄉,39鄰372號,22.876498,121.227556,False,臺東,28,15.617346088331717,Low Risk,
高雄市美濃區吉洋國民小學,高雄市美濃區,忠孝路二段59號,22.876682,120.535858,False,美濃,94,0.9409722068323423,Warning,"Nearest AQI station (美濃) AQI: 94, Outdoor facility"
高雄市田寮區崇德國民小學,高雄市田寮區,崇德路101號,22.877635,120.379682,False,橋頭,106,15.360431845462404,High Risk,Nearest AQI station (橋頭) AQI: 106
高雄市立龍肚國民中學,高雄市美濃區,中華路68號,22.877733,120.571037,False,美濃,94,4.199229114258053,Warning,"Nearest AQI station (美濃) AQI: 94, Outdoor facility"
都蘭國小,臺東縣東河鄉,431號,22.877955,121.226932,False,臺東,28,15.725295389849308,Low Risk,
湖東社區活動中心,高雄市湖內區,民生街252號,22.878344,120.246231,False,林森,112,12.137568948644821,High Risk,Nearest AQI station (林森) AQI: 112
樹人醫護管理專科學校,高雄市路竹區,環球路452號,22.8827,120.2611,False,林森,112,12.077546617914972,High Risk,Nearest AQI station (林森) AQI: 112
高雄市美濃區福安國民小學,高雄市美濃區,中正路二段358號,22.882868,120.533938,False,美濃,94,0.35686801015146674,Warning,"Nearest AQI station (美濃) AQI: 94, Outdoor facility"
阿蓮區公所3樓會議室,高雄市阿蓮區,民生路94號,22.8832,120.3275,False,橋頭,106,14.154176133236032,High Risk,Nearest AQI station (橋頭) AQI: 106
高雄市阿蓮區阿蓮國民小學（備 用）,高雄市阿蓮區,民族路163號,22.88323,120.329869,False,橋頭,106,14.19783242737906,High Risk,Nearest AQI station (橋頭) AQI: 106
高雄市美濃區中壇國民小學,高雄市美濃區,忠孝路一段19號,22.884022,120.53057,False,美濃,94,0.048898776247802526,Warning,"Nearest AQI station (美濃) AQI: 94, Outdoor facility"
靈山寺,高雄市旗山區,德義街17-1號,22.8847,120.4784,False,美濃,94,5.343032743970272,Warning,"Nearest AQI station (美濃) AQI: 94, Outdoor facility"
高雄市立阿蓮國民中學（備用）,高雄市阿蓮區,民生路178號,22.88532,120.326138,False,橋頭,106,14.365968673313118,High Risk,Nearest AQI station (橋頭) AQI: 106
高雄市美濃區龍肚國民小學,高雄市美濃區,龍東街43號,22.885381,120.579605,False,美濃,94,5.0301287223833215,Warning,"Nearest AQI station (美濃) AQI: 94, Outdoor facility"
高雄市湖內區大湖國民小學,高雄市湖內區,民權路2號,22.887757,120.244517,False,林森,112,11.077114535782643,High Risk,Nearest AQI station (林森) AQI: 112
高雄市其山區旗山國小（備用）,高雄市旗山區,華中街44號,22.888297,120.480651,True,美濃,94,5.137730844626094,Medium Risk,"Nearest AQI station (美濃) AQI: 94, Indoor facility"
旗山區公所,高雄市旗山區,延平一路499號,22.8886,120.4836,False,美濃,94,4.841066107826613,Warning,"Nearest AQI station (美濃) AQI: 94, Outdoor facility"
湄州里活動中心,高雄市旗山區,文中路4號,22.8898,120.4811,True,美濃,94,5.111856729908548,Medium Risk,"Nearest AQI station (美濃) AQI: 94, Indoor facility"
竹峰里辦公處,高雄市旗山區,義德街31巷1之1號,22.8912,120.4786,False,美濃,94,5.3879600478964855,Warning,"Nearest AQI station (美濃) AQI: 94, Outdoor facility"
紅葉村活動中心,臺東縣延平鄉,臺東縣延平鄉紅葉村1鄰16號,22.893619,121.063062,True,臺東,28,17.79245438730919,Low Risk,
古亭社區活動中心,高雄市田寮區,古亭路廟後巷2號,22.89410114,120.4023526,True,美濃,94,13.18364666449272,Medium Risk,"Nearest AQI station (美濃) AQI: 94, Indoor facility"
台灣基督長老教會海埔教會,高雄市湖內區,和平路115號,22.8944,120.2234,True,林森,112,10.10007910078686,High Risk,Nearest AQI station (林森) AQI: 112
美濃區老人文康活動中心,高雄市美濃區,中正路2段351號,22.8946,120.5427,True,美濃,94,1.7469616790968912,Medium Risk,"Nearest AQI station (美濃) AQI: 94, Indoor facility"
高雄市立美濃國民中學,高雄市美濃區,中正路一段191號,22.894745,120.5435,False,美濃,94,1.817274511798305,Warning,"Nearest AQI station (美濃) AQI: 94, Outdoor facility"
美濃區公所,高雄市美濃區,美中路260號,22.8948,120.5418,False,美濃,94,1.6987359045462571,Warning,"Nearest AQI station (美濃) AQI: 94, Outdoor facility"
高雄市阿蓮區中路國民小學（備用）,高雄市阿蓮區,中路272號,22.89493,120.298575,False,林森,112,12.729411369900417,High Risk,Nearest AQI station (林森) AQI: 112
興隆國小,臺東縣東河鄉,155號,22.895301,121.24875,False,臺東,28,18.537502696448126,Low Risk,
鸞山村活動中心,臺東縣延平鄉,臺東縣延平鄉鸞山村1鄰16號,22.899002,121.151603,True,臺東,28,15.972921141516121,Low Risk,
高雄市美濃區美濃國民小學,高雄市美濃區,永安路190號,22.899581,120.543255,False,美濃,94,2.204637469616011,Warning,"Nearest AQI station (美濃) AQI: 94, Outdoor facility"
高雄市美濃區東門國民小學,高雄市美濃區,民族路36巷2號,22.900489,120.553201,False,美濃,94,2.986886907824718,Warning,"Nearest AQI station (美濃) AQI: 94, Outdoor facility"
永和社區活動中心備用,高雄市旗山區,旗文路125之5號,22.9006,120.4782,True,美濃,94,5.685854652121926,Medium Risk,"Nearest AQI station (美濃) AQI: 94, Indoor facility"
桃源村活動中心,臺東縣延平鄉,臺東縣延平鄉桃源村4鄰78號,22.902922,121.084336,True,關山,27,17.691433870811448,Low Risk,
臺南市關廟區崇和國小,臺南市關廟區,南雄南路568號,22.904,120.3547,True,林森,112,16.302296849425545,High Risk,Nearest AQI station (林森) AQI: 112
龍田社區活動中心,臺東縣鹿野鄉,7鄰光榮路308號,22.9042,121.1206,True,關山,27,16.226899979141397,Low Risk,
龍田國小,臺東縣鹿野鄉,光榮路236號,22.9042,121.1243,True,關山,27,16.132269870125224,Low Risk,
和平社區活動中心,臺東縣鹿野鄉,3鄰和平路29-1號,22.9051,121.1192,True,關山,27,16.168493920341422,Low Risk,
鹿野國中,臺東縣鹿野鄉,1鄰光榮路38號,22.907,121.1352,True,關山,27,15.59612442433739,Low Risk,
財團法人一貫道興毅純陽聖道院,高雄市湖內區,保生路392號,22.907202,120.21789,False,林森,112,8.68677673019485,High Risk,Nearest AQI station (林森) AQI: 112
高雄市立湖內國民中學,高雄市湖內區,中山路二段63號,22.907722,120.227397,False,林森,112,8.634607733547154,High Risk,Nearest AQI station (林森) AQI: 112
中圳社區活動中心,高雄市美濃區,福美路73巷8號,22.908018,120.547647,True,美濃,94,3.2330080183587704,Medium Risk,"Nearest AQI station (美濃) AQI: 94, Indoor facility"
中正堂二樓,高雄市湖內區,中正路二段79號,22.9091,120.2129,False,林森,112,8.517660956299501,High Risk,Nearest AQI station (林森) AQI: 112
鹿野國小,臺東縣鹿野鄉,中華路一段402號,22.9094,121.137,False,關山,27,15.301650034547318,Low Risk,
臺南市歸仁區大潭國小,臺南市歸仁區,中正南路三段97號,22.9138,120.2718,True,林森,112,9.429295165054231,High Risk,Nearest AQI station (林森) AQI: 112
鹿野鄉公所,臺東縣鹿野鄉,中華路二段139號,22.9143,121.1362,False,關山,27,14.77907833376521,Low Risk,
廣林里社區活動中心,高雄市美濃區,廣福街153號,22.916916,120.579295,False,美濃,94,6.219007145129542,Warning,"Nearest AQI station (美濃) AQI: 94, Outdoor facility"
臺南市關廟區文和國小,臺南市關廟區,長文街37號,22.917,120.3428,True,林森,112,14.496137239644485,High Risk,Nearest AQI station (林森) AQI: 112
內門紫竹寺香客大樓,高雄市內門區,中正路115巷18號,22.9172,120.4554,False,美濃,94,8.556551468735705,Warning,"Nearest AQI station (美濃) AQI: 94, Outdoor facility"
高雄市美濃區廣興國民小學,高雄市美濃區,廣興街124號,22.917251,120.567922,False,美濃,94,5.354957718464971,Warning,"Nearest AQI station (美濃) AQI: 94, Outdoor facility"
高雄市內門區觀亭國民小學,高雄市內門區,中正路203號,22.918343,120.453734,False,美濃,94,8.765639665126718,Warning,"Nearest AQI station (美濃) AQI: 94, Outdoor facility"
高雄市內門區西門國民小學,高雄市內門區,柿子園24號,22.918619,120.426716,False,美濃,94,11.326039605917906,Warning,"Nearest AQI station (美濃) AQI: 94, Outdoor facility"
高雄市立內門國民中學,高雄市內門區,中正路160巷30號,22.921882,120.453517,False,美濃,94,8.965596436030742,Warning,"Nearest AQI station (美濃) AQI: 94, Outdoor facility"
華山營區,高雄市旗山區,華山路11號,22.9266,120.5039,False,美濃,94,5.506942253569278,Warning,"Nearest AQI station (美濃) AQI: 94, Outdoor facility"
臺南市龍崎區大坪里民活動中心,臺南市龍崎區,9鄰大坪37之2號,22.9268,120.3921,True,美濃,94,14.972368492390036,Medium Risk,"Nearest AQI station (美濃) AQI: 94, Indoor facility"
永康村鄉立幼兒園,臺東縣延平鄉,臺東縣延平鄉永康村2鄰43號,22.927897,121.115208,False,關山,27,13.88060062948033,Low Risk,
隆昌村辦公處活動中心,臺東縣東河鄉,18鄰230號,22.928015,121.269255,False,關山,27,17.033670257611977,Low Risk,
臺南市歸仁區沙崙國中,臺南市歸仁區,歸仁六路2號,22.9287,120.2816,True,林森,112,8.748895026667387,High Risk,Nearest AQI station (林森) AQI: 112
永安社區活動中心,臺東縣鹿野鄉,3鄰永安路257巷5號,22.9316,121.1296,True,關山,27,13.045568282354951,Low Risk,
臺南市南區南寧中學,臺南市南區,萬年路167號,22.9318,120.1834,False,林森,112,7.144234392380424,High Risk,Nearest AQI station (林森) AQI: 112
臺南市南區灣裡聯合里活動中心,臺南市南區,灣裡路67號,22.9323,120.1808,True,林森,112,7.250263430399567,High Risk,Nearest AQI station (林森) AQI: 112
臺南市南區省躬國小,臺南市南區,灣裡路70號,22.9325,120.1804,True,林森,112,7.256278546852825,High Risk,Nearest AQI station (林森) AQI: 112
永昌社區活動中心,臺東縣鹿野鄉,3鄰永安路98號,22.9328,121.1308,True,關山,27,12.885612215013769,Low Risk,
中正社區活動中心,高雄市旗山區,旗甲路三段177巷1號,22.9329,120.5022,True,美濃,94,6.204760206201697,Medium Risk,"Nearest AQI station (美濃) AQI: 94, Indoor facility"
永安國小,臺東縣鹿野鄉,鹿寮路31號,22.9336,121.1283,True,關山,27,12.865541750364908,Low Risk,
臺南市關廟區深坑國小,臺南市關廟區,南雄路一段487號,22.9371,120.3353,True,林森,112,12.760094060141409,High Risk,Nearest AQI station (林森) AQI: 112
鹿野鄉立托兒所,臺東縣鹿野鄉,瑞景路一段23巷9號,22.9403,121.1515,False,關山,27,11.700177619780813,Low Risk,
南海紫竹寺香客大樓,高雄市內門區,內埔82號,22.9417,120.4613,False,美濃,94,9.594593300270146,Warning,"Nearest AQI station (美濃) AQI: 94, Outdoor facility"
臺南市仁德區臺南都會公園管理中心,臺南市仁德區,文華路二段62號,22.9437,120.2211,True,林森,112,4.618647761080448,High Risk,Nearest AQI station (林森) AQI: 112
臺南市仁德區後壁里老人文康活動中心,臺南市仁德區,德南路68號,22.9475,120.2532,True,林森,112,5.262643047525363,High Risk,Nearest AQI station (林森) AQI: 112
月美社區活動中心,高雄市杉林區,桐竹路241號,22.948034,120.528674,True,美濃,94,7.169177473745741,Medium Risk,"Nearest AQI station (美濃) AQI: 94, Indoor facility"
瑞源社區活動中心,臺東縣鹿野鄉,10鄰佑民路7號,22.955,121.1562,True,關山,27,10.033945951749015,Low Risk,
瑞隆社區活動中心,臺東縣鹿野鄉,10鄰佑民路7號,22.955,121.1562,True,關山,27,10.033945951749015,Low Risk,
永富社區活動中心景義國小,高雄市內門區,萊坑8號,22.956,120.4942,True,美濃,94,8.87099452678856,Medium Risk,"Nearest AQI station (美濃) AQI: 94, Indoor facility"
高雄市內門區內門國民小學,高雄市內門區,內埔24號,22.956009,120.470326,False,美濃,94,10.143487663229005,Warning,"Nearest AQI station (美濃) AQI: 94, Outdoor facility"
瑞源國小,臺東縣鹿野鄉,文化路67號,22.9578,121.1554,True,關山,27,9.72843478485465,Low Risk,
高雄市杉林區月美國民小學,高雄市杉林區,清水路象寮巷39號,22.958186,120.535203,False,美濃,94,8.309198395080251,Warning,"Nearest AQI station (美濃) AQI: 94, Outdoor facility"
臺南市關廟區五甲國小,臺南市關廟區,和平路246號,22.9583,120.3343,True,林森,112,11.86446128708031,High Risk,Nearest AQI station (林森) AQI: 112
臺南市關廟社區活動中心,臺南市關廟區,文化街85號,22.9589,120.3242,True,林森,112,10.848837278217355,High Risk,Nearest AQI station (林森) AQI: 112
大林社區活動中心備用,高雄市旗山區,自強巷17號,22.9591,120.5147,True,美濃,94,8.552413833709547,Medium Risk,"Nearest AQI station (美濃) AQI: 94, Indoor facility"
臺南市關廟區關廟國中,臺南市關廟區,中山路二段172號,22.9608,120.3247,False,林森,112,10.84322767891504,High Risk,Nearest AQI station (林森) AQI: 112
臺南市南區區公所,臺南市南區,明興路2號,22.9609,120.1884,False,林森,112,4.388818569012047,High Risk,Nearest AQI station (林森) AQI: 112
臺南市南區龍崗國小,臺南市南區,鯤鯓路147號,22.9614,120.1696,False,臺南,111,5.9738875765349775,High Risk,Nearest AQI station (臺南) AQI: 111
臺南市東區大智里活動中心,臺南市東區,德東街90號,22.9615,120.2303,True,林森,112,2.7665794256437866,High Risk,Nearest AQI station (林森) AQI: 112
臺南市歸仁區紅瓦厝國小,臺南市歸仁區,信義南路100號,22.9617,120.2987,True,林森,112,8.260886607056694,High Risk,Nearest AQI station (林森) AQI: 112
尚德國小村辦公室,臺東縣東河鄉,前寮43號,22.9627,121.2407,True,關山,27,12.202946827903242,Low Risk,
臺南市南區永華國小,臺南市南區,中華西路一段2巷17號,22.9631,120.1886,True,林森,112,4.225743802547396,High Risk,Nearest AQI station (林森) AQI: 112
臺南市關廟區關廟國小,臺南市關廟區,文衡路121號,22.9637,120.3261,True,林森,112,10.906660876038089,High Risk,Nearest AQI station (林森) AQI: 112
高雄市杉林區大愛民族國民小學,高雄市杉林區,和氣街15號,22.963823,120.538829,False,美濃,94,8.962554637554888,Warning,"Nearest AQI station (美濃) AQI: 94, Outdoor facility"
臺南市歸仁區歸南國小,臺南市歸仁區,民權南路171號,22.9642,120.2883,True,林森,112,7.1632611092418035,High Risk,Nearest AQI station (林森) AQI: 112
臺南市龍崎區民活動中心,臺南市龍崎區,新市子38號,22.9642,120.3595,True,林森,112,14.253131518646216,High Risk,Nearest AQI station (林森) AQI: 112
臺南市立龍崎國民小學,臺南市龍崎區,新市子41號,22.964425,120.35906,False,林森,112,14.20459205454258,High Risk,Nearest AQI station (林森) AQI: 112
臺南市南區明興社區活動中心,臺南市南區,德興路88號,22.9651,120.1923,True,林森,112,3.788486221752396,High Risk,Nearest AQI station (林森) AQI: 112
臺南市龍崎區老人文康活中心,臺南市龍崎區,新市子201號,22.9651,120.3603,False,林森,112,14.317899824792093,High Risk,Nearest AQI station (林森) AQI: 112
大愛活動中心,高雄市杉林區,大愛路47號,22.966082,120.545574,True,美濃,94,9.301747250379895,Medium Risk,"Nearest AQI station (美濃) AQI: 94, Indoor facility"
月眉社區活動中心,高雄市杉林區,清水路朝雲巷10號,22.96649744,120.5354386,True,美濃,94,9.233292904653148,Medium Risk,"Nearest AQI station (美濃) AQI: 94, Indoor facility"
臺南市歸仁區公所,臺南市歸仁區,中山路二段2號,22.9669,120.294,False,林森,112,7.631536503984848,High Risk,Nearest AQI station (林森) AQI: 112
臺南市南區開南里活動中心,臺南市南區,新建路48號,22.967,120.1856,True,林森,112,4.256234344766867,High Risk,Nearest AQI station (林森) AQI: 112
臺南市仁德區仁義里運動公園育樂中心,臺南市仁德區,仁義路130號,22.9675,120.2585,True,林森,112,4.210048128596904,High Risk,Nearest AQI station (林森) AQI: 112
上平社區活動中心,高雄市杉林區,山仙路152巷14號,22.96796903,120.557561,True,美濃,94,9.782786553743586,Medium Risk,"Nearest AQI station (美濃) AQI: 94, Indoor facility"
臺南市龍崎區龍崎國民中學,臺南市龍崎區,新市子258號,22.9683,120.3608,False,林森,112,14.317191173785607,High Risk,Nearest AQI station (林森) AQI: 112
高雄市立杉林國民中學,高雄市杉林區,清水路中學巷6號,22.968577,120.540834,False,美濃,94,9.509495027986024,Warning,"Nearest AQI station (美濃) AQI: 94, Outdoor facility"
臺南市歸仁區歸仁國中,臺南市歸仁區,文化街二段2號,22.9696,120.2939,True,林森,112,7.546881467213354,High Risk,Nearest AQI station (林森) AQI: 112
臺南市南區白雪社區活動中心,臺南市南區,鹽埕路157號,22.9697,120.1888,True,臺南,111,3.8216872758210414,High Risk,Nearest AQI station (臺南) AQI: 111
臺南市歸仁區歸仁國小,臺南市歸仁區,文化街一段100號,22.9698,120.2966,True,林森,112,7.811203162121021,High Risk,Nearest AQI station (林森) AQI: 112
武陵村活動中心,臺東縣延平鄉,臺東縣延平鄉武陵村1鄰15號,22.969833,121.117842,True,關山,27,9.506744721855549,Low Risk,
臺南市歸仁區文化國小,臺南市歸仁區,文化街二段136號,22.9708,120.2891,True,林森,112,7.037963566068322,High Risk,Nearest AQI station (林森) AQI: 112
臺南市歸仁區歸仁里活動中心,臺南市歸仁區,忠孝北路221號,22.9708,120.2984,True,林森,112,7.967924204674573,High Risk,Nearest AQI station (林森) AQI: 112
臺南市南區大忠大林社區活動中心,臺南市南區,大同路二段482巷133弄15號,22.9726,120.2125,True,林森,112,1.7172030033418482,High Risk,Nearest AQI station (林森) AQI: 112
臺南市仁德區公所,臺南市仁德區,中正路三段5號,22.973,120.2517,False,林森,112,3.31548908681146,High Risk,Nearest AQI station (林森) AQI: 112
瑞源國中,臺東縣鹿野鄉,瑞景路三段1號,22.9742,121.1567,True,關山,27,7.900006219395331,Low Risk,
臺南市南區府南里活動中心,臺南市南區,永成路三段529號,22.9744,120.1953,True,臺南,111,2.977467072655401,High Risk,Nearest AQI station (臺南) AQI: 111
高雄市內門區木柵國民小學,高雄市內門區,木柵3號,22.975346,120.467861,False,美濃,94,12.054781638741247,Warning,"Nearest AQI station (美濃) AQI: 94, Outdoor facility"
臺南市東區崇德里活動中心,臺南市東區,崇德七街30巷2號,22.9757,120.2281,True,林森,112,1.2212587586912833,High Risk,Nearest AQI station (林森) AQI: 112
臺南市南區田寮社區活動中心,臺南市南區,夏林路379號,22.9765,120.1955,True,臺南,111,2.8365344639088135,High Risk,Nearest AQI station (臺南) AQI: 111
高雄市杉林區上平國民小學,高雄市杉林區,山仙路212號,22.976853,120.544072,False,美濃,94,10.463298362934054,Warning,"Nearest AQI station (美濃) AQI: 94, Outdoor facility"
臺南市東區和平里活動中心,臺南市東區,文化路100號,22.977,120.2326,True,林森,112,1.4066172140052655,High Risk,Nearest AQI station (林森) AQI: 112
臺南市南區國宅社區活動中心,臺南市南區,金華路二段33巷81號,22.9771,120.1879,True,臺南,111,3.50506052340742,High Risk,Nearest AQI station (臺南) AQI: 111
臺南市關廟區新光國小,臺南市關廟區,新光街76號,22.9772,120.3595,True,林森,112,14.087702236980979,High Risk,Nearest AQI station (林森) AQI: 112
臺南市安平區漁光里活動中心,臺南市安平區,漁光路89巷39號之2,22.977225,120.159968,True,臺南,111,6.237832925265791,High Risk,Nearest AQI station (臺南) AQI: 111
日光小林社區活動中心,高雄市杉林區,日光三街25號,22.977268,120.556689,True,美濃,94,10.755926883390735,Medium Risk,"Nearest AQI station (美濃) AQI: 94, Indoor facility"
永吉社區活動中心,高雄市內門區,新生5號,22.9774,120.498,True,美濃,94,10.951350267258631,Medium Risk,"Nearest AQI station (美濃) AQI: 94, Indoor facility"
臺南市南區新興國中,臺南市南區,新孝路87號,22.9778,120.1876,True,臺南,111,3.5042916581636776,High Risk,Nearest AQI station (臺南) AQI: 111
木柵社區活動中心,高雄市內門區,木柵30-1號,22.978,120.4677,True,美濃,94,12.314153177694083,Medium Risk,"Nearest AQI station (美濃) AQI: 94, Indoor facility"
臺南市南區體育公園,臺南市南區,體育路10號,22.9785,120.2068,False,林森,112,1.74118819020606,High Risk,Nearest AQI station (林森) AQI: 112
新豐社區活動中心,臺東縣鹿野鄉,4鄰新和路五段281巷1號,22.9789,121.1315,True,關山,27,7.9912093886617415,Low Risk,
瑞豐國小,臺東縣鹿野鄉,中山路67號,22.9791,121.1369,True,關山,27,7.771436257634464,Low Risk,
臺南市南區大成國中,臺南市南區,西門路一段306號,22.9796,120.198,True,臺南,111,2.448220315880909,High Risk,Nearest AQI station (臺南) AQI: 111
臺南市東區崇學國民小學操場,臺南市東區,崇學路98號,22.9796,120.2234,False,林森,112,0.6382158728497065,High Risk,Nearest AQI station (林森) AQI: 112
臺南市東區復興里活動中心,臺南市東區,裕忠路456號,22.9803,120.2416,True,林森,112,2.0639796274597892,High Risk,Nearest AQI station (林森) AQI: 112
臺南市東區區公所,臺南市東區,臺南市崇學路100號,22.980519,120.224015,False,林森,112,0.5566605540676716,High Risk,Nearest AQI station (林森) AQI: 112
臺南市東區德光里活動中心,臺南市東區,崇德路111號,22.9806,120.2188,True,林森,112,0.6187238946953243,High Risk,Nearest AQI station (林森) AQI: 112
臺南市南區台南高商,臺南市南區,健康路一段327號,22.9811,120.202,False,臺南,111,2.007342038394059,High Risk,Nearest AQI station (臺南) AQI: 111
臺南市東區虎尾里活動中心,臺南市東區,富農街一段188巷10弄7號,22.9815,120.2353,True,林森,112,1.407404481055259,High Risk,Nearest AQI station (林森) AQI: 112
臺南市東區裕聖里活動中心,臺南市東區,裕文路286號,22.9817,120.2464,True,林森,112,2.5121247770193005,High Risk,Nearest AQI station (林森) AQI: 112
臺南市仁德區太子里活動中心,臺南市仁德區,土庫路2號,22.9823,120.255,True,林森,112,3.377412105985747,High Risk,Nearest AQI station (林森) AQI: 112
臺南市東區裕文國民小學,臺南市東區,裕文路301號,22.982499,120.245741,False,林森,112,2.4328471983199433,High Risk,Nearest AQI station (林森) AQI: 112
臺南市東區復興國民小學風雨球場,臺南市東區,裕文路60號,22.9826,120.2387,False,林森,112,1.7180943812350296,High Risk,Nearest AQI station (林森) AQI: 112
臺南市中西區五妃社區活動中心,臺南市中西區,南門路237巷10號,22.983,120.2049,True,臺南,111,1.6478292136847619,High Risk,Nearest AQI station (臺南) AQI: 111
臺南市東區龍山社區活動中心,臺南市東區,林森路一段311號,22.9836,120.2193,True,林森,112,0.3440785086437784,High Risk,Nearest AQI station (林森) AQI: 112
臺南市東區自強里活動中心,臺南市東區,富農街一段225號,22.984,120.2352,True,林森,112,1.341756713016453,High Risk,Nearest AQI station (林森) AQI: 112
臺南市中西區仙草里活動中心,臺南市中西區,府緯街4巷6號,22.9844,120.1995,True,臺南,111,2.116007507449183,High Risk,Nearest AQI station (臺南) AQI: 111
臺南市東區富裕里活動中心,臺南市東區,東門路二段365巷35號,22.9847,120.2276,True,林森,112,0.5598847298065535,High Risk,Nearest AQI station (林森) AQI: 112
臺南市中西區中山國中,臺南市中西區,南寧街45號,22.9848,120.2033,True,臺南,111,1.7295617593734742,High Risk,Nearest AQI station (臺南) AQI: 111
臺南市東區富強里活動中心,臺南市東區,裕農路446巷88號,22.986,120.2317,True,林森,112,0.9803270585680042,High Risk,Nearest AQI station (林森) AQI: 112
臺南市安平區億載里活動中心,臺南市安平區,光州一街29號,22.986221,120.161834,True,臺南,111,5.910628600951742,High Risk,Nearest AQI station (臺南) AQI: 111
臺南市東區關聖社區活動中心,臺南市東區,裕孝路118號,22.9865,120.2434,True,林森,112,2.1788320652336113,High Risk,Nearest AQI station (林森) AQI: 112
臺南市安平區文平里活動中心,臺南市安平區,中華西路二段1巷1號,22.986772,120.185499,True,臺南,111,3.4895334458466336,High Risk,Nearest AQI station (臺南) AQI: 111
臺南市安平區育平里活動中心,臺南市安平區,府平路376號,22.987404,120.167087,True,臺南,111,5.367136452117931,High Risk,Nearest AQI station (臺南) AQI: 111
臺南市東區衛國里活動中心,臺南市東區,衛國街114巷28號,22.9879,120.2254,True,林森,112,0.44547281515207837,High Risk,Nearest AQI station (林森) AQI: 112
新和社區舊圖書室,高雄市杉林區,司馬路52號,22.98792,120.563198,False,美濃,94,12.074085859882047,Warning,"Nearest AQI station (美濃) AQI: 94, Outdoor facility"
瑞豐社區活動中心,臺東縣鹿野鄉,10鄰景新路60巷2號,22.988,121.1398,True,關山,27,6.739410626965092,Low Risk,
高雄市杉林區新庄國民小學,高雄市杉林區,司馬路45巷5號,22.989102,120.559681,False,美濃,94,12.106665603499616,Warning,"Nearest AQI station (美濃) AQI: 94, Outdoor facility"
臺南市中西區郡西里活動中心,臺南市中西區,郡西路35號2樓,22.989445,120.194075,True,臺南,111,2.600502426843643,High Risk,Nearest AQI station (臺南) AQI: 111
臺南市安平區國平里活動中心,臺南市安平區,建平七街409號,22.98948,120.176458,True,臺南,111,4.403832320926658,High Risk,Nearest AQI station (臺南) AQI: 111
臺南市東區後甲南聖里聯合社區活動中心,臺南市東區,裕農路878號,22.9895,120.2427,True,林森,112,2.155601401378722,High Risk,Nearest AQI station (林森) AQI: 112
臺南市中西區忠義國小,臺南市中西區,忠義路二段2號,22.989572,120.20315,True,臺南,111,1.6717989208106974,High Risk,Nearest AQI station (臺南) AQI: 111
臺南市東區崇誨里活動中心,臺南市東區,林森路二段192巷15號,22.9898,120.2247,True,臺南,111,0.53752403701647,High Risk,Nearest AQI station (臺南) AQI: 111
臺南市安平區億載國小-操場,臺南市安平區,郡平路310號,22.990008,120.163155,False,臺南,111,5.766071926069471,High Risk,Nearest AQI station (臺南) AQI: 111
臺南市中西區永福小西三民里活動中心,臺南市中西區,府前路一段258號,22.9901,120.2008,True,臺南,111,1.9141971053043554,High Risk,Nearest AQI station (臺南) AQI: 111
臺南市中西區萬昌公正里活動中心,臺南市中西區,青年路226巷20號,22.991183,120.21101,True,臺南,111,0.8922778001495769,High Risk,Nearest AQI station (臺南) AQI: 111
臺南市中西區中頭社區活動中心,臺南市中西區,保安路201之1號1樓,22.9912,120.1913,True,臺南,111,2.8923447540355247,High Risk,Nearest AQI station (臺南) AQI: 111
臺南市中西區民生社區活動中心,臺南市中西區,保安路201之1號2樓,22.9912,120.1913,True,臺南,111,2.8923447540355247,High Risk,Nearest AQI station (臺南) AQI: 111
臺南市歸仁區保西國小,臺南市歸仁區,中正北路三段60號,22.9919,120.2936,True,林森,112,7.350420945756211,High Risk,Nearest AQI station (林森) AQI: 112
東寧運動公園,臺南市東區,東寧路與林森路二段路口,22.992061,120.224271,False,臺南,111,0.5796770709019129,High Risk,Nearest AQI station (臺南) AQI: 111
臺南市東區大學東寧聯合社區活動中心,臺南市東區,林森路二段252號,22.9921,120.2243,True,臺南,111,0.5845035102167788,High Risk,Nearest AQI station (臺南) AQI: 111
臺南市中西區青年銀同里活動中心,臺南市中西區,開山路1號,22.9922,120.2057,True,臺南,111,1.4472618548163056,High Risk,Nearest AQI station (臺南) AQI: 111
臺南市中西區建國里活動中心,臺南市中西區,永福路二段81巷1號,22.9928,120.2006,True,臺南,111,1.9716646481181768,High Risk,Nearest AQI station (臺南) AQI: 111
高雄市內門區溝坪國民小學,高雄市內門區,廣福47號,22.993331,120.501231,False,美濃,94,12.567120649154349,Warning,"Nearest AQI station (美濃) AQI: 94, Outdoor facility"
臺南市關廟區保東國小,臺南市關廟區,關新路一段776號,22.9934,120.3175,True,林森,112,9.801542895087039,High Risk,Nearest AQI station (林森) AQI: 112
臺南市中西區大涼社區活動中心,臺南市中西區,府前路二段258巷55號,22.9936,120.1908,True,臺南,111,2.9746212476673852,High Risk,Nearest AQI station (臺南) AQI: 111
臺南市安平區安平國小-風雨球場,臺南市安平區,怡平路392號,22.993942,120.176439,True,臺南,111,4.436003004625652,High Risk,Nearest AQI station (臺南) AQI: 111
臺南市中西區中正里活動中心,臺南市中西區,國華街三段5號2樓、3樓,22.9945,120.1972,True,臺南,111,2.353133785240931,High Risk,Nearest AQI station (臺南) AQI: 111
臺南市安平區公所,臺南市安平區,育平路316號,22.994806,120.168802,False,臺南,111,5.2235959740152955,High Risk,Nearest AQI station (臺南) AQI: 111
臺南市安平區台南聖教會,臺南市安平區,府前四街90號,22.995143,120.185097,True,臺南,111,3.579196142891772,High Risk,Nearest AQI station (臺南) AQI: 111
臺南市安平區建平里活動中心,臺南市安平區,府前三街27號,22.99525,120.185584,True,臺南,111,3.5324049103492503,High Risk,Nearest AQI station (臺南) AQI: 111
臺南市安平區華平里活動中心,臺南市安平區,育平九街195號,22.995282,120.171965,True,臺南,111,4.909122582605166,High Risk,Nearest AQI station (臺南) AQI: 111
白水泉社區活動中心,高雄市杉林區,茄苳巷26號,22.9967,120.5784,True,美濃,94,13.499030644781884,Medium Risk,"Nearest AQI station (美濃) AQI: 94, Indoor facility"
臺南市安平區沙灘忠誠社區聯合活動中心,臺南市安平區,世平路69號,22.997064,120.148967,True,臺南,111,7.269322154605863,High Risk,Nearest AQI station (臺南) AQI: 111
臺南市中西區民權里活動中心,臺南市中西區,民權路三段135號,22.9971,120.1962,True,臺南,111,2.5364306633118643,High Risk,Nearest AQI station (臺南) AQI: 111
臺南市安平區平通里活動中心,臺南市安平區,平通路580巷102號,22.99731,120.170604,True,臺南,111,5.0818639899006595,High Risk,Nearest AQI station (臺南) AQI: 111
臺南市安平區安平國中-安平館,臺南市安平區,慶平路687號,22.997889,120.168263,True,臺南,111,5.329104316363373,High Risk,Nearest AQI station (臺南) AQI: 111
泰源活動中心村辦公處,臺東縣東河鄉,8鄰225號,22.997948,121.286015,False,關山,27,13.737554439360034,Low Risk,
臺南市中西區天后里活動中心,臺南市中西區,新美街167號,22.998046,120.201382,True,臺南,111,2.0930502815654934,High Risk,Nearest AQI station (臺南) AQI: 111
高雄市杉林區杉林國民小學,高雄市杉林區,合森巷41號,22.998095,120.548069,False,美濃,94,12.859019907206564,Warning,"Nearest AQI station (美濃) AQI: 94, Outdoor facility"
臺南市中西區龍盛社區活動中心,臺南市中西區,民權路三段232號,22.9982,120.1938,True,臺南,111,2.809294534755789,High Risk,Nearest AQI station (臺南) AQI: 111
臺南市安平區天橋教會,臺南市安平區,怡平路140巷29號,22.99822,120.16822,True,臺南,111,5.340154452218606,High Risk,Nearest AQI station (臺南) AQI: 111
泰源國小,臺東縣東河鄉,本部落11鄰297號,22.998414,121.285041,False,關山,27,13.625630010599894,Low Risk,
臺南市中西區協進國小,臺南市中西區,金華路四段17號,22.9987,120.1875,True,臺南,111,3.4367687328794987,High Risk,Nearest AQI station (臺南) AQI: 111
臺南市永康區復興里活動中心,臺南市永康區,復興路356巷13號,22.9988,120.2415,True,林森,112,2.489463189865512,High Risk,Nearest AQI station (林森) AQI: 112
臺南市中西區成功國小,臺南市中西區,成功路 235 號,22.998887,120.20317,True,臺南,111,1.98173315722364,High Risk,Nearest AQI station (臺南) AQI: 111
新和社區活動中心,高雄市杉林區,司馬路384巷5號,22.999381,120.574128,True,美濃,94,13.62774233119197,Medium Risk,"Nearest AQI station (美濃) AQI: 94, Indoor facility"
臺南市安平區平安里活動中心,臺南市安平區,民權路四段325號,22.999443,120.17692,True,臺南,111,4.500428358749507,High Risk,Nearest AQI station (臺南) AQI: 111
原加拿托兒所,臺東縣海端鄉,1鄰加南1號,22.999481,121.130244,False,關山,27,6.019069921724948,Low Risk,
臺南市北區區公所,臺南市北區,成功路238巷7號,22.9997,120.2029,False,臺南,111,2.0546385586660056,High Risk,Nearest AQI station (臺南) AQI: 111
臺南市安平區石門國小-操場,臺南市安平區,安平路700號,22.999878,120.166309,False,臺南,111,5.568504186319765,High Risk,Nearest AQI station (臺南) AQI: 111
臺南市北區東興社區活動中心,臺南市北區,小東路401巷51號之1,22.99999,120.232393,True,臺南,111,1.7789786086652883,High Risk,Nearest AQI station (臺南) AQI: 111
臺南市北區公園里活動中心,臺南市北區,公園南路39號,23.0002,120.2116,True,臺南,111,1.4573885503586206,High Risk,Nearest AQI station (臺南) AQI: 111
臺南市龍崎區石[石曹]里里民活動中心,臺南市龍崎區,4鄰刺子崙13之3號,23.0002,120.3974,True,善化,102,16.218517507864295,High Risk,Nearest AQI station (善化) AQI: 102
臺南市北區公園國小,臺南市北區,公園路180號,23.0003,120.2091,True,臺南,111,1.6215246446886105,High Risk,Nearest AQI station (臺南) AQI: 111
臺南市安平區觀音亭,臺南市安平區,觀音街33號,23.000378,120.162984,False,臺南,111,5.912924095215089,High Risk,Nearest AQI station (臺南) AQI: 111
臺南市安平區開台天后宮,臺南市安平區,國勝路33號,23.000908,120.160689,False,臺南,111,6.154959374500138,High Risk,Nearest AQI station (臺南) AQI: 111
臺南市北區立人國小,臺南市北區,西門路三段41號,23.0014,120.2021,True,臺南,111,2.2315420873138794,High Risk,Nearest AQI station (臺南) AQI: 111
臺南市永康區中華里活動中心,臺南市永康區,忠勇街51號,23.0015,120.2381,True,臺南,111,2.340587751555406,High Risk,Nearest AQI station (臺南) AQI: 111
臺南市中西區西湖社區活動中心,臺南市中西區,湖美街60巷31號,23.0016,120.1808,True,臺南,111,4.1893328465211965,High Risk,Nearest AQI station (臺南) AQI: 111
臺南市永康區勝利里活動中心,臺南市永康區,勝利街37巷39號,23.0021,120.2294,True,臺南,111,1.7499620135212735,High Risk,Nearest AQI station (臺南) AQI: 111
臺南市北區安民社區活動中心,臺南市北區,海安路三段59號,23.0022,120.1992,True,臺南,111,2.524200326350699,High Risk,Nearest AQI station (臺南) AQI: 111
臺南市安平區西門國小-多功能教室及普通教室,臺南市安平區,安北路180號,23.002924,120.159508,True,臺南,111,6.323153808114461,High Risk,Nearest AQI station (臺南) AQI: 111
臺南市永康區永康公園,臺南市永康區,興國街100號,23.003,120.2427,False,臺南,111,2.8241603445925865,High Risk,Nearest AQI station (臺南) AQI: 111
臺南市中西區光賢里活動中心,臺南市中西區,和善街98巷7號,23.003161,120.189831,True,臺南,111,3.4045294802049457,High Risk,Nearest AQI station (臺南) AQI: 111
臺南市北區裕民社區活動中心,臺南市北區,臨安路二段93號,23.0032,120.1973,True,臺南,111,2.747459784405862,High Risk,Nearest AQI station (臺南) AQI: 111
臺南市北區重興社區活動中心,臺南市北區,東豐路451巷169號,23.0036,120.2266,True,臺南,111,1.7508977774399475,High Risk,Nearest AQI station (臺南) AQI: 111
臺南市北區和順里活動中心,臺南市北區,公園南路406號,23.0037,120.2012,True,臺南,111,2.463843949070495,High Risk,Nearest AQI station (臺南) AQI: 111
臺南市安平區海頭社區活動中心,臺南市安平區,古堡街90巷33號,23.004411,120.160277,True,臺南,111,6.288928996614923,High Risk,Nearest AQI station (臺南) AQI: 111
臺南市永康區崑山里活動中心,臺南市永康區,崑山街222巷11號,23.0048,120.2602,True,林森,112,4.460793335780761,High Risk,Nearest AQI station (林森) AQI: 112
臺南市永康區東灣里活動中心,臺南市永康區,民族路291號,23.0051,120.2694,True,林森,112,5.316503068692294,High Risk,Nearest AQI station (林森) AQI: 112
臺南市北區民德國中,臺南市北區,西門路三段223號,23.0054,120.2052,True,臺南,111,2.3125391323951354,High Risk,Nearest AQI station (臺南) AQI: 111
臺南市北區文賢國中,臺南市北區,文賢一路2號,23.0057,120.1962,True,臺南,111,3.0016614201368848,High Risk,Nearest AQI station (臺南) AQI: 111
臺南市永康區復國里活動中心,臺南市永康區,復國二路46號,23.006,120.2474,True,臺南,111,3.409247492677158,High Risk,Nearest AQI station (臺南) AQI: 111
關山鎮電光國民小學,臺東縣關山鎮,中興93號,23.0061,121.1737,False,關山,27,4.49886608851342,Low Risk,
臺南市永康區中興里活動中心,臺南市永康區,中興街40號,23.0063,120.2402,True,臺南,111,2.842322907869268,High Risk,Nearest AQI station (臺南) AQI: 111
臺南市北區賢北國小,臺南市北區,大興街599號,23.0076,120.1792,True,臺南,111,4.598475795159739,High Risk,Nearest AQI station (臺南) AQI: 111
臺南市北區國姓社區活動中心,臺南市北區,公園路433巷15號1樓,23.0078,120.209,True,臺南,111,2.3216090361364694,High Risk,Nearest AQI station (臺南) AQI: 111
臺南市北區賢北里活動中心,臺南市北區,賢北街108號,23.0086,120.1833,True,臺南,111,4.2809959006490965,High Risk,Nearest AQI station (臺南) AQI: 111
臺南市北區大仁社區活動中心,臺南市北區,和緯路一段1號,23.009,120.2165,True,臺南,111,2.213520033727327,High Risk,Nearest AQI station (臺南) AQI: 111
臺南市新化區大坑里活動中心,臺南市新化區,大坑尾182號,23.009,120.3849,True,善化,102,14.657130828713003,High Risk,Nearest AQI station (善化) AQI: 102
臺南市永康區六合里活動中心,臺南市永康區,中華二路358巷43號,23.0091,120.2303,True,臺南,111,2.4662424721303733,High Risk,Nearest AQI station (臺南) AQI: 111
電光活動中心,臺東縣關山鎮,3鄰中興85號,23.0093,121.1652,True,關山,27,3.992909383704981,Low Risk,
臺南市北區延平國中,臺南市北區,公園路750號,23.0095,120.2107,True,臺南,111,2.4209542562039186,High Risk,Nearest AQI station (臺南) AQI: 111
臺南市永康區體一運動公園,臺南市永康區,中正北路底豐化橋南端,23.0095,120.2405,False,臺南,111,3.111763683590654,High Risk,Nearest AQI station (臺南) AQI: 111
臺南市北區文元文成里聯合活動中心,臺南市北區,和緯路三段370號,23.0099,120.1942,True,臺南,111,3.45693756060921,High Risk,Nearest AQI station (臺南) AQI: 111
臺南市永康區西灣里活動中心,臺南市永康區,永華街201巷12號,23.0102,120.259,True,臺南,111,4.666180578731487,High Risk,Nearest AQI station (臺南) AQI: 111
臺南市永康區北灣里活動中心,臺南市永康區,文賢街332號,23.0119,120.2673,True,林森,112,5.490478160758909,High Risk,Nearest AQI station (林森) AQI: 112
關山鎮月眉國民小學,臺東縣關山鎮,盛豐路1號,23.0126,121.1425,False,關山,27,4.123210916665095,Low Risk,
臺南市北區實踐社區活動中心,臺南市北區,大武街161號,23.0134,120.2158,True,臺南,111,2.7079848264922695,High Risk,Nearest AQI station (臺南) AQI: 111
臺南市北區開元國小,臺南市北區,開元路71巷32號,23.0138,120.2219,True,臺南,111,2.737393048576331,High Risk,Nearest AQI station (臺南) AQI: 111
臺南市安南區海南里活動中心,臺南市安南區,府安路七段1巷2號,23.0142,120.1822,True,臺南,111,4.715468178252994,High Risk,Nearest AQI station (臺南) AQI: 111
臺南市北區昇平社區活動中心,臺南市北區,長榮路五段452巷18號,23.0142,120.2146,True,臺南,111,2.8152768111061626,High Risk,Nearest AQI station (臺南) AQI: 111
臺南市永康區安康里活動中心,臺南市永康區,中華西街122巷62號,23.0151,120.2281,True,臺南,111,3.0032617469498835,High Risk,Nearest AQI station (臺南) AQI: 111
臺南市北區文元國小,臺南市北區,海安路三段815號,23.0154,120.2,True,臺南,111,3.522586345079832,High Risk,Nearest AQI station (臺南) AQI: 111
月眉活動中心,臺東縣關山鎮,中和7之3號,23.0159,121.1516,True,關山,27,3.4129356496735315,Low Risk,
臺南市永康區復華里活動中心,臺南市永康區,國華街110號,23.0168,120.2452,True,臺南,111,4.036425912894024,High Risk,Nearest AQI station (臺南) AQI: 111
臺南市安南區四草里活動中心,臺南市安南區,大眾路656號,23.017087,120.128311,True,安南,115,9.760356289263258,High Risk,Nearest AQI station (安南) AQI: 115
臺南市永康區社教中心,臺南市永康區,永大二路88號,23.0187,120.26,False,臺南,111,5.282106059649154,High Risk,Nearest AQI station (臺南) AQI: 111
臺南市永康區尚頂里活動中心,臺南市永康區,中華路920號,23.0211,120.2233,True,安南,115,3.0709472529328443,High Risk,Nearest AQI station (安南) AQI: 115
臺南市永康區東橋里活動中心,臺南市永康區,東橋十街158號,23.0212,120.2365,True,安南,115,3.5765489570362634,High Risk,Nearest AQI station (安南) AQI: 115
臺南市永康區大橋里活動中心,臺南市永康區,大橋三街230號,23.0218,120.2296,True,安南,115,3.185680701769485,High Risk,Nearest AQI station (安南) AQI: 115
臺南市永康區新樹里活動中心,臺南市永康區,富強路二段98號,23.0229,120.2751,True,安南,115,6.530930963137173,High Risk,Nearest AQI station (安南) AQI: 115
臺南市永康區甲頂里活動中心,臺南市永康區,中華路920-1號,23.0237,120.2144,True,安南,115,2.742350730926942,High Risk,Nearest AQI station (安南) AQI: 115
臺南市安南區安富里活動中心,臺南市安南區,郡安路5段164巷12弄1號,23.02479,120.1966,True,安南,115,3.3686910813966704,High Risk,Nearest AQI station (安南) AQI: 115
臺南市永康區公所3樓禮堂,臺南市永康區,中山南路655號,23.0261,120.257,False,安南,115,4.7301576707989454,High Risk,Nearest AQI station (安南) AQI: 115
臺南市左鎮區光榮國小澄山分校,臺南市左鎮區,77-3號,23.0262,120.3855,True,善化,102,13.235824657299336,High Risk,Nearest AQI station (善化) AQI: 102
臺南市永康區探索教育公園,臺南市永康區,永大三路30號,23.0266,120.2579,False,安南,115,4.780916799423418,High Risk,Nearest AQI station (安南) AQI: 115
臺南市安南區海佃國民中學,臺南市安南區,安富街166號,23.026965,120.197792,False,安南,115,3.1049509497465273,High Risk,Nearest AQI station (安南) AQI: 115
臺南市安南區溪北里活動中心,臺南市安南區,文安街66號,23.027,120.213,True,安南,115,2.4015572786779646,High Risk,Nearest AQI station (安南) AQI: 115
臺南市安南區溪墘里活動中心,臺南市安南區,海佃路一段372巷50號,23.0279,120.1922,True,安南,115,3.434518029541606,High Risk,Nearest AQI station (安南) AQI: 115
臺南市永康區永康國民小學,臺南市永康區,中山南路637號,23.027954,120.24811,False,安南,115,3.857125296565707,High Risk,Nearest AQI station (安南) AQI: 115
臺南市新化區體育公園,臺南市新化區,公園路110號,23.0295,120.3067,False,安南,115,9.361257460652185,High Risk,Nearest AQI station (安南) AQI: 115
臺南市安南區安順國中-順中館,臺南市安南區,安和路三段227號,23.0313,120.2126,True,安南,115,1.9446113665520897,High Risk,Nearest AQI station (安南) AQI: 115
北源活動中心村辦公處,臺東縣東河鄉,美蘭19鄰43-1號,23.031352,121.286649,False,關山,27,12.85275701086733,Low Risk,
臺南市永康區龍潭里活動中心,臺南市永康區,龍國街400號,23.0314,120.2667,True,安南,115,5.369699335962717,High Risk,Nearest AQI station (安南) AQI: 115
臺南市安南區安西里活動中心,臺南市安南區,安西路101號,23.032486,120.208978,True,安南,115,1.9525257852685656,High Risk,Nearest AQI station (安南) AQI: 115
臺南市新化區保生大帝廟,臺南市新化區,洋子127號,23.0334,120.2959,False,安南,115,8.189232823100786,High Risk,Nearest AQI station (安南) AQI: 115
臺南市安南區安東里活動中心,臺南市安南區,安和路一段478巷2弄120號,23.033564,120.214219,True,安南,115,1.661389984990493,High Risk,Nearest AQI station (安南) AQI: 115
臺南市安南區理想大安社區活動中心,臺南市安南區,大安街135號,23.034,120.1931,True,安南,115,2.9539226789159496,High Risk,Nearest AQI station (安南) AQI: 115
關山鎮老人文康活動中心,臺東縣關山鎮,忠孝路18巷2號1樓,23.0352,121.1682,True,關山,27,1.2723585125828145,Low Risk,
臺南市安南區?田里活動中心,臺南市安南區,?安路28號,23.0367,120.1411,True,安南,115,7.921336843336804,High Risk,Nearest AQI station (安南) AQI: 115
臺南市新化區大新國小大禮堂,臺南市新化區,太平街176 號,23.0379,120.2991,True,善化,102,8.394385395707651,High Risk,Nearest AQI station (善化) AQI: 102
臺南市新化區新化國中大禮堂,臺南市新化區,中興路722號,23.0379,120.3076,True,善化,102,8.45714420004373,High Risk,Nearest AQI station (善化) AQI: 102
臺南市新化區新化果菜市場停車場,臺南市新化區,建國街40號,23.038,120.3093,False,善化,102,8.469341486459767,High Risk,Nearest AQI station (善化) AQI: 102
臺南市安南區海西里活動中心,臺南市安南區,海環街186號,23.038021,120.18432,True,安南,115,3.5786630434508053,High Risk,Nearest AQI station (安南) AQI: 115
臺南市新化區公所3樓展演廳,臺南市新化區,中山路130號,23.0382,120.3108,False,善化,102,8.47079818716193,High Risk,Nearest AQI station (善化) AQI: 102
臺南市新化區新化國小大禮堂,臺南市新化區,中山路173號,23.0383,120.311,True,善化,102,8.463163196842507,High Risk,Nearest AQI station (善化) AQI: 102
臺南大學附屬啟聰學校活動中心,臺南市新化區,信義路52號,23.0386,120.3193,True,善化,102,8.6111452031052,High Risk,Nearest AQI station (善化) AQI: 102
臺南市新化區新化高中新民館,臺南市新化區,忠孝路2號,23.0391,120.3326,True,善化,102,9.009780137881606,High Risk,Nearest AQI station (善化) AQI: 102
里?活動中心,臺東縣關山鎮,崁頂46之1號,23.0392,121.161,True,關山,27,0.6610893179103035,Low Risk,
臺南市安南區安慶里活動中心,臺南市安南區,長溪路一段168巷133號,23.0397,120.2101,True,安南,115,1.2107923499998599,High Risk,Nearest AQI station (安南) AQI: 115
北源國小,臺東縣東河鄉,順那21號,23.039731,121.292706,False,關山,27,13.394349536160368,Low Risk,
臺南市永康區埔園里活動中心,臺南市永康區,永大路三段618巷111號,23.040107,120.252374,True,安南,115,3.6800173703634504,High Risk,Nearest AQI station (安南) AQI: 115
臺南市永康區鹽行文化會館,臺南市永康區,正南八街1號,23.0402,120.2395,False,安南,115,2.4203500063251546,High Risk,Nearest AQI station (安南) AQI: 115
臺南市新化區唪口順天宮,臺南市新化區,唪口142號之26,23.0407,120.2901,False,安南,115,7.475186076975409,High Risk,Nearest AQI station (安南) AQI: 115
臺南市安南區安慶國民小學,臺南市安南區,安中路一段703巷80號,23.040741,120.192929,False,安南,115,2.64731766182504,High Risk,Nearest AQI station (安南) AQI: 115
臺南市安南區鹿耳門天后宮-公館,臺南市安南區,媽祖宮一街136號,23.04156,120.10991,False,安南,115,11.033469081361305,High Risk,Nearest AQI station (安南) AQI: 115
臺東縣池上鄉萬安國民小學振興分校,臺東縣池上鄉,6鄰36號,23.0426,121.1951,False,關山,27,3.4049326751261275,Low Risk,
臺南市永康區鹽洲里活動中心,臺南市永康區,鹽行路100巷40弄16號,23.0448,120.2338,True,安南,115,1.7100582178511936,High Risk,Nearest AQI station (安南) AQI: 115
臺南市永康區烏竹里活動中心,臺南市永康區,烏竹北街85號,23.0449,120.2633,True,安南,115,4.700580505603828,High Risk,Nearest AQI station (安南) AQI: 115
臺南市安南區媽祖宮社區活動中心,臺南市安南區,媽祖宮五街10號,23.045997,120.127812,True,安南,115,9.180111012576768,High Risk,Nearest AQI station (安南) AQI: 115
新福活動中心,臺東縣關山鎮,溪埔34之1號,23.0461,121.1722,True,關山,27,1.056597383204078,Low Risk,
臺南市安南區公所,臺南市安南區,安中路二段308號,23.0472,120.1848,False,安南,115,3.347676082068393,High Risk,Nearest AQI station (安南) AQI: 115
中福活動中心,臺東縣關山鎮,中華路68號2樓,23.0491,121.1636,True,關山,27,0.4781288556693306,Low Risk,
臺南市安南區海東國民小學,臺南市安南區,安中路三段381號,23.049279,120.174766,False,安南,115,4.374132629902249,High Risk,Nearest AQI station (安南) AQI: 115
臺南市安南區安南國中-禮堂,臺南市安南區,安中路三段252號,23.0496,120.1773,True,安南,115,4.1161552308040354,High Risk,Nearest AQI station (安南) AQI: 115
臺南市安南區原佃里活動中心,臺南市安南區,本原街一段167巷36弄46號,23.0505,120.1971,True,安南,115,2.10293763906744,High Risk,Nearest AQI station (安南) AQI: 115
關山鎮關山國民小學,臺東縣關山鎮,中華路101號,23.0506,121.1634,False,關山,27,0.6315590231690785,Low Risk,
臺南市永康區王行里活動中心,臺南市永康區,王行路866巷29弄118號,23.0511,120.2778,True,安南,115,6.17820082716422,High Risk,Nearest AQI station (安南) AQI: 115
豐泉活動中心,臺東縣關山鎮,忠孝路18巷2號2樓,23.0533,121.1536,True,關山,27,1.2497130758239612,Low Risk,
關山鎮德高國民小學,臺東縣關山鎮,7鄰永豐16號,23.0533,121.1536,False,關山,27,1.2497130758239612,Low Risk,
臺南市安南區梅花里活動中心,臺南市安南區,安中路一段557巷25號,23.05388,120.1699,True,安南,115,4.911101073725593,High Risk,Nearest AQI station (安南) AQI: 115
臺南市安南區城南里活動中心,臺南市安南區,城西街一段61巷28弄98號,23.0606,120.1272,True,安南,115,9.341339148474784,High Risk,Nearest AQI station (安南) AQI: 115
臺南市安南區東和里活動中心,臺南市安南區,長和路一段805號,23.062,120.2287,True,安南,115,1.915411050164175,High Risk,Nearest AQI station (安南) AQI: 115
臺南市安南區布袋里活動中心,臺南市安南區,長和路四段231巷60弄41號,23.0632,120.2071,True,安南,115,1.9787118515319262,High Risk,Nearest AQI station (安南) AQI: 115
臺南市安南區安佃國民小學,臺南市安南區,海佃路4段493號,23.064001,120.173444,False,安南,115,4.837945034004436,High Risk,Nearest AQI station (安南) AQI: 115
臺南市新化區接天寺,臺南市新化區,那拔林500號,23.0646,120.3482,False,善化,102,7.510761085452724,High Risk,Nearest AQI station (善化) AQI: 102
臺南市左鎮區榮和里活動中心,臺南市左鎮區,60-7號,23.0646,120.3887,True,善化,102,10.79912134633104,High Risk,Nearest AQI station (善化) AQI: 102
臺南市安南區長安國民小學,臺南市安南區,長溪路三段249號,23.065467,120.197829,False,安南,115,2.7817607818330203,High Risk,Nearest AQI station (安南) AQI: 115
臺南市安南區和順國民中學,臺南市安南區,安和路5段84巷66號,23.06584,120.2208,False,安南,115,1.9906533677049925,High Risk,Nearest AQI station (安南) AQI: 115
臺南市安南區佃東佃西社區活動中心,臺南市安南區,公學路四段325號,23.0661,120.1743,True,安南,115,4.847507975793775,High Risk,Nearest AQI station (安南) AQI: 115
臺南市安南區土城國民小學,臺南市安南區,城北路195號,23.066375,120.131192,False,安南,115,9.058730607377216,High Risk,Nearest AQI station (安南) AQI: 115
臺南市安南區正統鹿耳門土城聖母廟,臺南市安南區,城安路160號,23.0668,120.1273,False,安南,115,9.457516782668062,High Risk,Nearest AQI station (安南) AQI: 115
臺南市安南區和順國民小學,臺南市安南區,安和路五段178巷5號,23.066821,120.218204,False,安南,115,2.072146525150482,High Risk,Nearest AQI station (安南) AQI: 115
臺南市安南區城東里活動中心,臺南市安南區,城安路73號,23.066898,120.127576,True,安南,115,9.432357577580188,High Risk,Nearest AQI station (安南) AQI: 115
臺南市新化區那拔國小操場,臺南市新化區,那拔54號,23.0677,120.3497,False,善化,102,7.376209181557297,High Risk,Nearest AQI station (善化) AQI: 102
臺南市安南區州北里活動中心,臺南市安南區,安昌街22號,23.0682,120.2174,True,安南,115,2.2242556483617224,High Risk,Nearest AQI station (安南) AQI: 115
臺南市安南區塭南里活動中心,臺南市安南區,安昌街130號,23.071146,120.219603,True,安南,115,2.5608669358593046,High Risk,Nearest AQI station (安南) AQI: 115
臺南市安南區南興國民小學,臺南市安南區,公學路五段627號,23.07394,120.160816,False,安南,115,6.4672721302478084,High Risk,Nearest AQI station (安南) AQI: 115
德高活動中心,臺東縣關山鎮,8鄰永豐105之1號,23.0748,121.1776,True,關山,27,3.6726259675174755,Low Risk,
臺南市新市區文康育樂中心,臺南市新市區,忠孝街189號,23.0751,120.2945,False,善化,102,4.266505119533369,High Risk,Nearest AQI station (善化) AQI: 102
臺南市安南區青草里活動中心,臺南市安南區,青砂街二段371巷2號,23.07598,120.112012,True,安南,115,11.225760623239562,High Risk,Nearest AQI station (安南) AQI: 115
臺南市新市區老人文康活動中心,臺南市新市區,社內91-22號,23.0766,120.2816,True,善化,102,4.397299776170944,High Risk,Nearest AQI station (善化) AQI: 102
臺南市安南區青草國民小學,臺南市安南區,青砂街二段105巷32號,23.076717,120.117215,False,安南,115,10.738893655837328,High Risk,Nearest AQI station (安南) AQI: 115
臺南市山上區豐德里活動中心,臺南市山上區,豐德49-2號,23.0774,120.3596,True,善化,102,7.514742135665922,High Risk,Nearest AQI station (善化) AQI: 102
臺南市安南區學東國民小學,臺南市安南區,公學路6段589號,23.07819,120.145483,False,安南,115,8.087540822040639,High Risk,Nearest AQI station (安南) AQI: 115
臺南市新市區公所三樓大禮堂,臺南市新市區,中興街12號,23.0787,120.2952,False,善化,102,3.8624339261199063,High Risk,Nearest AQI station (善化) AQI: 102
臺南市新市區新市國小學生活動中心,臺南市新市區,中興街1號,23.0787,120.2958,True,善化,102,3.8593363063309907,High Risk,Nearest AQI station (善化) AQI: 102
臺南市安南區學東里活動中心,臺南市安南區,公學路六段661號,23.0793,120.1431,True,安南,115,8.36052271608393,High Risk,Nearest AQI station (安南) AQI: 115
臺南市安南區砂崙里活動中心,臺南市安南區,城北路871巷94弄17號,23.079511,120.127523,True,安南,115,9.841804963498491,High Risk,Nearest AQI station (安南) AQI: 115
臺南市安定區南興國小,臺南市安定區,六嘉30號,23.0798,120.219,True,安南,115,3.5174424734991714,High Risk,Nearest AQI station (安南) AQI: 115
臺南市安定區南興國小,臺南市安定區,六嘉30號,23.0798,120.219,True,安南,115,3.5174424734991714,High Risk,Nearest AQI station (安南) AQI: 115
富興村辦公處,臺東縣池上鄉,4鄰62之1號,23.0813,121.2212,False,關山,27,7.278971795742729,Low Risk,
臺南市新市區新市國中育樂堂,臺南市新市區,民族路76號,23.0834,120.3005,True,善化,102,3.348221181391551,High Risk,Nearest AQI station (善化) AQI: 102
臺南市新市區新市國中操場,臺南市新市區,民族路76號,23.0834,120.3005,False,善化,102,3.348221181391551,High Risk,Nearest AQI station (善化) AQI: 102
臺南市安定區大同社區活動中心,臺南市安定區,大同81號,23.0839,120.2231,True,安南,115,4.011117771287985,High Risk,Nearest AQI station (安南) AQI: 115
臺南市西港區新復里活動中心,臺南市西港區,溪埔寮19-9號,23.085261,120.184578,True,安南,115,5.322527939567816,High Risk,Nearest AQI station (安南) AQI: 115
臺南市新市區大社國小育賢三樓〈學生活動中心）,臺南市新市區,大社39號,23.0863,120.3191,True,善化,102,3.7400953582120016,High Risk,Nearest AQI station (善化) AQI: 102
臺南市山上區平陽里活動中心,臺南市山上區,平陽48號,23.0868,120.3807,True,善化,102,9.01731904188122,High Risk,Nearest AQI station (善化) AQI: 102
臺南市安定區複合式運動場四周及南安小操場,臺南市安定區,港口333-22號,23.0928,120.2196,False,安南,115,4.96427806984972,High Risk,Nearest AQI station (安南) AQI: 115
臺南市安定區複合式運動場四周及南安小操場,臺南市安定區,港口333-22號,23.0928,120.2196,False,安南,115,4.96427806984972,High Risk,Nearest AQI station (安南) AQI: 115
臺南市七股區十份里漁民活動中心,臺南市七股區,十份24-28號,23.0942,120.1055,True,安南,115,12.54776761612811,High Risk,Nearest AQI station (安南) AQI: 115
萬安村辦公處,臺東縣池上鄉,1鄰萬安7號,23.0948,121.2185,False,關山,27,8.003155661666257,Low Risk,
臺南市七股區永吉里多功能活動中心,臺南市七股區,永吉16-8號,23.0954,120.1288,True,安南,115,10.482765770187202,High Risk,Nearest AQI station (安南) AQI: 115
臺南市安定區海寮社區活動中心,臺南市安定區,海寮15之3號,23.0965,120.2112,True,安南,115,5.409577990311785,High Risk,Nearest AQI station (安南) AQI: 115
臺南市安定區南安國小,臺南市安定區,南安62號,23.0984,120.225,True,安南,115,5.634798538812757,High Risk,Nearest AQI station (安南) AQI: 115
臺南市山上區新莊里大庄活動中心,臺南市山上區,大庄32號,23.0987,120.3637,True,善化,102,6.973914817953074,High Risk,Nearest AQI station (善化) AQI: 102
錦園村辦公處,臺東縣池上鄉,1鄰新開園2號,23.0988,121.2203,False,關山,27,8.445719146426423,Low Risk,
臺南市七股區三股社區活動中心,臺南市七股區,三股39號,23.0993,120.1182,True,安南,115,11.639647409809719,High Risk,Nearest AQI station (安南) AQI: 115
海端鄉立托兒所Haiduan Nursery School,臺東縣海端鄉,"3鄰山界17-3號No.17-3, Shanjie, Haiduan Township, Taitung County 957, Taiwan",23.100134,121.1767,False,關山,27,6.305042369712989,Low Risk,
臺南市山上區國民小學,臺南市山上區,南洲43號,23.1008,120.3557,False,善化,102,6.123848184636897,High Risk,Nearest AQI station (善化) AQI: 102
臺南市山上區南洲里農民教育活動中心,臺南市山上區,南洲197號,23.1011,120.3536,True,善化,102,5.907146902433871,High Risk,Nearest AQI station (善化) AQI: 102
臺南市七股區義合里多功能活動中心,臺南市七股區,義合72之2號,23.1013,120.1382,True,安南,115,10.03372649955383,High Risk,Nearest AQI station (安南) AQI: 115
海端國小Haiduan Elementary School,臺東縣海端鄉,"4鄰山界36號No.36, Shanjie, Haiduan Township, Taitung County 957, Taiwan",23.10145705,121.1761798,True,關山,27,6.435708437758638,Low Risk,
臺南市山上區山上里農民教育活動中心,臺南市山上區,山上134-1號,23.1017,120.3577,True,善化,102,6.301766969946731,High Risk,Nearest AQI station (善化) AQI: 102
臺南市山上區玉?里活動中心,臺南市山上區,玉?35號,23.1017,120.3891,True,善化,102,9.467411936966517,High Risk,Nearest AQI station (善化) AQI: 102
海端鄉公所Haiduan Township Office,臺東縣海端鄉,"4鄰山界路43號No.43, Shanjie, Haiduan Township, Taitung County 957, Taiwan",23.10206982,121.1766199,False,關山,27,6.512332201602362,Low Risk,
臺南市七股區三股國小操場,臺南市七股區,三股100號,23.102173,120.116949,False,安南,115,11.909166787550493,High Risk,Nearest AQI station (安南) AQI: 115
臺南市七股區竹橋里多功能活動中心,臺南市七股區,竹橋33-1號,23.1029,120.1637,True,安南,115,8.203000176754424,High Risk,Nearest AQI station (安南) AQI: 115
臺南市山上區山上國民中學,臺南市山上區,山上130號,23.103,120.3584,False,善化,102,6.343933778307651,High Risk,Nearest AQI station (善化) AQI: 102
臺南市安定區南安社區活動中心,臺南市安定區,南安1號,23.1033,120.2274,True,安南,115,6.210307834434956,High Risk,Nearest AQI station (安南) AQI: 115
臺南市安定區港尾社區活動中心,臺南市安定區,港尾74-11號,23.1038,120.2338,True,安南,115,6.403675800082593,High Risk,Nearest AQI station (安南) AQI: 115
臺南市西港區成功國小,臺南市西港區,竹林11號,23.1042,120.1794,True,安南,115,7.3463896101626736,High Risk,Nearest AQI station (安南) AQI: 115
行政院國軍退除役官兵輔導委員會佳里榮譽國民之家,臺南市七股區,三股147號,23.1043,120.1231,False,安南,115,11.496640832821683,High Risk,Nearest AQI station (安南) AQI: 115
新興村辦公處,臺東縣池上鄉,4鄰48之1號,23.1066,121.2069,False,關山,27,8.243241616503258,Low Risk,
臺南市山上區明和里活動中心,臺南市山上區,明和98號,23.1078,120.3481,True,善化,102,5.22156781217821,High Risk,Nearest AQI station (善化) AQI: 102
臺南市西港區廣興宮,臺南市西港區,中港24號,23.1079,120.1937,False,安南,115,7.071030001900523,High Risk,Nearest AQI station (安南) AQI: 115
臺南市七股區樹林國小操場,臺南市七股區,樹林65-11號,23.110999,120.156033,False,安南,115,9.396913663946648,High Risk,Nearest AQI station (安南) AQI: 115
臺南市七股區樹林社區活動中心,臺南市七股區,樹林5-8號,23.1139,120.1572,True,安南,115,9.561563656809458,High Risk,Nearest AQI station (安南) AQI: 115
臺南市安定區安定國中操場,臺南市安定區,安加262-1號,23.114,120.234,False,善化,102,6.4847699833439485,High Risk,Nearest AQI station (善化) AQI: 102
臺南市七股區竹港社區活動中心,臺南市七股區,竹港52-19號,23.1142,120.1748,True,安南,115,8.540654449034554,High Risk,Nearest AQI station (安南) AQI: 115
臺南市安定區圖書館,臺南市安定區,安加262之8號,23.1145,120.2343,True,善化,102,6.454915730317647,High Risk,Nearest AQI station (善化) AQI: 102
臺東縣立池上國民中學,臺東縣池上鄉,7鄰新興88號,23.115321,121.20497,False,關山,27,8.965454502515003,Low Risk,
臺東縣池上鄉萬安國民小學,臺東縣池上鄉,1鄰5號之2,23.1172,121.1896,False,關山,27,8.503816758012148,Low Risk,
臺南市大內區曲溪社區活動中心,臺南市大內區,曲溪51-2號,23.1181,120.3874,True,善化,102,9.218508834074854,High Risk,Nearest AQI station (善化) AQI: 102
臺南市安定區體育運動公園（防災公園）,臺南市安定區,安加243-5號旁,23.118189,120.23815,False,善化,102,6.083470472044803,High Risk,Nearest AQI station (善化) AQI: 102
臺南市安定區體育運動公園（防災公園）,臺南市安定區,安加243-5號旁,23.118189,120.23815,False,善化,102,6.083470472044803,High Risk,Nearest AQI station (善化) AQI: 102
臺南市大內區大內國小,臺南市大內區,大內63號,23.1186,120.3613,True,善化,102,6.560104182196164,High Risk,Nearest AQI station (善化) AQI: 102
臺南市西港區老人文康活動中心,臺南市西港區,後營1-2號,23.1188,120.1958,True,安南,115,8.158471138950093,High Risk,Nearest AQI station (安南) AQI: 115
臺南市安定區安定國中,臺南市安定區,安加262-1號,23.1196,120.2381,True,善化,102,6.104323278650689,High Risk,Nearest AQI station (善化) AQI: 102
臺南市安定區老人文康活動中心,臺南市安定區,安定131之1號,23.1198,120.2372,True,善化,102,6.1982977256182705,High Risk,Nearest AQI station (善化) AQI: 102
大埔村辦公處,臺東縣池上鄉,大埔14號,23.1209,121.215,False,關山,27,10.026951451774616,Low Risk,
臺南市西港區慶安社區活動中心,臺南市西港區,新興街107巷32號,23.1211,120.1805,True,安南,115,8.94644821209744,High Risk,Nearest AQI station (安南) AQI: 115
臺南市西港區港東里活動中心,臺南市西港區,烏竹林58-5號,23.1211,120.2019,True,安南,115,8.262010821930126,High Risk,Nearest AQI station (安南) AQI: 115
臺南市安定區公所,臺南市安定區,安定59號,23.1213,120.2372,False,善化,102,6.219691322014084,High Risk,Nearest AQI station (善化) AQI: 102
臺南市大內區大內國中,臺南市大內區,內江319-1號,23.1219,120.3544,True,善化,102,5.905179060547774,High Risk,Nearest AQI station (善化) AQI: 102
臺南市大內區石子瀨社區活動中心,臺南市大內區,石城114-66號,23.122181,120.354388,True,善化,102,5.909058209016912,High Risk,Nearest AQI station (善化) AQI: 102
臺南市大內區二溪社區活動中心,臺南市大內區,二溪198-1號,23.1223,120.3926,True,善化,102,9.785609390920435,High Risk,Nearest AQI station (善化) AQI: 102
池上鄉公所,臺東縣池上鄉,中山路101號,23.1225,121.215,False,關山,27,10.176974851913812,Low Risk,
臺南市善化區小新社區活動中心,臺南市善化區,小新113號之24,23.1226,120.3146,True,善化,102,2.035672973191347,High Risk,Nearest AQI station (善化) AQI: 102
臺南市安定區安定國小操場,臺南市安定區,安定1號,23.1229,120.2466,False,善化,102,5.302458688364081,High Risk,Nearest AQI station (善化) AQI: 102
大坡村辦公處,臺東縣池上鄉,大坡38之2號,23.123,121.2323,False,關山,27,11.26388078014378,Low Risk,
臺南市西港區西港國中,臺南市西港區,文化路41號,23.123745,120.20505,True,安南,115,8.496537332503797,High Risk,Nearest AQI station (安南) AQI: 115
米鄉-池上文化館,臺東縣池上鄉,公園路2號,23.1238,121.208,False,關山,27,9.940781614661535,Low Risk,
臺南市西港區慶安宮,臺南市西港區,慶安路32號,23.1239,120.2032,False,安南,115,8.543934295515834,High Risk,Nearest AQI station (安南) AQI: 115
臺南市西港區私立港明中學,臺南市西港區,慶安路229號,23.1239,120.2153,False,安南,115,8.420797040307322,High Risk,Nearest AQI station (安南) AQI: 115
臺南市善化區小新國小,臺南市善化區,小新79號,23.125,120.312,True,善化,102,1.9743724951107295,High Risk,Nearest AQI station (善化) AQI: 102
臺南市佳里區塭內國小,臺南市佳里區,塭子內40號,23.1253,120.165,False,安南,115,10.116487813681283,High Risk,Nearest AQI station (安南) AQI: 115
臺東縣池上鄉福原國民小學,臺東縣池上鄉,中華路17號,23.1253,121.2149,False,關山,27,10.436309494186304,Low Risk,
臺東縣池上鄉大坡國民小學,臺東縣池上鄉,87號,23.1255,121.2308,False,關山,27,11.383452280265692,Low Risk,
慶豐村辦公處,臺東縣池上鄉,慶豐82號,23.1259,121.2297,False,關山,27,11.349345481215844,Low Risk,
臺南市佳里區蚶寮社區活動中心,臺南市佳里區,蚶寮21號,23.1267,120.1596,True,安南,115,10.548659594799057,High Risk,Nearest AQI station (安南) AQI: 115
福文村辦公處,臺東縣池上鄉,文化路20號,23.1268,121.216,False,關山,27,10.637267081147357,Low Risk,
臺南市善化區文昌社區活動中心,臺南市善化區,光復路175-1號,23.1273,120.2907,True,善化,102,1.693286290269181,High Risk,Nearest AQI station (善化) AQI: 102
臺南市七股區溪南里漁民活動中心,臺南市七股區,溪南28號,23.1276,120.1198,True,安南,115,13.335182298228993,High Risk,Nearest AQI station (安南) AQI: 115
臺南市善化區大成國小,臺南市善化區,大成路385號,23.1284,120.2951,True,善化,102,1.6870981778066358,High Risk,Nearest AQI station (善化) AQI: 102
陸安聚會所,臺東縣池上鄉,陸安27號,23.1315,121.1867,False,關山,27,9.937475185357773,Low Risk,
臺南市七股區七股社區活動中心,臺南市七股區,七股103-1號,23.1343,120.1275,True,安南,115,13.281998746771894,High Risk,Nearest AQI station (安南) AQI: 115
臺南市善化區善化國小,臺南市善化區,進學路63號,23.1354,120.2888,True,善化,102,2.6022173426702637,High Risk,Nearest AQI station (善化) AQI: 102
臺南市善化區文正社區活動中心,臺南市善化區,文正路25巷18號,23.1364,120.2863,True,善化,102,2.8006786432979363,High Risk,Nearest AQI station (善化) AQI: 102
臺南市七股區玉成社區活動中心,臺南市七股區,玉成17號,23.1369,120.1343,True,安南,115,13.0271775880249,High Risk,Nearest AQI station (安南) AQI: 115
臺南市七股區龍山里漁民活動中心,臺南市七股區,龍山211-33號,23.1371,120.1146,True,安南,115,14.439625021052793,High Risk,Nearest AQI station (安南) AQI: 115
臺南市善化區文康育樂中心,臺南市善化區,進學路150號,23.1378,120.2891,False,善化,102,2.8454805784311743,High Risk,Nearest AQI station (善化) AQI: 102
臺南市善化區茄拔國小,臺南市善化區,茄拔280號,23.1383,120.3248,True,善化,102,3.9405886652818976,High Risk,Nearest AQI station (善化) AQI: 102
臺南市善化區牛庄里活動中心,臺南市善化區,牛庄138號,23.1385,120.3172,True,善化,102,3.4498803802668765,High Risk,Nearest AQI station (善化) AQI: 102
臺南市善化區老人文康活動中心,臺南市善化區,茄拔271號,23.1387,120.3248,True,善化,102,3.971992477863663,High Risk,Nearest AQI station (善化) AQI: 102
臺南市善化區老人文康活動中心,臺南市善化區,茄拔271號,23.1387,120.3248,True,善化,102,3.971992477863663,High Risk,Nearest AQI station (善化) AQI: 102
臺南市七股區七股國小,臺南市七股區,大埕395號,23.1392,120.1384,True,安南,115,12.955879128908052,High Risk,Nearest AQI station (安南) AQI: 115
臺南市西港區永樂里活動中心,臺南市西港區,大塭寮59-35號,23.1392,120.2159,True,善化,102,8.815454039609751,High Risk,Nearest AQI station (善化) AQI: 102
臺南市七股區私立昭明國中,臺南市七股區,大埕315號,23.1422,120.1422,True,安南,115,12.983743216026383,High Risk,Nearest AQI station (安南) AQI: 115
臺南市善化區陽明國小,臺南市善化區,胡家300號,23.143,120.2733,True,善化,102,4.114171171016723,High Risk,Nearest AQI station (善化) AQI: 102
臺南市大內區頭社社區活動中心,臺南市大內區,頭社10-1號,23.143,120.3848,True,善化,102,9.524543668720943,High Risk,Nearest AQI station (善化) AQI: 102
臺南市佳里區通興國小,臺南市佳里區,埔頂5-1號,23.1448,120.1576,True,安南,115,12.366160728870375,High Risk,Nearest AQI station (安南) AQI: 115
臺南市七股區大埕里漁民活動中心,臺南市七股區,大埕271-1號,23.1452,120.1421,True,安南,115,13.2596716231597,High Risk,Nearest AQI station (安南) AQI: 115
臺南市善化區胡家里活動中心,臺南市善化區,胡厝寮42-2號,23.1456,120.2722,True,善化,102,4.413805367326419,High Risk,Nearest AQI station (善化) AQI: 102
臺南市七股區?榔里多功能活動中心,臺南市七股區,?榔42-1號,23.1487,120.1518,True,安南,115,13.040181063028468,High Risk,Nearest AQI station (安南) AQI: 115
臺南市七股區大寮社區活動中心,臺南市七股區,大寮36-12號,23.1502,120.1531,True,安南,115,13.116107784012351,High Risk,Nearest AQI station (安南) AQI: 115
臺南市善化區溪美社區活動中心,臺南市善化區,溪美71號,23.1512,120.2843,True,善化,102,4.414123385051542,High Risk,Nearest AQI station (善化) AQI: 102
臺南市佳里區仁愛國小,臺南市佳里區,仁愛路307號,23.1532,120.1794,True,安南,115,12.308923130247985,High Risk,Nearest AQI station (安南) AQI: 115
臺南市善化區田寮里活動中心,臺南市善化區,田寮里15鄰六分寮168之9號,23.1533,120.3041,True,善化,102,4.491770787688796,High Risk,Nearest AQI station (善化) AQI: 102
臺南市七股區中寮社區活動中心,臺南市七股區,中寮63-2號,23.1546,120.1083,True,安南,115,16.270398860192568,High Risk,Nearest AQI station (安南) AQI: 115
臺南市七股區城內里活動中心,臺南市七股區,城內16-3號,23.1546,120.1085,True,安南,115,16.256363884026644,High Risk,Nearest AQI station (安南) AQI: 115
臺南市善化區六德里活動中心,臺南市善化區,六分寮227之1號,23.1552,120.304,True,善化,102,4.699204515922347,High Risk,Nearest AQI station (善化) AQI: 102
臺南市善化區大同國小,臺南市善化區,六分寮200號,23.1555,120.3057,True,善化,102,4.760101068367886,High Risk,Nearest AQI station (善化) AQI: 102
臺南市西港區圖書館,臺南市西港區,中山路370號,23.1556,120.2023,True,善化,102,10.798870475801744,High Risk,Nearest AQI station (善化) AQI: 102
臺南市西港區後營國小金砂分校,臺南市西港區,砂凹子10-1號,23.156565,120.205562,True,善化,102,10.547885966626954,High Risk,Nearest AQI station (善化) AQI: 102
臺南市佳里區佳里國中,臺南市佳里區,安南路523號,23.1577,120.1707,True,安南,115,13.083218222148234,High Risk,Nearest AQI station (安南) AQI: 115
臺南市七股區篤加社區活動中心,臺南市七股區,篤加47-7號,23.1592,120.1277,True,安南,115,15.385151974745966,High Risk,Nearest AQI station (安南) AQI: 115
臺南市佳里區信義國小,臺南市佳里區,信義路336號,23.1596,120.1821,True,善化,102,12.861791236437087,High Risk,Nearest AQI station (善化) AQI: 102
臺南市麻豆區太子宮預備,臺南市麻豆區,安業272-3號,23.1613,120.2446,False,善化,102,7.586185189620851,High Risk,Nearest AQI station (善化) AQI: 102
臺南市佳里區六里活動中心,臺南市佳里區,佳東路327巷20號,23.1616,120.1826,True,善化,102,12.905666044589648,High Risk,Nearest AQI station (善化) AQI: 102
臺南市佳里區佳里國小,臺南市佳里區,公園路445號,23.1639,120.1723,True,安南,115,13.670911209390297,High Risk,Nearest AQI station (安南) AQI: 115
原霧鹿托兒所,臺東縣海端鄉,3鄰霧鹿37號,23.16749,121.043335,False,關山,27,18.231478849938064,Low Risk,
臺南市佳里區北門高中,臺南市佳里區,六安269號,23.1675,120.1766,True,善化,102,13.740300888501245,High Risk,Nearest AQI station (善化) AQI: 102
霧鹿國小Wulu Elementary School,臺東縣海端鄉,"2鄰12號No.12, Wulu, Haiduan Township, Taitung County 957, Taiwan",23.16932024,121.0415684,True,關山,27,18.503566560233917,Low Risk,
臺南市官田區渡拔國小,臺南市官田區,拔林77號之1,23.1708,120.3266,True,善化,102,7.048520319204031,High Risk,Nearest AQI station (善化) AQI: 102
臺南市佳里區子龍國小,臺南市佳里區,潭墘5號,23.1739,120.202,True,善化,102,11.851095594823594,High Risk,Nearest AQI station (善化) AQI: 102
臺南市佳里區北門農工,臺南市佳里區,六安117號,23.1757,120.1799,False,善化,102,13.869801630928482,High Risk,Nearest AQI station (善化) AQI: 102
臺南市麻豆區龍泉社區活動中心預備,臺南市麻豆區,溝子墘20號,23.178,120.257,True,善化,102,8.2887240105415,High Risk,Nearest AQI station (善化) AQI: 102
臺南市佳里區延平國小,臺南市佳里區,頂?136號,23.1785,120.1526,True,安南,115,15.936922600961358,High Risk,Nearest AQI station (安南) AQI: 115
臺南市七股區頂山里漁民活動中心,臺南市七股區,頂山144-3號,23.1815,120.1122,True,安南,115,18.32151158295274,High Risk,Nearest AQI station (安南) AQI: 115
臺南市官田區社子社區活動中心,臺南市官田區,2鄰社子11號,23.1818,120.3595,True,善化,102,9.909280773898908,High Risk,Nearest AQI station (善化) AQI: 102
臺南市佳里區佳興國中,臺南市佳里區,新宅34-1號,23.1829,120.1959,True,善化,102,12.941017663546013,High Risk,Nearest AQI station (善化) AQI: 102
麻豆國中學生活動中心,臺南市麻豆區,南勢36號,23.183514,120.259982,True,善化,102,8.686985779233497,High Risk,Nearest AQI station (善化) AQI: 102
臺南市麻豆區公所3樓預備,臺南市麻豆區,忠孝路250號,23.1846,120.2585,False,善化,102,8.862518499228083,High Risk,Nearest AQI station (善化) AQI: 102
臺南市麻豆區台灣首府大學圖資大樓6樓預備,臺南市麻豆區,南勢168號,23.1847,120.2677,False,善化,102,8.492471693077222,High Risk,Nearest AQI station (善化) AQI: 102
臺南市官田區官田社區活動中心,臺南市官田區,官田315號,23.1855,120.3391,True,善化,102,9.082372127965899,High Risk,Nearest AQI station (善化) AQI: 102
國立曾文高級農工職業學校操場室外避難處所,臺南市麻豆區,南勢1號,23.1872,120.2627,False,善化,102,8.942875095125553,High Risk,Nearest AQI station (善化) AQI: 102
臺南市佳里區興化社區活動中心,臺南市佳里區,興化545-11號,23.1873,120.186,True,善化,102,14.04648888089621,High Risk,Nearest AQI station (善化) AQI: 102
臺南市七股區後港國小操場,臺南市七股區,臺潭1號,23.187513,120.134384,False,安南,115,17.669947785853683,High Risk,Nearest AQI station (安南) AQI: 115
臺南市七股區後港國中操場,臺南市七股區,頂潭93號,23.188062,120.134441,False,安南,115,17.720687938859413,High Risk,Nearest AQI station (安南) AQI: 115
臺南市七股區大潭里漁民活動中心,臺南市七股區,台潭28-6號,23.1881,120.1327,True,安南,115,17.8104058097716,High Risk,Nearest AQI station (安南) AQI: 115
臺南市官田區東西庄社區活動中心,臺南市官田區,西庄125號之2,23.1881,120.2964,True,善化,102,8.30951868169657,High Risk,Nearest AQI station (善化) AQI: 102
臺南市官田區官田國民中學,臺南市官田區,三民路29號,23.18904,120.315915,False,善化,102,8.623615074178405,High Risk,Nearest AQI station (善化) AQI: 102
臺南市佳里區佳興國小,臺南市佳里區,佳化214號,23.1891,120.1928,True,善化,102,13.611698968364799,High Risk,Nearest AQI station (善化) AQI: 102
臺南市麻豆區代天府總站,臺南市麻豆區,關帝廟60號,23.1902,120.2601,False,善化,102,9.355200186807917,High Risk,Nearest AQI station (善化) AQI: 102
臺南市官田區大崎社區活動中心,臺南市官田區,4鄰大崎30號之6,23.1906,120.3707,True,善化,102,11.396884579583828,High Risk,Nearest AQI station (善化) AQI: 102
臺南市官田區隆田國小活動中心,臺南市官田區,中山路一段129號,23.1923,120.3141,True,善化,102,8.940346754922345,High Risk,Nearest AQI station (善化) AQI: 102
臺南市官田區體育公園,臺南市官田區,三民路25號,23.193074,120.315519,False,善化,102,9.053401597671593,High Risk,Nearest AQI station (善化) AQI: 102
臺南市官田區隆本里活動中心,臺南市官田區,興隆街33號,23.1977,120.3159,True,善化,102,9.565109458410923,High Risk,Nearest AQI station (善化) AQI: 102
臺南市將軍區漚汪國小,臺南市將軍區,長榮4號,23.1978,120.1594,True,善化,102,16.946854228433473,High Risk,Nearest AQI station (善化) AQI: 102
臺南市將軍區漚汪國小,臺南市將軍區,長榮4號,23.1978,120.1594,True,善化,102,16.946854228433473,High Risk,Nearest AQI station (善化) AQI: 102
臺南市佳里區營頂社區活動中心,臺南市佳里區,營頂102號,23.1987,120.1918,True,善化,102,14.373003150018882,High Risk,Nearest AQI station (善化) AQI: 102
臺南市將軍區老人文康活動中心,臺南市將軍區,忠興180-50號,23.201,120.1606,True,善化,102,17.045569828224178,High Risk,Nearest AQI station (善化) AQI: 102
臺南市將軍區老人文康活動中心,臺南市將軍區,忠興180-50號,23.201,120.1606,True,善化,102,17.045569828224178,High Risk,Nearest AQI station (善化) AQI: 102
羅山縱管處,花蓮縣富里鄉,9鄰東湖39號,23.2021,121.2776,False,關山,27,21.088908082033345,Low Risk,
臺南市麻豆區海埔池王府預備,臺南市麻豆區,海埔80-1號,23.2032,120.2122,False,善化,102,13.252908889550925,High Risk,Nearest AQI station (善化) AQI: 102
臺南市麻豆區港尾社區活動中心預備,臺南市麻豆區,港子尾48之2號,23.2042,120.2036,True,善化,102,13.927068839637444,High Risk,Nearest AQI station (善化) AQI: 102
臺南市佳里區溪州社區活動中心,臺南市佳里區,溪州2-1號,23.2047,120.184,True,善化,102,15.412251210977821,High Risk,Nearest AQI station (善化) AQI: 102
臺南市將軍區將軍國中,臺南市將軍區,昌平1-1號,23.206,120.1507,True,善化,102,18.194034464524616,High Risk,Nearest AQI station (善化) AQI: 102
臺南市將軍區將軍國中,臺南市將軍區,昌平1-1號,23.206,120.1507,True,善化,102,18.194034464524616,High Risk,Nearest AQI station (善化) AQI: 102
臺南市將軍區三吉社區活動中心,臺南市將軍區,三吉34號,23.2068,120.1341,True,安南,115,19.58969241126258,High Risk,Nearest AQI station (安南) AQI: 115
臺南市下營區老人休閒活動中心,臺南市下營區,西寮13之25號,23.2082,120.2632,True,善化,102,11.108656697585769,High Risk,Nearest AQI station (善化) AQI: 102
臺南市將軍區玉山社區活動中心,臺南市將軍區,玉山79-5號,23.2109,120.1232,True,安南,115,20.50110895462601,High Risk,Nearest AQI station (安南) AQI: 115
臺南市官田區南?里活動中心,臺南市官田區,5鄰南?65號之2,23.2116,120.3046,True,新營,102,10.535550565391805,High Risk,Nearest AQI station (新營) AQI: 102
臺南市下營區中營國小活動中心,臺南市下營區,中營270號,23.213,120.2764,True,新營,102,11.113582742265525,High Risk,Nearest AQI station (新營) AQI: 102
臺南市將軍區將軍國小,臺南市將軍區,將貴58號,23.21436,120.13448,True,善化,102,20.087531055058314,High Risk,Nearest AQI station (善化) AQI: 102
臺南市將軍區將軍國小,臺南市將軍區,將貴58號,23.21436,120.13448,True,善化,102,20.087531055058314,High Risk,Nearest AQI station (善化) AQI: 102
臺南市官田區二鎮社區活動中心,臺南市官田區,8鄰二鎮68號之1,23.2168,120.3296,True,新營,102,9.958023283724286,High Risk,Nearest AQI station (新營) AQI: 102
臺南市六甲區嘉南國民小學,臺南市官田區,六甲區龍湖里珊瑚路301號,23.217484,120.365156,False,新營,102,10.95554117274366,High Risk,Nearest AQI station (新營) AQI: 102
臺南市將軍區苓保社區活動中心,臺南市將軍區,苓保65-25號,23.2175,120.1657,True,善化,102,17.757657618793733,High Risk,Nearest AQI station (善化) AQI: 102
臺南市下營區中營開化社區活動中心,臺南市下營區,中營242號,23.2181,120.276,True,新營,102,10.606265219039626,High Risk,Nearest AQI station (新營) AQI: 102
古風國小,花蓮縣卓溪鄉,崙天18號,23.2192,121.2645,True,關山,27,22.019156518065344,Low Risk,
臺南市將軍區苓和國小,臺南市將軍區,苓和132號,23.219838,120.161368,True,善化,102,18.263081324144608,High Risk,Nearest AQI station (善化) AQI: 102
臺南市將軍區苓和國小,臺南市將軍區,苓和132號,23.219838,120.161368,True,善化,102,18.263081324144608,High Risk,Nearest AQI station (善化) AQI: 102
臺南市下營區中營地區民眾活動中心,臺南市下營區,茅港尾81-1號,23.22,120.2839,True,新營,102,10.113081002786291,High Risk,Nearest AQI station (新營) AQI: 102
崙天社區活動中心,花蓮縣卓溪鄉,1鄰20號,23.2202,121.2649,True,關山,27,22.13639751463316,Low Risk,
臺南市將軍區苓和社區活動中心,臺南市將軍區,苓和12-1號,23.2206,120.1669,True,善化,102,17.892531477890312,High Risk,Nearest AQI station (善化) AQI: 102
臺南市將軍區廣安宮,臺南市將軍區,廣山97號,23.221,120.1162,False,安南,115,21.82893079050841,High Risk,Nearest AQI station (安南) AQI: 115
臺南市六甲區七甲龍湖聯合多功能活動中心,臺南市六甲區,七甲街89巷2號,23.2223,120.3454,True,新營,102,9.70215951230766,High Risk,Nearest AQI station (新營) AQI: 102
臺南市將軍區北埔社區活動中心,臺南市將軍區,北埔94號,23.2224,120.1491,True,善化,102,19.41177662849197,High Risk,Nearest AQI station (善化) AQI: 102
臺南市將軍區巷口社區活動中心,臺南市將軍區,仁巷56號,23.2239,120.1596,True,新營,102,18.491956173951067,High Risk,Nearest AQI station (新營) AQI: 102
臺南市六甲區六甲國小,臺南市六甲區,中正路319號,23.2256,120.3503,True,新營,102,9.518156989456156,High Risk,Nearest AQI station (新營) AQI: 102
新興竹田聯合社區活動中心,花蓮縣富里鄉,1鄰東竹10號,23.2261,121.2899,True,關山,27,24.007466061581553,Low Risk,
臺南市六甲區甲南里活動中心,臺南市六甲區,珊瑚路17巷2-1號,23.2267,120.3526,True,新營,102,9.490775445230268,High Risk,Nearest AQI station (新營) AQI: 102
臺南市六甲區六甲國中,臺南市六甲區,民權街43號,23.2271,120.3489,True,新營,102,9.311773902447598,High Risk,Nearest AQI station (新營) AQI: 102
臺南市六甲區二甲里活動中心,臺南市六甲區,建工街266號,23.2278,120.3461,True,新營,102,9.142648965573072,High Risk,Nearest AQI station (新營) AQI: 102
臺南市學甲區東陽國小活動中心,臺南市學甲區,華宗路260號,23.2279,120.1835,True,新營,102,16.167358643899945,High Risk,Nearest AQI station (新營) AQI: 102
臺南市六甲區六甲里活動中心,臺南市六甲區,信義街238巷14弄17號,23.2295,120.3493,True,新營,102,9.076630106026029,High Risk,Nearest AQI station (新營) AQI: 102
學甲區綜合體育館,臺南市學甲區,建國路37-7號,23.229895,120.181455,False,新營,102,16.227968663835366,High Risk,Nearest AQI station (新營) AQI: 102
臺南市學甲藝文展示館,臺南市學甲區,建國路36號,23.2299,120.1822,False,新營,102,16.162674573045685,High Risk,Nearest AQI station (新營) AQI: 102
臺南市學甲區公所,臺南市學甲區,華宗路313號,23.230484,120.18247,False,新營,102,16.10532559768625,High Risk,Nearest AQI station (新營) AQI: 102
臺南市學甲區慈福里活動中心,臺南市學甲區,民生路1號,23.2312,120.1836,True,新營,102,15.96531014637715,High Risk,Nearest AQI station (新營) AQI: 102
臺南市六甲區甲東里活動中心,臺南市六甲區,忠孝街215號,23.2313,120.3553,True,新營,102,9.133739724253486,High Risk,Nearest AQI station (新營) AQI: 102
臺南市六甲區公所,臺南市六甲區,中山路202號,23.2315,120.3475,False,新營,102,8.803353214968284,High Risk,Nearest AQI station (新營) AQI: 102
臺南市六甲區多功能運動公園,臺南市六甲區,和平街479號,23.232106,120.344149,False,新營,102,8.62521235055588,High Risk,Nearest AQI station (新營) AQI: 102
臺南市下營區下營國小活動中心,臺南市下營區,中山路二段72號,23.2322,120.2606,True,新營,102,10.008030678948613,High Risk,Nearest AQI station (新營) AQI: 102
臺南市學甲區慈濟宮,臺南市學甲區,濟生路170號,23.2335,120.1805,False,新營,102,16.10796646013676,High Risk,Nearest AQI station (新營) AQI: 102
臺南市六甲區水林里活動中心,臺南市六甲區,民族街269號,23.2335,120.3466,True,新營,102,8.562839222943754,High Risk,Nearest AQI station (新營) AQI: 102
臺南市下營區大屯社區活動中心,臺南市下營區,大屯寮23之2號,23.2343,120.2388,True,新營,102,11.275322544050228,High Risk,Nearest AQI station (新營) AQI: 102
臺南市下營區下營上帝廟,臺南市下營區,中山路一段1號,23.235185,120.26102,False,新營,102,9.713647638134836,High Risk,Nearest AQI station (新營) AQI: 102
臺南市六甲區菁埔里活動中心,臺南市六甲區,菁埔83號,23.2359,120.3025,True,新營,102,7.898985300264718,High Risk,Nearest AQI station (新營) AQI: 102
臺南市六甲區中社里活動中心,臺南市六甲區,中社351號,23.237,120.3258,True,新營,102,7.6814533887728675,High Risk,Nearest AQI station (新營) AQI: 102
臺南市學甲區學甲國小體育館,臺南市學甲區,一秀30號,23.2378,120.1745,True,新營,102,16.41697438502524,High Risk,Nearest AQI station (新營) AQI: 102
臺南市北門區東隆宮,臺南市北門區,95號,23.2385,120.1121,False,新營,102,22.24553153420364,High Risk,Nearest AQI station (新營) AQI: 102
臺南市下營區下營國中活動中心,臺南市下營區,中山路一段412號,23.2387,120.2715,True,新營,102,8.78816663215696,High Risk,Nearest AQI station (新營) AQI: 102
臺南市六甲區林鳳國小,臺南市六甲區,中社240號,23.239,120.3257,True,新營,102,7.459358863051482,High Risk,Nearest AQI station (新營) AQI: 102
臺南市下營區下營地區民眾活動中心,臺南市下營區,大孝街1號,23.2418,120.2625,True,新營,102,9.03640966135352,High Risk,Nearest AQI station (新營) AQI: 102
臺南市學甲區中洲國小禮堂,臺南市學甲區,中洲645號,23.2451,120.1599,True,新營,102,17.425096127110532,High Risk,Nearest AQI station (新營) AQI: 102
臺南市下營區紅厝社區活動中心,臺南市下營區,紅毛厝57號,23.2455,120.2671,True,新營,102,8.42318108232345,High Risk,Nearest AQI station (新營) AQI: 102
臺南市六甲區龜港里活動中心,臺南市六甲區,龜子港80巷38弄8號,23.2499,120.3084,True,新營,102,6.262809625672249,High Risk,Nearest AQI station (新營) AQI: 102
臺南市下營區甲中里活動中心,臺南市下營區,十六甲29-1號,23.2504,120.274,True,新營,102,7.565429131659794,High Risk,Nearest AQI station (新營) AQI: 102
萬寧社區活動中心,花蓮縣富里鄉,7鄰鎮寧100號,23.251,121.2982,True,關山,27,26.802586803308326,Low Risk,
臺南市下營區賀建國小活動中心,臺南市下營區,麻豆寮49號,23.2541,120.2969,True,新營,102,6.095557600704456,High Risk,Nearest AQI station (新營) AQI: 102
臺南市鹽水區?頭港國小,臺南市鹽水區,南港202號,23.2557,120.2498,False,新營,102,8.848296384930846,High Risk,Nearest AQI station (新營) AQI: 102
臺南市柳營區果毅後多功活動中心廣場,臺南市柳營區,神農284-5號,23.2571,120.3672,False,新營,102,7.426526783733308,High Risk,Nearest AQI station (新營) AQI: 102
臺南市柳營區果毅後多功活動中心,臺南市柳營區,神農284-5號,23.2571,120.3672,True,新營,102,7.426526783733308,High Risk,Nearest AQI station (新營) AQI: 102
臺南市柳營區果毅國小運動場,臺南市柳營區,果毅61號,23.2577,120.3719,False,新營,102,7.717931752840933,High Risk,Nearest AQI station (新營) AQI: 102
臺南市新營區新橋國民小學,臺南市新營區,鐵線1號,23.2649,120.2684,False,新營,102,6.738623864691541,High Risk,Nearest AQI station (新營) AQI: 102
臺南市柳營區柳營國小運動場,臺南市柳營區,柳營路一段755號,23.266707,120.310478,False,新營,102,4.383289929661134,High Risk,Nearest AQI station (新營) AQI: 102
臺南市鹽水區竹埔國小,臺南市鹽水區,竹子92-1號,23.267,120.2462,False,新營,102,8.433004068406264,High Risk,Nearest AQI station (新營) AQI: 102
東里社區活動中心,花蓮縣富里鄉,1鄰福安路6-1號,23.2673,121.3052,True,關山,27,28.7244289352369,Low Risk,
臺南市北門區永隆宮,臺南市北門區,44號,23.2694,120.1238,False,新營,102,20.16482597657283,High Risk,Nearest AQI station (新營) AQI: 102
臺南市北門區老人文康活動中心,臺南市北門區,66號,23.2707,120.1213,True,新營,102,20.386950508295246,High Risk,Nearest AQI station (新營) AQI: 102
臺南市新營區新生國民小學,臺南市新營區,姑爺52號,23.2752,120.2589,False,新營,102,6.8532649782654405,High Risk,Nearest AQI station (新營) AQI: 102
臺南市東山區南溪活動中心,臺南市東山區,南溪14-11號,23.2754,120.399,True,新營,102,9.000810802229083,High Risk,Nearest AQI station (新營) AQI: 102
長良社區活動中心,花蓮縣玉里鎮,長良143-1號,23.2768,121.2878,True,關山,27,28.80022766350729,Low Risk,
臺南市柳營區圖書館,臺南市柳營區,柳營路二段59號,23.2773,120.3124,True,新營,102,3.1891893102074222,High Risk,Nearest AQI station (新營) AQI: 102
臺南市柳營區公所,臺南市柳營區,柳營路二段59號,23.2773,120.3124,False,新營,102,3.1891893102074222,High Risk,Nearest AQI station (新營) AQI: 102
臺南市柳營區柳營聯合活動中心,臺南市柳營區,中山西路二段19巷35號,23.2775,120.3178,True,新營,102,3.1287511747606964,High Risk,Nearest AQI station (新營) AQI: 102
臺南市柳營區聯合活動中心廣場,臺南市柳營區,中山西路二段19巷35號,23.2775,120.3178,False,新營,102,3.1287511747606964,High Risk,Nearest AQI station (新營) AQI: 102
清水社區活動中心,花蓮縣卓溪鄉,1鄰13號,23.2775,121.2725,True,關山,27,28.207474362248036,Low Risk,
吳江社區活動中心,花蓮縣富里鄉,6鄰吳江65-3號,23.2787,121.3227,True,關山,27,30.73977099603992,Low Risk,
臺南市柳營區柳營國中運動場,臺南市柳營區,東昇563號,23.2794,120.3315,False,新營,102,3.259892499230885,High Risk,Nearest AQI station (新營) AQI: 102
臺南市柳營區重溪國小運動場,臺南市柳營區,重溪1號,23.2859,120.3641,False,新營,102,5.2639051596604745,High Risk,Nearest AQI station (新營) AQI: 102
臺南市北門區保安宮,臺南市北門區,760號,23.2862,120.1362,False,新營,102,18.616415876938177,High Risk,Nearest AQI station (新營) AQI: 102
臺南市北門區南鯤鯓代天府,臺南市北門區,976號,23.2863,120.1434,False,新營,102,17.884909465481897,High Risk,Nearest AQI station (新營) AQI: 102
臺南市新營區新興國民小學,臺南市新營區,太南316號,23.2867,120.2761,False,新營,102,4.700445628462463,High Risk,Nearest AQI station (新營) AQI: 102
臺南市柳營區小腳腿多功活動中心廣場,臺南市柳營區,篤農226-1號,23.2902,120.368,False,新營,102,5.459710707186022,High Risk,Nearest AQI station (新營) AQI: 102
臺南市柳營區小腳腿多功活動中心,臺南市柳營區,篤農226-1號,23.2902,120.368,True,新營,102,5.459710707186022,High Risk,Nearest AQI station (新營) AQI: 102
臺南市柳營區太康國小運動場,臺南市柳營區,太康4-1號,23.2904,120.3294,False,新營,102,2.099712495676651,High Risk,Nearest AQI station (新營) AQI: 102
臺南市新營區太子國民中學,臺南市新營區,太北140之21號,23.2913,120.2721,False,新營,102,4.8787303773070105,High Risk,Nearest AQI station (新營) AQI: 102
臺南市鹽水區歡雅國小,臺南市鹽水區,歡雅31號,23.2923,120.2434,True,新營,102,7.68643980496948,High Risk,Nearest AQI station (新營) AQI: 102
臺南市東山區東河活動中心,臺南市東山區,2鄰東河16-1號,23.2945,120.3857,True,新營,102,7.09932511821308,High Risk,Nearest AQI station (新營) AQI: 102
臺南市新營區太子爺廟香客大樓,臺南市新營區,太子宮45-2號、45-9號,23.2955,120.2743,False,新營,102,4.528722004149364,High Risk,Nearest AQI station (新營) AQI: 102
卓樂社區活動中心,花蓮縣卓溪鄉,12鄰18號,23.2956,121.2703,True,關山,27,29.978137170991406,Low Risk,
臺南市新營區南梓國民小學,臺南市新營區,建業路191號,23.299,120.298,False,新營,102,2.0997049760184403,High Risk,Nearest AQI station (新營) AQI: 102
臺南市鹽水區仁光國小,臺南市鹽水區,舊營117號,23.299369,120.25746,True,新營,102,6.1456317187015195,High Risk,Nearest AQI station (新營) AQI: 102
臺南市新營區公誠國民小學,臺南市新營區,公誠街5號,23.3036,120.3189,False,新營,102,0.28195046320719014,High Risk,Nearest AQI station (新營) AQI: 102
臺南市新營區新民國民小學,臺南市新營區,公園路一段136號,23.3052,120.3063,False,新營,102,1.1192765412996295,High Risk,Nearest AQI station (新營) AQI: 102
臺南市新營區新營國民小學,臺南市新營區,中正路4號,23.3062,120.3165,False,新營,102,0.0992030855458788,High Risk,Nearest AQI station (新營) AQI: 102
臺南市新營區大宏王公社區活動中心,臺南市新營區,民族路21-62號,23.3085,120.3181,True,新營,102,0.3304021099559286,High Risk,Nearest AQI station (新營) AQI: 102
臺南市新營區南新國民中學,臺南市新營區,民治路65號,23.3092,120.3088,False,新營,102,0.9497108220124602,High Risk,Nearest AQI station (新營) AQI: 102
臺南市東山區聖賢里頂田活動中心,臺南市東山區,19鄰聖賢50-4號,23.3096,120.3472,True,新營,102,3.0901614175325833,High Risk,Nearest AQI station (新營) AQI: 102
臺南市新營區公所,臺南市新營區,中正路30號,23.31,120.3166,False,新營,102,0.4901041032278508,High Risk,Nearest AQI station (新營) AQI: 102
臺南市新營區新進國民小學,臺南市新營區,中正路41號,23.315,120.3164,False,新營,102,1.045173486830697,High Risk,Nearest AQI station (新營) AQI: 102
臺南市新營區新泰國民小學,臺南市新營區,東學路77號,23.3161,120.3273,False,新營,102,1.5517338513683607,High Risk,Nearest AQI station (新營) AQI: 102
臺南市鹽水區月津國小,臺南市鹽水區,月津路16號,23.3168,120.2663,True,新營,102,5.34903064064846,High Risk,Nearest AQI station (新營) AQI: 102
臺南市東山區北勢寮泉福宮,臺南市東山區,9鄰聖賢76-3號,23.3169,120.3655,False,新營,102,5.0839740398112525,High Risk,Nearest AQI station (新營) AQI: 102
臺南市鹽水區老人文康中心,臺南市鹽水區,治水路254-1號,23.3179,120.2635,False,新營,102,5.655766515264973,High Risk,Nearest AQI station (新營) AQI: 102
樂合社區活動中心,花蓮縣玉里鎮,樂合65-5號,23.3183,121.345,True,關山,27,35.68088217778478,Low Risk,
臺南市鹽水區公所,臺南市鹽水區,中山路47號,23.3197,120.2662,False,新營,102,5.442674471952524,High Risk,Nearest AQI station (新營) AQI: 102
臺南市新營區土庫國民小學,臺南市新營區,土庫71之1號,23.3197,120.3452,False,新營,102,3.2546765764258665,High Risk,Nearest AQI station (新營) AQI: 102
臺南市鹽水區鹽水國中,臺南市鹽水區,三福路63號,23.3213,120.2631,True,新營,102,5.7975247242936385,High Risk,Nearest AQI station (新營) AQI: 102
源城社區活動中心,花蓮縣玉里鎮,水源57-1號,23.3219,121.3004,True,關山,27,33.8787478469877,Low Risk,
臺南市鹽水區鹽水國小,臺南市鹽水區,朝琴路137號,23.3226,120.2707,True,新營,102,5.114202865851475,High Risk,Nearest AQI station (新營) AQI: 102
玉里慈惠堂,花蓮縣玉里鎮,信義路5號,23.3275,121.3139,False,關山,27,35.03492757648568,Low Risk,
臺南市後壁區福安社區活動中心,臺南市後壁區,福安170-2號,23.3288,120.3567,True,新營,102,4.781613581853307,High Risk,Nearest AQI station (新營) AQI: 102
臺南市鹽水區岸內國小,臺南市鹽水區,新岸內96號,23.3295,120.2609,True,新營,102,6.336598301489438,High Risk,Nearest AQI station (新營) AQI: 102
臺南市後壁區長安社區活動中心,臺南市後壁區,長安105-1號,23.3323,120.3564,True,新營,102,4.977359391138947,High Risk,Nearest AQI station (新營) AQI: 102
臺南市後壁區頂安社區活動中心,臺南市後壁區,頂安91-1號,23.3327,120.3525,True,新營,102,4.691946565711607,High Risk,Nearest AQI station (新營) AQI: 102
臺南市後壁區烏樹社區活動中心,臺南市後壁區,烏樹78號,23.3347,120.3777,True,新營,102,6.967615737237421,High Risk,Nearest AQI station (新營) AQI: 102
中正堂,花蓮縣玉里鎮,中正路144號,23.3352,121.3153,False,關山,27,35.86650505952344,Low Risk,
臺南市後壁區新東長老基督教會,臺南市後壁區,新東144號,23.3377,120.3323,True,新營,102,3.882749462970094,High Risk,Nearest AQI station (新營) AQI: 102
東豐社區活動中心,花蓮縣玉里鎮,東豐石岡32之1號,23.3389,121.3399,True,關山,27,37.3933460045357,Low Risk,
臺南市後壁區新厝活動中心,臺南市後壁區,竹新33號,23.3422,120.3013,True,新營,102,4.3801034187805605,High Risk,Nearest AQI station (新營) AQI: 102
臺南市後壁區竹新社區活動中心,臺南市後壁區,竹新106號,23.3433,120.3023,True,新營,102,4.457887184979489,High Risk,Nearest AQI station (新營) AQI: 102
臺南市後壁區新嘉國小,臺南市後壁區,新嘉210-2號,23.3444,120.316,True,新營,102,4.3125828511162725,High Risk,Nearest AQI station (新營) AQI: 102
卓溪多功能活動中心,花蓮縣卓溪鄉,7鄰73號,23.3457,121.3038,True,關山,27,36.43641425247047,Low Risk,
臺南市後壁區嘉苳社區活動中心,臺南市後壁區,嘉苳67-2號,23.351,120.3637,True,新營,102,6.923990775849334,High Risk,Nearest AQI station (新營) AQI: 102
臺南市後壁區仕安社區活動中心,臺南市後壁區,仕安72號,23.3539,120.32,True,新營,102,5.374385359242214,High Risk,Nearest AQI station (新營) AQI: 102
臺南市後壁區平安社區活動中心,臺南市後壁區,平安58-5號,23.3632,120.3334,True,新營,102,6.610125255759631,High Risk,Nearest AQI station (新營) AQI: 102
臺南市後壁區公所總站,臺南市後壁區,後壁129號,23.3658,120.362,False,新營,102,8.10153231139071,High Risk,Nearest AQI station (新營) AQI: 102
臺南市後壁區頂長社區活動中心,臺南市後壁區,長短樹58號,23.3659,120.3293,True,新營,102,6.8133823981685,High Risk,Nearest AQI station (新營) AQI: 102
臺南市後壁區後壁侯伯社區活動中心,臺南市後壁區,後壁193號,23.3673,120.3664,True,新營,102,8.49711760357225,High Risk,Nearest AQI station (新營) AQI: 102
臺南市後壁區新嘉社區活動中心,臺南市後壁區,新嘉172號,23.3721,120.3103,True,新營,102,7.424777207494992,High Risk,Nearest AQI station (新營) AQI: 102
臺南市後壁區新東國小,臺南市後壁區,仕安81號,23.3727,120.3095,True,新營,102,7.499368674181054,High Risk,Nearest AQI station (新營) AQI: 102
臺南市後壁區土溝社區活動中心,臺南市後壁區,土溝56-18號,23.3734,120.3872,True,新營,102,10.381922976199707,High Risk,Nearest AQI station (新營) AQI: 102
臺南市後壁區菁寮墨林社區活動中心,臺南市後壁區,菁寮77號,23.3785,120.3351,True,新營,102,8.304855383551555,High Risk,Nearest AQI station (新營) AQI: 102
臺南市後壁區菁寮國小,臺南市後壁區,墨林282號,23.3787,120.339,True,新營,102,8.422663158098471,High Risk,Nearest AQI station (新營) AQI: 102
臺南市後壁區菁豐社區活動中心,臺南市後壁區,菁豐68-3號,23.3788,120.3469,True,新營,102,8.680697472869088,High Risk,Nearest AQI station (新營) AQI: 102
大禹社區活動中心,花蓮縣玉里鎮,大禹226號,23.3805,121.3289,True,關山,27,41.01443190626527,Low Risk,
臺南市後壁區德馨宮,臺南市後壁區,墨林321號,23.3808,120.3358,False,新營,102,8.570059707713394,High Risk,Nearest AQI station (新營) AQI: 102
臺南市後壁區崁頂社區活動中心,臺南市後壁區,崁頂38-2號,23.3818,120.3451,True,新營,102,8.933910663916453,High Risk,Nearest AQI station (新營) AQI: 102
臺南市後壁區後?社區活動中心,臺南市後壁區,後?49-1號,23.3846,120.3373,True,新營,102,9.016162673218734,High Risk,Nearest AQI station (新營) AQI: 102
臺南市後壁區嘉田嘉民社區活動中心,臺南市後壁區,嘉田76號,23.3868,120.3825,True,嘉義,105,10.541163130668341,High Risk,Nearest AQI station (嘉義) AQI: 105
觀音社區活動中心,花蓮縣玉里鎮,觀音9-1號,23.3951,121.3573,True,關山,27,43.7417390821029,Low Risk,
圓山托兒所,嘉義縣中埔鄉,同仁村同仁1-9號,23.4006,120.5121,False,嘉義,105,10.157528713239119,High Risk,Nearest AQI station (嘉義) AQI: 105
和睦國小 室外,嘉義縣中埔鄉,後庄16號,23.4036,120.5121,False,嘉義,105,9.92594249509712,High Risk,Nearest AQI station (嘉義) AQI: 105
和興國小-室外,嘉義縣中埔鄉,和興路91號,23.4036,120.5121,False,嘉義,105,9.92594249509712,High Risk,Nearest AQI station (嘉義) AQI: 105
重寮社區活動中心,嘉義縣鹿草鄉,15鄰99之1號,23.404675,120.341819,True,新營,102,11.294957209060486,High Risk,Nearest AQI station (新營) AQI: 102
後堀社區活動中心,嘉義縣鹿草鄉,65之2號,23.404675,120.341819,True,新營,102,11.294957209060486,High Risk,Nearest AQI station (新營) AQI: 102
太平國小,花蓮縣卓溪鄉,1鄰2號,23.406,121.3205,True,關山,27,43.27959074968377,Low Risk,
太平社區活動中心,花蓮縣卓溪鄉,6鄰79-1號,23.4071,121.3166,True,關山,27,43.24578536018738,Low Risk,
和美社區活動中心,嘉義縣中埔鄉,和美村7鄰忠明路40巷8號,23.4072,120.5122,True,嘉義,105,9.663562134751247,High Risk,Nearest AQI station (嘉義) AQI: 105
梅華活動中心,嘉義縣朴子市,牛桃灣3-20號,23.408,120.2587,True,朴子,89,6.4765479186818045,Medium Risk,"Nearest AQI station (朴子) AQI: 89, Indoor facility"
鹿草國中室外,嘉義縣鹿草鄉,439號,23.4099,120.3129,False,朴子,89,9.064646192280541,Warning,"Nearest AQI station (朴子) AQI: 89, Outdoor facility"
鹿草國中室內,嘉義縣鹿草鄉,439號,23.410697,120.31309,True,朴子,89,9.018858667577804,Medium Risk,"Nearest AQI station (朴子) AQI: 89, Indoor facility"
同仁社區活動中心,嘉義縣中埔鄉,同仁村11鄰同仁164號之5,23.4108,120.5488,True,嘉義,105,12.506557938213236,High Risk,Nearest AQI station (嘉義) AQI: 105
南靖國小-室外,嘉義縣水上鄉,46號,23.4109,120.3774,False,嘉義,105,8.850238458312795,High Risk,Nearest AQI station (嘉義) AQI: 105
松梅國小[室外],嘉義縣朴子市,345號,23.4114,120.2505,False,朴子,89,6.0086193047322345,Warning,"Nearest AQI station (朴子) AQI: 89, Outdoor facility"
鹿草國小室外,嘉義縣鹿草鄉,296號,23.41157,120.306853,False,朴子,89,8.49097723360914,Warning,"Nearest AQI station (朴子) AQI: 89, Outdoor facility"
隆興社區活動中心,嘉義縣中埔鄉,隆興村中正路515號,23.4125,120.5299,True,嘉義,105,10.751030233042485,High Risk,Nearest AQI station (嘉義) AQI: 105
和興國小圖書館-室內,嘉義縣中埔鄉,和興村33鄰和興路91號,23.4129,120.5103,True,嘉義,105,9.104917624945495,High Risk,Nearest AQI station (嘉義) AQI: 105
義興村活動中心,嘉義縣水上鄉,2鄰57-1號,23.418214,120.422844,True,嘉義,105,5.507775125278695,High Risk,Nearest AQI station (嘉義) AQI: 105
義興國小-室外,嘉義縣水上鄉,2-1號,23.4184,120.4258,False,嘉義,105,5.3926032259180285,High Risk,Nearest AQI station (嘉義) AQI: 105
貴林國小-室外,嘉義縣布袋鎮,82號,23.419879,120.214244,False,朴子,89,6.108776565370701,Warning,"Nearest AQI station (朴子) AQI: 89, Outdoor facility"
龍門社區活動中心,嘉義縣中埔鄉,龍門村龍山?33號,23.42188,120.517993,True,嘉義,105,9.16762450866354,High Risk,Nearest AQI station (嘉義) AQI: 105
社口國小禮堂-室內,嘉義縣中埔鄉,隆興村2鄰8號,23.4231,120.5241,True,嘉義,105,9.639087722640586,High Risk,Nearest AQI station (嘉義) AQI: 105
大有國小圖書館-室內,嘉義縣中埔鄉,裕民村石頭厝17號之1,23.4235,120.5235,True,嘉義,105,9.564026083935161,High Risk,Nearest AQI station (嘉義) AQI: 105
東興社區活動中心,嘉義縣中埔鄉,東興村5鄰25-1號,23.4242,120.5216,False,嘉義,105,9.356635406831728,High Risk,Nearest AQI station (嘉義) AQI: 105
灣潭國小視聽教室-室內,嘉義縣中埔鄉,灣潭村17鄰1-1號,23.4242,120.5216,True,嘉義,105,9.356635406831728,High Risk,Nearest AQI station (嘉義) AQI: 105
中庄村活動中心,嘉義縣水上鄉,16鄰40之2號,23.424345,120.433218,True,嘉義,105,4.5700994094175496,High Risk,Nearest AQI station (嘉義) AQI: 105
中埔國中-室外,嘉義縣中埔鄉,177號,23.4244,120.5176,False,嘉義,105,8.990176503883841,High Risk,Nearest AQI station (嘉義) AQI: 105
溪洲村活動中心,嘉義縣水上鄉,13鄰83-1號,23.424537,120.389382,True,嘉義,105,6.929816817109996,High Risk,Nearest AQI station (嘉義) AQI: 105
忠和國中-室外,嘉義縣水上鄉,檳榔樹角6號,23.4246,120.4501,False,嘉義,105,4.5579426654066335,High Risk,Nearest AQI station (嘉義) AQI: 105
中埔鄉公所,嘉義縣中埔鄉,中埔村128號,23.425153,120.522942,False,嘉義,105,9.426778846680484,High Risk,Nearest AQI station (嘉義) AQI: 105
忠和國小-室外,嘉義縣水上鄉,檳榔樹角35號,23.4258,120.4479,False,嘉義,105,4.3869753013775465,High Risk,Nearest AQI station (嘉義) AQI: 105
水上國中-室外,嘉義縣水上鄉,進學街54號,23.4261,120.3974,False,嘉義,105,6.205610631467542,High Risk,Nearest AQI station (嘉義) AQI: 105
同仁國小-室內,嘉義縣中埔鄉,同仁村24號,23.4278,120.5566,True,嘉義,105,12.464878778823639,High Risk,Nearest AQI station (嘉義) AQI: 105
社口社區活動中心,嘉義縣中埔鄉,社口村9鄰番仔坑7號之1,23.4283,120.5614,True,嘉義,105,12.910548339702375,High Risk,Nearest AQI station (嘉義) AQI: 105
水上鄉公所三樓,嘉義縣水上鄉,水上村正義路141號,23.428457,120.39801,False,嘉義,105,5.9808576176794235,High Risk,Nearest AQI station (嘉義) AQI: 105
水上國小-室外,嘉義縣水上鄉,正義路182號,23.4288,120.3972,False,嘉義,105,6.016628544110099,High Risk,Nearest AQI station (嘉義) AQI: 105
中山國小視聽教室-室內,嘉義縣中埔鄉,石?村22號,23.4288,120.5125,True,嘉義,105,8.296598709880772,High Risk,Nearest AQI station (嘉義) AQI: 105
松浦社區活動中心,花蓮縣玉里鎮,松浦214-3號,23.4293,121.3737,True,關山,27,47.889668015864075,Low Risk,
裕民社區活動中心,嘉義縣中埔鄉,裕民村石頭厝8號之1,23.4315,120.5126,True,嘉義,105,8.165096710787493,High Risk,Nearest AQI station (嘉義) AQI: 105
成功國小-室外,嘉義縣水上鄉,153號,23.4318,120.4756,False,嘉義,105,5.07199755442325,High Risk,Nearest AQI station (嘉義) AQI: 105
三民社區活動中心,花蓮縣玉里鎮,三民131-2號,23.4321,121.3498,True,關山,27,47.12113484888918,Low Risk,
竹村國小[室外],嘉義縣朴子市,36號,23.4349,120.2389,False,朴子,89,3.508717656971164,Warning,"Nearest AQI station (朴子) AQI: 89, Outdoor facility"
柳林國小-室外,嘉義縣水上鄉,92號,23.4356,120.4151,False,嘉義,105,4.200442380223606,High Risk,Nearest AQI station (嘉義) AQI: 105
古楓社區活動中心,花蓮縣卓溪鄉,12鄰4號,23.4363,121.332,True,關山,27,46.843290484163944,Low Risk,
立山社區活動中心,花蓮縣卓溪鄉,6鄰58號,23.4363,121.332,True,關山,27,46.843290484163944,Low Risk,
深坑社區活動中心,嘉義縣中埔鄉,深坑村深坑85號之2,23.4383,120.5273,True,嘉義,105,9.258435431084159,High Risk,Nearest AQI station (嘉義) AQI: 105
崁前活動中心,嘉義縣朴子市,崁前24號,23.4389,120.2368,True,朴子,89,3.151008314158997,Medium Risk,"Nearest AQI station (朴子) AQI: 89, Indoor facility"
頂埔社區活動中心,嘉義縣中埔鄉,頂埔村8鄰頂埔10-6號,23.439,120.5468,True,嘉義,105,11.141996469119757,High Risk,Nearest AQI station (嘉義) AQI: 105
崙山國小,花蓮縣卓溪鄉,1鄰12號,23.4391,121.3443,True,關山,27,47.61012597880394,Low Risk,
崙山社區活動中心,花蓮縣卓溪鄉,1鄰11-1號,23.4393,121.3438,True,關山,27,47.61062569943642,Low Risk,
和興社區活動中心,嘉義縣中埔鄉,和興村中華路305巷246號,23.4394,120.4516,True,嘉義,105,3.012962910421631,High Risk,Nearest AQI station (嘉義) AQI: 105
金蘭社區活動中心,嘉義縣中埔鄉,金蘭村1鄰14號,23.4401,120.5068,True,嘉義,105,7.227743984457617,High Risk,Nearest AQI station (嘉義) AQI: 105
永慶高中[室外],嘉義縣太保市,信義二路1號,23.4402,120.3404,True,朴子,89,9.852247873234793,Medium Risk,"Nearest AQI station (朴子) AQI: 89, Indoor facility"
和睦社區活動中心,嘉義縣中埔鄉,和睦村14鄰公?42-18號,23.4427,120.4742,True,嘉義,105,4.162167681787584,High Risk,Nearest AQI station (嘉義) AQI: 105
石?社區活動中心,嘉義縣中埔鄉,石?村中山國小旁,23.4428,120.4536,True,嘉義,105,2.74944265521081,High Risk,Nearest AQI station (嘉義) AQI: 105
嘉義市垃圾焚化廠,嘉義市西區,湖子內路741號,23.44316,120.44156,False,嘉義,105,2.4040902036896323,High Risk,Nearest AQI station (嘉義) AQI: 105
大崙國小-室外,嘉義縣水上鄉,111號,23.4434,120.3584,False,嘉義,105,8.779467068621017,High Risk,Nearest AQI station (嘉義) AQI: 105
義仁社區活動中心,嘉義縣中埔鄉,義仁村挖仔厝17號前面,23.4443,120.529,True,嘉義,105,9.236120874282216,High Risk,Nearest AQI station (嘉義) AQI: 105
春珠社區活動中心,嘉義縣太保市,1鄰8號,23.4446,120.3299,True,朴子,89,8.687702507877075,Medium Risk,"Nearest AQI station (朴子) AQI: 89, Indoor facility"
三和公園活動中心,嘉義縣中埔鄉,和睦村13鄰中華路630巷43-3號,23.4447,120.459,True,嘉義,105,2.874463394489937,High Risk,Nearest AQI station (嘉義) AQI: 105
大有國小-室外,嘉義縣中埔鄉,石頭厝17之1,23.4456,120.4958,False,嘉義,105,5.9589991427915034,High Risk,Nearest AQI station (嘉義) AQI: 105
中山國小 室外,嘉義縣中埔鄉,22號,23.4456,120.4958,False,嘉義,105,5.9589991427915034,High Risk,Nearest AQI station (嘉義) AQI: 105
灣潭社區活動中心,嘉義縣中埔鄉,灣潭村客庄15鄰15-7號,23.4457,120.4597,True,嘉義,105,2.83584451090524,High Risk,Nearest AQI station (嘉義) AQI: 105
逐鹿社區活動中心,嘉義縣番路鄉,18鄰梅花七路3巷1號,23.448022,120.582035,True,嘉義,105,14.481153008805473,High Risk,Nearest AQI station (嘉義) AQI: 105
頂六國小-室外,嘉義縣中埔鄉,頂山門25號,23.4521,120.4632,False,嘉義,105,2.645748681689756,High Risk,Nearest AQI station (嘉義) AQI: 105
和睦國小綜合教室-室內,嘉義縣中埔鄉,和美村後庄16號,23.452229,120.463166,True,嘉義,105,2.635189715725702,High Risk,Nearest AQI station (嘉義) AQI: 105
鴿溪寮活動中心,嘉義縣水上鄉,3鄰鴿溪寮23號,23.453319,120.413159,True,嘉義,105,3.1360947772768983,High Risk,Nearest AQI station (嘉義) AQI: 105
興化?社區活動中心,嘉義縣中埔鄉,富收村興化?23-60號,23.4537,120.4712,True,嘉義,105,3.2938982384458826,High Risk,Nearest AQI station (嘉義) AQI: 105
大鄉國小[室外],嘉義縣朴子市,560號,23.4539,120.2612,False,朴子,89,1.8702334029611098,Warning,"Nearest AQI station (朴子) AQI: 89, Outdoor facility"
民和社區活動中心,嘉義縣番路鄉,4鄰12號,23.4539,120.5879,True,嘉義,105,15.007545619956826,High Risk,Nearest AQI station (嘉義) AQI: 105
北回國小-室外,嘉義縣水上鄉,榮典路100號,23.4544,120.4098,False,嘉義,105,3.409423886655965,High Risk,Nearest AQI station (嘉義) AQI: 105
福濟宮,嘉義縣太保市,3鄰150號,23.4548,120.3293,False,朴子,89,8.396096612979328,Warning,"Nearest AQI station (朴子) AQI: 89, Outdoor facility"
太保國中[室外],嘉義縣太保市,36號,23.454862,120.329264,False,朴子,89,8.391495178585945,Warning,"Nearest AQI station (朴子) AQI: 89, Outdoor facility"
田尾社區活動中心,嘉義縣太保市,2鄰田尾15號,23.455,120.3316,True,朴子,89,8.625441900693025,Medium Risk,"Nearest AQI station (朴子) AQI: 89, Indoor facility"
太保國小[室外],嘉義縣太保市,31號,23.455,120.3316,False,朴子,89,8.625441900693025,Warning,"Nearest AQI station (朴子) AQI: 89, Outdoor facility"
春日社區活動中心,花蓮縣玉里鎮,75-1號,23.455,121.3967,True,關山,27,51.50604816884114,Low Risk,
後潭社區發展協會,嘉義縣太保市,294號,23.4553,120.3443,False,朴子,89,9.90690753681899,Warning,"Nearest AQI station (朴子) AQI: 89, Outdoor facility"
奉天宮濟公廟,嘉義縣水上鄉,崎仔頭736之1號,23.4555,120.4291,False,嘉義,105,1.6127062740741325,High Risk,Nearest AQI station (嘉義) AQI: 105
慈玄宮,嘉義市東區,溪興街28之2號,23.4555,120.4566,False,嘉義,105,1.8749893118761023,High Risk,Nearest AQI station (嘉義) AQI: 105
祥和國小[室外],嘉義縣朴子市,祥和二路西段9號,23.4569,120.2871,False,朴子,89,4.118103530044269,Warning,"Nearest AQI station (朴子) AQI: 89, Outdoor facility"
新福社區活動中心,嘉義縣番路鄉,6鄰14號,23.4576,120.5304,True,嘉義,105,9.128333919691597,High Risk,Nearest AQI station (嘉義) AQI: 105
大鄉活動中心,嘉義縣朴子市,大?榔197-3號,23.4582,120.2622,True,朴子,89,1.6717855390605354,Medium Risk,"Nearest AQI station (朴子) AQI: 89, Indoor facility"
崙頂里集會所,嘉義縣太保市,4鄰21號,23.4585,120.3111,False,朴子,89,6.501881194902313,Warning,"Nearest AQI station (朴子) AQI: 89, Outdoor facility"
蘇厝活動中心,嘉義縣六腳鄉,蘇厝村82號,23.458776,120.58654,True,嘉義,105,14.83473997306079,High Risk,Nearest AQI station (嘉義) AQI: 105
安東國小[室內],嘉義縣太保市,1號,23.4589,120.3098,True,朴子,89,6.365021112292279,Medium Risk,"Nearest AQI station (朴子) AQI: 89, Indoor facility"
安東國小[室外],嘉義縣太保市,1號,23.4589,120.3098,False,朴子,89,6.365021112292279,Warning,"Nearest AQI station (朴子) AQI: 89, Outdoor facility"
興安國民小學,嘉義市東區,興安街35號,23.4597,120.4552,False,嘉義,105,1.5307475989206345,High Risk,Nearest AQI station (嘉義) AQI: 105
舞鶴社區活動中心,花蓮縣瑞穗鄉,14鄰中正南路二段278號,23.4602,121.3536,True,關山,27,50.140476458405935,Low Risk,
安仁社區活動中心,嘉義縣太保市,5鄰頂港子墘10之1號,23.4603,120.3332,True,朴子,89,8.729194855950967,Medium Risk,"Nearest AQI station (朴子) AQI: 89, Indoor facility"
光路社區活動中心,嘉義市西區,新民路555巷6號,23.46073,120.44009,True,嘉義,105,0.46551707619806304,High Risk,Nearest AQI station (嘉義) AQI: 105
大同國小[室外],嘉義縣朴子市,大同路239號,23.4609,120.2406,False,朴子,89,0.8874175384092622,Warning,"Nearest AQI station (朴子) AQI: 89, Outdoor facility"
朴子國中[室外],嘉義縣朴子市,大同路245號,23.4611,120.2389,False,朴子,89,1.024992216037517,Warning,"Nearest AQI station (朴子) AQI: 89, Outdoor facility"
靜浦國小大禮堂,花蓮縣豐濱鄉,64號,23.4615,121.4954,True,關山,27,57.48578946216409,Low Risk,
半天岩紫雲寺-室內,嘉義縣番路鄉,2鄰岩仔6號,23.4622,120.5953,False,嘉義,105,15.715666074235958,High Risk,Nearest AQI station (嘉義) AQI: 105
內甕社區活動中心,嘉義縣番路鄉,3鄰38-29號,23.4625,120.5234,True,嘉義,105,8.383023669134795,High Risk,Nearest AQI station (嘉義) AQI: 105
內甕國小-室外,嘉義縣番路鄉,凸湖3鄰1-1號,23.4631,120.5228,False,嘉義,105,8.320068539478516,High Risk,Nearest AQI station (嘉義) AQI: 105
港墘國小-室內,嘉義縣東石鄉,64號,23.4638,120.2138,True,朴子,89,3.4724408622061262,Medium Risk,"Nearest AQI station (朴子) AQI: 89, Indoor facility"
港墘國小-室外,嘉義縣東石鄉,64號,23.4638,120.2138,False,朴子,89,3.4724408622061262,Warning,"Nearest AQI station (朴子) AQI: 89, Outdoor facility"
民和國小-室外,嘉義縣番路鄉,菜公店91號,23.464,120.5531,False,嘉義,105,11.408873451113417,High Risk,Nearest AQI station (嘉義) AQI: 105
民和國民小學-室內,嘉義縣番路鄉,菜公店91號,23.46411,120.553073,False,嘉義,105,11.406028490233842,High Risk,Nearest AQI station (嘉義) AQI: 105
嘉義市西區區公所,嘉義市西區,錦州二街２８號４樓,23.4645,120.43538,False,嘉義,105,0.5996906026333366,High Risk,Nearest AQI station (嘉義) AQI: 105
老人文康中心,嘉義縣番路鄉,4鄰101-5號,23.4646,120.554,False,嘉義,105,11.500335892111925,High Risk,Nearest AQI station (嘉義) AQI: 105
番路社區活動中心,嘉義縣番路鄉,4鄰54號,23.4648,120.5675,True,嘉義,105,12.877305485983136,High Risk,Nearest AQI station (嘉義) AQI: 105
民和國中-室外,嘉義縣番路鄉,菜公店30號,23.465,120.555,False,嘉義,105,11.602326987914672,High Risk,Nearest AQI station (嘉義) AQI: 105
朴子市公所,嘉義縣朴子市,光復路34號,23.4651,120.247,False,朴子,89,0.08733745890497507,Warning,"Nearest AQI station (朴子) AQI: 89, Outdoor facility"
興嘉國民小學,嘉義市西區,重慶路51號,23.46525,120.43795,False,嘉義,105,0.34080353294759297,High Risk,Nearest AQI station (嘉義) AQI: 105
東勢社區活動中心,嘉義縣太保市,8鄰東勢寮82號,23.4658,120.3038,True,朴子,89,5.7121369993076785,Medium Risk,"Nearest AQI station (朴子) AQI: 89, Indoor facility"
朴子國小[室外],嘉義縣朴子市,山通路11號,23.4666,120.2479,False,朴子,89,0.13604072536509518,Warning,"Nearest AQI station (朴子) AQI: 89, Outdoor facility"
德武里原住民多功能活動中心,花蓮縣玉里鎮,5鄰能雅79號,23.4669,121.4074,True,關山,27,53.18672452552009,Low Risk,
南興國民中學,嘉義市東區,宣信街182號,23.4672,120.4619,False,嘉義,105,2.123262679571051,High Risk,Nearest AQI station (嘉義) AQI: 105
東石國中[室外],嘉義縣朴子市,山通路6號,23.4677,120.2504,False,朴子,89,0.3699707718382473,Warning,"Nearest AQI station (朴子) AQI: 89, Outdoor facility"
玉山國民中學,嘉義市西區,友忠路1號,23.46814,120.42559,False,嘉義,105,1.6405889272782122,High Risk,Nearest AQI station (嘉義) AQI: 105
朴子配天宮,嘉義縣朴子市,黎明路1-2號,23.4694,120.2466,False,朴子,89,0.46345797186550086,Warning,"Nearest AQI station (朴子) AQI: 89, Outdoor facility"
嘉南社區活動中心,嘉義市東區,興業東路311號,23.4697,120.4564,True,嘉義,105,1.6391584988754484,High Risk,Nearest AQI station (嘉義) AQI: 105
宣信國民小學,嘉義市東區,宣信街266號,23.4707,120.4587,False,嘉義,105,1.897594788839908,High Risk,Nearest AQI station (嘉義) AQI: 105
港坪社區活動中心,嘉義市西區,育人路165巷48號,23.47179,120.41697,False,嘉義,105,2.596449217333497,High Risk,Nearest AQI station (嘉義) AQI: 105
大同國民小學,嘉義市西區,成功街15號,23.47214,120.44563,False,嘉義,105,0.9324498616193122,High Risk,Nearest AQI station (嘉義) AQI: 105
志航國民小學,嘉義市西區,世賢路四段141號,23.47228,120.43871,False,嘉義,105,0.8734640021741598,High Risk,Nearest AQI station (嘉義) AQI: 105
垂楊國民小學,嘉義市西區,垂楊路605號,23.4723,120.4,False,嘉義,105,4.289832050267621,High Risk,Nearest AQI station (嘉義) AQI: 105
興南里集會所,嘉義市東區,崇文街76號,23.4723,120.4547,False,嘉義,105,1.6065595743260466,High Risk,Nearest AQI station (嘉義) AQI: 105
育人國民小學,嘉義市西區,育人路211號,23.47272,120.416728,False,嘉義,105,2.6526053097411175,High Risk,Nearest AQI station (嘉義) AQI: 105
崇文國民小學,嘉義市東區,垂楊路241號,23.4735,120.4528,False,嘉義,105,1.5257512036460126,High Risk,Nearest AQI station (嘉義) AQI: 105
龍山國小[室內],嘉義縣竹崎鄉,水道頭70號,23.4735,120.586,False,嘉義,105,14.795627739992925,High Risk,Nearest AQI station (嘉義) AQI: 105
龍山國小[戶外],嘉義縣竹崎鄉,水道頭70號,23.4735,120.586,False,嘉義,105,14.795627739992925,High Risk,Nearest AQI station (嘉義) AQI: 105
何庄社區活動中心,嘉義市西區,育人路611號,23.47354,120.4068,False,嘉義,105,3.646471341461062,High Risk,Nearest AQI station (嘉義) AQI: 105
永和里集會所,嘉義市西區,康樂街259號,23.47406,120.44037,False,嘉義,105,1.035947838219465,High Risk,Nearest AQI station (嘉義) AQI: 105
港尾社區活動中心,嘉義縣太保市,1鄰9號,23.4745,120.3747,True,嘉義,105,6.873509878629028,High Risk,Nearest AQI station (嘉義) AQI: 105
港口活動中心,花蓮縣豐濱鄉,7鄰118號,23.4745,121.5043,True,花蓮,38,56.09067610591912,Low Risk,
蘭潭國民小學,嘉義市東區,小雅路419號,23.4753,120.4715,False,嘉義,105,3.299586600460601,High Risk,Nearest AQI station (嘉義) AQI: 105
內埔國小[室內],嘉義縣竹崎鄉,元興路2號,23.4756,120.5646,False,嘉義,105,12.638402886139232,High Risk,Nearest AQI station (嘉義) AQI: 105
內埔國小[戶外],嘉義縣竹崎鄉,元興路2號,23.4756,120.5646,True,嘉義,105,12.638402886139232,High Risk,Nearest AQI station (嘉義) AQI: 105
民族國民小學,嘉義市東區,民族路189號,23.476,120.4552,False,嘉義,105,1.8923338547432123,High Risk,Nearest AQI station (嘉義) AQI: 105
大業國民中學,嘉義市東區,大業街57號,23.476,120.4552,False,嘉義,105,1.8923338547432123,High Risk,Nearest AQI station (嘉義) AQI: 105
江西社區活動中心,嘉義縣番路鄉,4鄰3號,23.4764,120.5275,True,嘉義,105,8.891338241860653,High Risk,Nearest AQI station (嘉義) AQI: 105
港坪運動公園,嘉義市西區,大同路100號,23.476678,120.422306,True,嘉義,105,2.341938938214214,High Risk,Nearest AQI station (嘉義) AQI: 105
東區區公所,嘉義市東區,吳鳳北路184號,23.4787,120.4534,False,嘉義,105,1.9828189943287577,High Risk,Nearest AQI station (嘉義) AQI: 105
嘉義市立棒球場,嘉義市東區,山仔頂249-1號,23.4787,120.4534,False,嘉義,105,1.9828189943287577,High Risk,Nearest AQI station (嘉義) AQI: 105
港坪國民小學,嘉義市西區,四維路63號,23.47935,120.424545,False,嘉義,105,2.351324549408461,High Risk,Nearest AQI station (嘉義) AQI: 105
蘭潭國民中學,嘉義市東區,民權東路32號,23.4822,120.4814,False,嘉義,105,4.529959432556099,High Risk,Nearest AQI station (嘉義) AQI: 105
更寮國小-室外,嘉義縣六腳鄉,更寮村19號,23.482948,120.239859,False,朴子,89,2.1147169793751965,Warning,"Nearest AQI station (朴子) AQI: 89, Outdoor facility"
雙溪國小[室外],嘉義縣朴子市,30號,23.4841,120.2778,False,朴子,89,3.7006829597254205,Warning,"Nearest AQI station (朴子) AQI: 89, Outdoor facility"
文雅國民小學,嘉義市東區,文雅街2號,23.4841,120.4873,False,嘉義,105,5.164661902765537,High Risk,Nearest AQI station (嘉義) AQI: 105
僑平國民小學,嘉義市西區,德安路10號,23.48415,120.43241,False,嘉義,105,2.3351386324920362,High Risk,Nearest AQI station (嘉義) AQI: 105
雙溪口活動中心,嘉義縣朴子市,雙溪口40-2號,23.4844,120.2741,True,朴子,89,3.415861671759141,Medium Risk,"Nearest AQI station (朴子) AQI: 89, Indoor facility"
新埤國小[室外],嘉義縣太保市,214號,23.4851,120.3347,False,新港,103,7.832856882832098,High Risk,Nearest AQI station (新港) AQI: 103
圓崇國小[室內],嘉義縣竹崎鄉,387巷28號,23.4853,120.5578,True,嘉義（東區）,99,11.955385894474203,Medium Risk,"Nearest AQI station (嘉義（東區）) AQI: 99, Indoor facility"
圓崇國小[戶外],嘉義縣竹崎鄉,387巷28號,23.4853,120.5578,False,嘉義（東區）,99,11.955385894474203,Warning,"Nearest AQI station (嘉義（東區）) AQI: 99, Outdoor facility"
老人文康中心,嘉義縣太保市,5鄰214-12號,23.4859,120.3348,False,新港,103,7.74335192833244,High Risk,Nearest AQI station (新港) AQI: 103
王田里集會所,嘉義市東區,五福街119號,23.4867,120.4679,False,嘉義,105,3.6508456053219907,High Risk,Nearest AQI station (嘉義) AQI: 105
復金社區活動中心,嘉義縣竹崎鄉,復金村復鼎金59-1號,23.4867,120.5152,False,嘉義（東區）,99,7.778538650463695,Warning,"Nearest AQI station (嘉義（東區）) AQI: 99, Outdoor facility"
龍山社區活動中心,嘉義縣竹崎鄉,龍山村14鄰大庭23號,23.4867,120.5152,False,嘉義（東區）,99,7.778538650463695,Warning,"Nearest AQI station (嘉義（東區）) AQI: 99, Outdoor facility"
光華國小[室內],嘉義縣竹崎鄉,4鄰10號,23.4869,120.5759,True,嘉義（東區）,99,13.708119782437194,Medium Risk,"Nearest AQI station (嘉義（東區）) AQI: 99, Indoor facility"
光華國小[戶外],嘉義縣竹崎鄉,4鄰10號,23.4869,120.5759,True,嘉義（東區）,99,13.708119782437194,Medium Risk,"Nearest AQI station (嘉義（東區）) AQI: 99, Indoor facility"
嘉義國民中學,嘉義市東區,圓福街86號,23.487,120.4647,False,嘉義,105,3.438723043704926,High Risk,Nearest AQI station (嘉義) AQI: 105
埤鄉社區活動中心,嘉義縣太保市,5鄰埤麻腳77號,23.4873,120.3872,True,嘉義,105,6.054904261894098,High Risk,Nearest AQI station (嘉義) AQI: 105
世賢國民小學,嘉義市西區,世賢路一段687號,23.4893,120.42788,False,嘉義,105,3.0486815665690377,High Risk,Nearest AQI station (嘉義) AQI: 105
林森國民小學,嘉義市東區,林森東路346號,23.4895,120.4666,False,嘉義（東區）,99,3.45012894547011,Warning,"Nearest AQI station (嘉義（東區）) AQI: 99, Outdoor facility"
北興國民中學,嘉義市東區,忠孝路394號,23.4906,120.4532,False,嘉義（東區）,99,2.6444043975220244,Warning,"Nearest AQI station (嘉義（東區）) AQI: 99, Outdoor facility"
鹿滿社區活動中心,嘉義縣竹崎鄉,鹿滿村7鄰麻箕埔95-1號,23.4907,120.5067,True,嘉義（東區）,99,6.808584063336755,Medium Risk,"Nearest AQI station (嘉義（東區）) AQI: 99, Indoor facility"
瑞穗青蓮寺,花蓮縣瑞穗鄉,仁愛路109號,23.4909,121.3904,False,關山,27,54.79148661784707,Low Risk,
新厝社區活動中心,嘉義市西區,龍江街87號,23.490995,120.440796,True,嘉義（東區）,99,2.477234792830739,Medium Risk,"Nearest AQI station (嘉義（東區）) AQI: 99, Indoor facility"
花蓮縣鶴岡國民小學,花蓮縣瑞穗鄉,167 號,23.4913,121.39,False,關山,27,54.814337474760826,Low Risk,
博愛國民小學,嘉義市西區,友愛路822號,23.49159,120.44401,False,嘉義（東區）,99,2.3823630099287167,Warning,"Nearest AQI station (嘉義（東區）) AQI: 99, Outdoor facility"
精忠社區活動中心,嘉義市東區,精忠一村1之6號,23.4916,120.4768,True,嘉義（東區）,99,4.062310327600918,Medium Risk,"Nearest AQI station (嘉義（東區）) AQI: 99, Indoor facility"
瑞良社區活動中心,花蓮縣瑞穗鄉,4鄰信義路3號,23.4924,121.394,True,關山,27,55.09959315203611,Low Risk,
下埤社區活動中心,嘉義市西區,頂埤57號,23.49248,120.41256,False,嘉義（東區）,99,3.9789712613600527,Warning,"Nearest AQI station (嘉義（東區）) AQI: 99, Outdoor facility"
蒜頭國小-室外,嘉義縣六腳鄉,蒜頭村188號,23.493083,120.291893,False,朴子,89,5.450860822150154,Warning,"Nearest AQI station (朴子) AQI: 89, Outdoor facility"
花蓮縣瑞穗鄉瑞美國民小學,花蓮縣瑞穗鄉,中山路二段389號,23.4931,121.3916,False,關山,27,55.064944512397005,Low Risk,
嘉北國民小學,嘉義市東區,嘉北街65號,23.4935,120.4551,False,嘉義（東區）,99,2.422860313294599,Warning,"Nearest AQI station (嘉義（東區）) AQI: 99, Outdoor facility"
瑞美社區活動中心,花蓮縣瑞穗鄉,13鄰中山路二段387號,23.4937,121.3912,True,關山,27,55.1079111722176,Low Risk,
蒜頭國小活動中心-室內,嘉義縣六腳鄉,蒜頭村188號,23.494022,120.292893,True,朴子,89,5.594066972138992,Medium Risk,"Nearest AQI station (朴子) AQI: 89, Indoor facility"
蒜頭活動中心,嘉義縣六腳鄉,蒜頭村73號,23.494055,120.290764,True,朴子,89,5.41912800807746,Medium Risk,"Nearest AQI station (朴子) AQI: 89, Indoor facility"
奇美社區活動中心,花蓮縣瑞穗鄉,2鄰40號,23.4942,121.4467,True,花蓮,38,55.292485525672625,Low Risk,
北園國民小學,嘉義市西區,北社尾路168號,23.49452,120.42565,False,嘉義（東區）,99,2.815940689427888,Warning,"Nearest AQI station (嘉義（東區）) AQI: 99, Outdoor facility"
金獅社區活動中心,嘉義縣竹崎鄉,金獅村11鄰金獅寮31號,23.4946,120.5413,True,嘉義（東區）,99,10.07869054468843,Medium Risk,"Nearest AQI station (嘉義（東區）) AQI: 99, Indoor facility"
北園國民中學,嘉義市西區,北社尾路166巷12號,23.49517,120.42663,False,嘉義（東區）,99,2.6949861798644132,Warning,"Nearest AQI station (嘉義（東區）) AQI: 99, Outdoor facility"
六腳鄉老人文康中心,嘉義縣六腳鄉,188號之5,23.4952,120.2931,False,朴子,89,5.686785604459485,Warning,"Nearest AQI station (朴子) AQI: 89, Outdoor facility"
春梅社區活動中心,嘉義縣太保市,10鄰梅子厝71-1號,23.4952,120.3867,False,嘉義（東區）,99,6.219573955689133,Warning,"Nearest AQI station (嘉義（東區）) AQI: 99, Outdoor facility"
太保國小[室內],嘉義縣太保市,31號,23.4952,120.3867,False,嘉義（東區）,99,6.219573955689133,Warning,"Nearest AQI station (嘉義（東區）) AQI: 99, Outdoor facility"
紅葉社區活動中心,花蓮縣萬榮鄉,1鄰9號,23.4954,121.3446,True,關山,27,53.43659339467798,Low Risk,
南新國小[室內],嘉義縣太保市,10鄰中山路一段140號,23.497,120.3845,True,嘉義（東區）,99,6.373812734686055,Medium Risk,"Nearest AQI station (嘉義（東區）) AQI: 99, Indoor facility"
南新國小[室外],嘉義縣太保市,10鄰中山路一段140號,23.497,120.3845,False,嘉義（東區）,99,6.373812734686055,Warning,"Nearest AQI station (嘉義（東區）) AQI: 99, Outdoor facility"
花蓮縣立瑞穗國民中學,花蓮縣瑞穗鄉,成功北路18號,23.4982,121.3759,False,關山,27,54.92063295087274,Low Risk,
中和國小[室內],嘉義縣竹崎鄉,奮起湖215號,23.4988,120.5344,True,嘉義（東區）,99,9.30008119136108,Medium Risk,"Nearest AQI station (嘉義（東區）) AQI: 99, Indoor facility"
中和國小[戶外],嘉義縣竹崎鄉,奮起湖215號,23.4988,120.5344,False,嘉義（東區）,99,9.30008119136108,Warning,"Nearest AQI station (嘉義（東區）) AQI: 99, Outdoor facility"
沙坑國小[戶外],嘉義縣竹崎鄉,8鄰水坑57之2號,23.4988,120.5344,True,嘉義（東區）,99,9.30008119136108,Medium Risk,"Nearest AQI station (嘉義（東區）) AQI: 99, Indoor facility"
頂庄社區活動中心,嘉義市東區,義教街542巷20號,23.4991,120.4577,True,嘉義（東區）,99,2.049026109607766,Medium Risk,"Nearest AQI station (嘉義（東區）) AQI: 99, Indoor facility"
水牛厝社區活動中心,嘉義縣太保市,4鄰仁愛路25號,23.4992,120.3857,True,嘉義（東區）,99,6.1912002810674345,Medium Risk,"Nearest AQI station (嘉義（東區）) AQI: 99, Indoor facility"
過溝社區活動中心,嘉義縣太保市,4鄰過溝36-5號,23.4996,120.3599,True,新港,103,6.314574640695096,High Risk,Nearest AQI station (新港) AQI: 103
瑞祥社區活動中心,花蓮縣瑞穗鄉,4鄰祥北路二段127號,23.4998,121.3588,True,關山,27,54.414407005363955,Low Risk,
瑞穗社區活動中心,花蓮縣瑞穗鄉,14鄰民生街41號,23.4998,121.3787,True,關山,27,55.197951130051976,Low Risk,
灣內國小-室外,嘉義縣六腳鄉,15鄰6號,23.499803,120.312561,False,新港,103,6.982090161653281,High Risk,Nearest AQI station (新港) AQI: 103
麻寮古恩宮集會所,嘉義縣太保市,13鄰中山路二段250號,23.4999,120.3682,False,新港,103,6.531497339288686,High Risk,Nearest AQI station (新港) AQI: 103
嘉新國中[室外],嘉義縣太保市,17鄰中興路一段250號,23.500064,120.378286,False,嘉義（東區）,99,6.905418014483956,Warning,"Nearest AQI station (嘉義（東區）) AQI: 99, Outdoor facility"
後湖社區活動中心,嘉義市東區,保義路60巷40號,23.5011,120.4537,True,嘉義（東區）,99,1.621744855788586,Medium Risk,"Nearest AQI station (嘉義（東區）) AQI: 99, Indoor facility"
六嘉國中禮堂-室內,嘉義縣六腳鄉,樹仁路1號,23.501676,120.292165,True,朴子,89,6.06304303591602,Medium Risk,"Nearest AQI station (朴子) AQI: 89, Indoor facility"
六嘉國中-室外,嘉義縣六腳鄉,樹仁路1號,23.501676,120.292165,False,朴子,89,6.06304303591602,Warning,"Nearest AQI station (朴子) AQI: 89, Outdoor facility"
竹崎國小[戶外],嘉義縣竹崎鄉,文化路32號,23.5023,120.5631,True,嘉義（東區）,99,12.149693553194082,Medium Risk,"Nearest AQI station (嘉義（東區）) AQI: 99, Indoor facility"
中華社區活動中心,嘉義縣竹崎鄉,中和村奮起湖150號,23.503,120.5356,True,嘉義（東區）,99,9.353546857678891,Medium Risk,"Nearest AQI station (嘉義（東區）) AQI: 99, Indoor facility"
竹崎高中[戶外],嘉義縣竹崎鄉,文化路23號,23.5033,120.5129,True,嘉義（東區）,99,7.0555452170261255,Medium Risk,"Nearest AQI station (嘉義（東區）) AQI: 99, Indoor facility"
豐裡活動中心,花蓮縣壽豐鄉,中山路257號,23.5034,121.3021,True,關山,27,52.93552103326664,Low Risk,
昇平國中[室內],嘉義縣竹崎鄉,元興路138號,23.5069,120.499,False,嘉義（東區）,99,5.596430409626393,Warning,"Nearest AQI station (嘉義（東區）) AQI: 99, Outdoor facility"
昇平國中[戶外],嘉義縣竹崎鄉,元興路138號,23.5069,120.499,False,嘉義（東區）,99,5.596430409626393,Warning,"Nearest AQI station (嘉義（東區）) AQI: 99, Outdoor facility"
大崎村辦公處暨社區活動中心,嘉義縣民雄鄉,大崎腳17-5號,23.5076,120.465,True,嘉義（東區）,99,2.17315269597116,Medium Risk,"Nearest AQI station (嘉義（東區）) AQI: 99, Indoor facility"
荖藤社區活動中心,嘉義市東區,29之1號,23.5086,120.4449,True,嘉義（東區）,99,0.4918980075207982,Medium Risk,"Nearest AQI station (嘉義（東區）) AQI: 99, Indoor facility"
六腳國小-室內,嘉義縣六腳鄉,六腳村105號,23.509078,120.251814,True,朴子,89,4.8762090119640025,Medium Risk,"Nearest AQI station (朴子) AQI: 89, Indoor facility"
六腳國小-室外,嘉義縣六腳鄉,六腳村105號,23.509078,120.251814,False,朴子,89,4.8762090119640025,Warning,"Nearest AQI station (朴子) AQI: 89, Outdoor facility"
福興村廣興宮室內,嘉義縣民雄鄉,6鄰30號,23.5097,120.4259,False,嘉義（東區）,99,1.9339094863743531,Warning,"Nearest AQI station (嘉義（東區）) AQI: 99, Outdoor facility"
福興村廣興宮室外,嘉義縣民雄鄉,6鄰30號,23.5097,120.4259,False,嘉義（東區）,99,1.9339094863743531,Warning,"Nearest AQI station (嘉義（東區）) AQI: 99, Outdoor facility"
鶴岡社區活動中心,花蓮縣瑞穗鄉,14鄰85之6號,23.5097,121.3911,True,花蓮,38,55.54907305937726,Low Risk,
福興社區活動中心,嘉義縣民雄鄉,牛稠溪68-3號,23.5098,120.4278,True,嘉義（東區）,99,1.7417959594557333,Medium Risk,"Nearest AQI station (嘉義（東區）) AQI: 99, Indoor facility"
水仙宮室內,嘉義縣新港鄉,南港5鄰58號,23.51,120.3363,False,新港,103,5.073905430063993,High Risk,Nearest AQI station (新港) AQI: 103
大崎國小-室外,嘉義縣民雄鄉,林子尾66號,23.5117,120.4722,False,嘉義（東區）,99,2.8260885975275047,Warning,"Nearest AQI station (嘉義（東區）) AQI: 99, Outdoor facility"
大崎國小-室內,嘉義縣民雄鄉,秀林村林子尾66號,23.5117,120.4722,True,嘉義（東區）,99,2.8260885975275047,Medium Risk,"Nearest AQI station (嘉義（東區）) AQI: 99, Indoor facility"
秀林村辦公處暨社區活動中心,嘉義縣民雄鄉,林子尾38-1號,23.5139,120.4778,True,嘉義（東區）,99,3.394738571365232,Medium Risk,"Nearest AQI station (嘉義（東區）) AQI: 99, Indoor facility"
金興村辦公處暨社區活動中心,嘉義縣民雄鄉,頭橋1200號,23.5142,120.4372,True,嘉義（東區）,99,0.7579999779776094,Medium Risk,"Nearest AQI station (嘉義（東區）) AQI: 99, Indoor facility"
安和國小室內,嘉義縣新港鄉,安和46號,23.5147,120.3129,True,新港,103,5.566577675558503,High Risk,Nearest AQI station (新港) AQI: 103
安和國小室外,嘉義縣新港鄉,46號,23.5147,120.3129,False,新港,103,5.566577675558503,High Risk,Nearest AQI station (新港) AQI: 103
大吉國中-室外,嘉義縣民雄鄉,內埔仔2-1號,23.5155,120.4874,False,嘉義（東區）,99,4.3808626920775495,Warning,"Nearest AQI station (嘉義（東區）) AQI: 99, Outdoor facility"
大吉國中-室內,嘉義縣民雄鄉,內埔仔2-1號,23.5155,120.4874,True,嘉義（東區）,99,4.3808626920775495,Medium Risk,"Nearest AQI station (嘉義（東區）) AQI: 99, Indoor facility"
紫雲社區活動中心,嘉義縣竹崎鄉,紫雲村11鄰大竹圍3-2號,23.5158,120.5731,True,嘉義（東區）,99,13.113850669479207,Medium Risk,"Nearest AQI station (嘉義（東區）) AQI: 99, Indoor facility"
竹崎老人文康中心,嘉義縣竹崎鄉,竹崎村中正路95號,23.5184,120.5918,False,嘉義（東區）,99,15.028663518193557,Warning,"Nearest AQI station (嘉義（東區）) AQI: 99, Outdoor facility"
山中村辦公處暨社區活動中心,嘉義縣民雄鄉,山中78-1號,23.5194,120.4056,True,嘉義（東區）,99,4.031388864496049,Medium Risk,"Nearest AQI station (嘉義（東區）) AQI: 99, Indoor facility"
月眉國小室內,嘉義縣新港鄉,月眉123號,23.5202,120.3517,True,新港,103,3.902684709475632,High Risk,Nearest AQI station (新港) AQI: 103
月眉國小室外,嘉義縣新港鄉,月眉124號,23.5202,120.3517,False,新港,103,3.902684709475632,High Risk,Nearest AQI station (新港) AQI: 103
義和社區活動中心,嘉義縣竹崎鄉,義和村4鄰山子門23號,23.5213,120.5532,False,嘉義（東區）,99,11.119195634083958,Warning,"Nearest AQI station (嘉義（東區）) AQI: 99, Outdoor facility"
義隆社區活動中心,嘉義縣竹崎鄉,義隆村3鄰山知崙7-1號,23.5213,120.5532,True,嘉義（東區）,99,11.119195634083958,Medium Risk,"Nearest AQI station (嘉義（東區）) AQI: 99, Indoor facility"
坑頭村活動中心,嘉義縣竹崎鄉,坑頭村8鄰復原莊20號,23.5214,120.5544,True,嘉義（東區）,99,11.242043061264107,Medium Risk,"Nearest AQI station (嘉義（東區）) AQI: 99, Indoor facility"
光華社區活動中心,嘉義縣竹崎鄉,光華村5鄰27之1號,23.5214,120.5544,False,嘉義（東區）,99,11.242043061264107,Warning,"Nearest AQI station (嘉義（東區）) AQI: 99, Outdoor facility"
嘉義縣竹崎鄉昇平村收容所暨防災物資整備所,嘉義縣竹崎鄉,6鄰頂埔96號之1,23.5214,120.5544,False,嘉義（東區）,99,11.242043061264107,Warning,"Nearest AQI station (嘉義（東區）) AQI: 99, Outdoor facility"
興南村集會所,嘉義縣民雄鄉,頭橋97號,23.5228,120.438,False,嘉義（東區）,99,1.2755254944187557,Warning,"Nearest AQI station (嘉義（東區）) AQI: 99, Outdoor facility"
灣橋社區活動中心,嘉義縣竹崎鄉,灣橋村16鄰灣橋172號,23.5242,120.5064,True,嘉義（東區）,99,6.430687550306879,Medium Risk,"Nearest AQI station (嘉義（東區）) AQI: 99, Indoor facility"
福樂村辦公處暨社區活動中心,嘉義縣民雄鄉,新生一街1號,23.5263,120.4487,True,嘉義（東區）,99,1.5380070852943368,Medium Risk,"Nearest AQI station (嘉義（東區）) AQI: 99, Indoor facility"
興中國小-室外,嘉義縣民雄鄉,江厝店30號,23.5266,120.42,False,嘉義（東區）,99,2.9212122592424237,Warning,"Nearest AQI station (嘉義（東區）) AQI: 99, Outdoor facility"
興中國小-室內,嘉義縣民雄鄉,江厝店30號,23.5266,120.42,True,嘉義（東區）,99,2.9212122592424237,Medium Risk,"Nearest AQI station (嘉義（東區）) AQI: 99, Indoor facility"
瑞北社區活動中心,花蓮縣瑞穗鄉,4鄰祥北路一段54之1號,23.5267,121.3765,True,花蓮,38,54.410358203947325,Low Risk,
興中村辦公處暨社區活動中心,嘉義縣民雄鄉,江厝店29-4號,23.5273,120.4206,True,嘉義（東區）,99,2.9107771846100543,Medium Risk,"Nearest AQI station (嘉義（東區）) AQI: 99, Indoor facility"
竹崎高中[室內],嘉義縣竹崎鄉,竹崎村文化路23號,23.5281,120.5694,True,嘉義（東區）,99,12.842416337615909,Medium Risk,"Nearest AQI station (嘉義（東區）) AQI: 99, Indoor facility"
福樂國小教室,嘉義縣民雄鄉,光明二街191號,23.528949,120.452072,True,嘉義（東區）,99,1.932364680866242,Medium Risk,"Nearest AQI station (嘉義（東區）) AQI: 99, Indoor facility"
福樂國小操場,嘉義縣民雄鄉,光明二街191號,23.528949,120.452072,False,嘉義（東區）,99,1.932364680866242,Warning,"Nearest AQI station (嘉義（東區）) AQI: 99, Outdoor facility"
沙坑社區活動中心,嘉義縣竹崎鄉,沙坑村8鄰水坑56之8號,23.5293,120.5196,True,嘉義（東區）,99,7.866252437841501,Medium Risk,"Nearest AQI station (嘉義（東區）) AQI: 99, Indoor facility"
獅埜社區活動中心,嘉義縣竹崎鄉,獅埜村8鄰許厝8之1號,23.5303,120.5206,False,嘉義（東區）,99,7.9914940663088165,Warning,"Nearest AQI station (嘉義（東區）) AQI: 99, Outdoor facility"
北斗村辦公處暨社區活動中心,嘉義縣民雄鄉,北勢子19-4號,23.5333,120.4564,True,嘉義（東區）,99,2.560711446741174,Medium Risk,"Nearest AQI station (嘉義（東區）) AQI: 99, Indoor facility"
秀林國小風雨教室、操場,嘉義縣民雄鄉,3鄰北勢子17號,23.5341,120.4571,True,嘉義（東區）,99,2.672923434017316,Medium Risk,"Nearest AQI station (嘉義（東區）) AQI: 99, Indoor facility"
?福村辦公處暨社區活動中心,嘉義縣民雄鄉,7鄰60號,23.5344,120.4424,True,嘉義（東區）,99,2.3882602751003428,Medium Risk,"Nearest AQI station (嘉義（東區）) AQI: 99, Indoor facility"
中央村辦公處暨社區活動中心,嘉義縣民雄鄉,田中央77號,23.5357,120.4051,True,嘉義（東區）,99,4.745316971033069,Medium Risk,"Nearest AQI station (嘉義（東區）) AQI: 99, Indoor facility"
文隆村辦公處暨社區活動中心,嘉義縣民雄鄉,鴨母 47-7號,23.5374,120.4201,True,嘉義（東區）,99,3.681540553402722,Medium Risk,"Nearest AQI station (嘉義（東區）) AQI: 99, Indoor facility"
松山村辦公處暨社區活動中心,嘉義縣民雄鄉,4鄰43號,23.5401,120.4761,True,嘉義（東區）,99,4.409065099590974,Medium Risk,"Nearest AQI station (嘉義（東區）) AQI: 99, Indoor facility"
六美國小-室外,嘉義縣六腳鄉,六斗村31號,23.540259,120.293455,False,新港,103,5.550446007110597,High Risk,Nearest AQI station (新港) AQI: 103
松山國小-室外,嘉義縣民雄鄉,松子?43-1號,23.5403,120.4751,False,嘉義（東區）,99,4.350656517022618,Warning,"Nearest AQI station (嘉義（東區）) AQI: 99, Outdoor facility"
松山國小3樓多功能教室有電梯,嘉義縣民雄鄉,松子腳43之1號,23.5403,120.4751,True,嘉義（東區）,99,4.350656517022618,Medium Risk,"Nearest AQI station (嘉義（東區）) AQI: 99, Indoor facility"
六美國小-室內,嘉義縣六腳鄉,六斗村31號,23.5431,120.2867,True,新港,103,6.137325251045057,High Risk,Nearest AQI station (新港) AQI: 103
西昌村辦公處暨社區活動中心,嘉義縣民雄鄉,竹子腳1-2號,23.544,120.3831,True,新港,103,4.0147437750243995,High Risk,Nearest AQI station (新港) AQI: 103
平和村辦公處暨社區活動中心,嘉義縣民雄鄉,雙援15-2號,23.5451,120.3933,True,新港,103,4.9882401476288925,High Risk,Nearest AQI station (新港) AQI: 103
中和村辦公處暨社區活動中心,嘉義縣民雄鄉,社溝38-1號,23.5493,120.4129,True,嘉義（東區）,99,5.164783195802,Medium Risk,"Nearest AQI station (嘉義（東區）) AQI: 99, Indoor facility"
東湖村辦公處暨社區活動中心,嘉義縣民雄鄉,東勢湖174號,23.5503,120.4406,True,嘉義（東區）,99,4.16567275336484,Medium Risk,"Nearest AQI station (嘉義（東區）) AQI: 99, Indoor facility"
安靖國小[室外],嘉義縣梅山鄉,柿子寮3號,23.5527,120.5781,False,嘉義（東區）,99,14.315358369673358,Warning,"Nearest AQI station (嘉義（東區）) AQI: 99, Outdoor facility"
文昌國小室內,嘉義縣新港鄉,古民街12號,23.5537,120.3505,True,新港,103,0.5220868811080155,High Risk,Nearest AQI station (新港) AQI: 103
文昌國小室外,嘉義縣新港鄉,古民街12號,23.5537,120.3505,False,新港,103,0.5220868811080155,High Risk,Nearest AQI station (新港) AQI: 103
民雄國小-室外,嘉義縣民雄鄉,民族路43號,23.5551,120.4294,False,嘉義（東區）,99,4.927495216718642,Warning,"Nearest AQI station (嘉義（東區）) AQI: 99, Outdoor facility"
民雄國小-室內,嘉義縣民雄鄉,民族路43號,23.5551,120.4294,True,嘉義（東區）,99,4.927495216718642,Medium Risk,"Nearest AQI station (嘉義（東區）) AQI: 99, Indoor facility"
新港國小室內,嘉義縣新港鄉,登雲路105號,23.5557,120.345,True,新港,103,0.10997908299118858,High Risk,Nearest AQI station (新港) AQI: 103
新港國小室外,嘉義縣新港鄉,登雲路105號,23.5557,120.345,False,新港,103,0.10997908299118858,High Risk,Nearest AQI station (新港) AQI: 103
菁埔村辦公處暨社區活動中心,嘉義縣民雄鄉,菁埔137-1號,23.556,120.3987,True,新港,103,5.421026579228098,High Risk,Nearest AQI station (新港) AQI: 103
三興村辦公處暨社區活動中心,嘉義縣民雄鄉,陳厝寮37號,23.5569,120.4767,True,嘉義（東區）,99,5.880486099381256,Medium Risk,"Nearest AQI station (嘉義（東區）) AQI: 99, Indoor facility"
東榮村辦公處暨嘉義縣長壽會館,嘉義縣民雄鄉,中庄130號,23.5571,120.4346,False,嘉義（東區）,99,5.005802122992052,Warning,"Nearest AQI station (嘉義（東區）) AQI: 99, Outdoor facility"
民雄國中-室外,嘉義縣民雄鄉,西安路147號,23.5574,120.4207,False,嘉義（東區）,99,5.500939551340862,Warning,"Nearest AQI station (嘉義（東區）) AQI: 99, Outdoor facility"
民雄國中-室內,嘉義縣民雄鄉,西安路147號,23.5574,120.4207,True,嘉義（東區）,99,5.500939551340862,Medium Risk,"Nearest AQI station (嘉義（東區）) AQI: 99, Indoor facility"
北美國小-室內,嘉義縣六腳鄉,崙陽村122號,23.55746,120.303813,True,新港,103,4.262246670733082,High Risk,Nearest AQI station (新港) AQI: 103
北美國小-室外,嘉義縣六腳鄉,122號,23.55746,120.303813,False,新港,103,4.262246670733082,High Risk,Nearest AQI station (新港) AQI: 103
東榮國小-室外,嘉義縣民雄鄉,105號,23.5576,120.4349,False,嘉義（東區）,99,5.0542419800960845,Warning,"Nearest AQI station (嘉義（東區）) AQI: 99, Outdoor facility"
東榮國小-室內,嘉義縣民雄鄉,105號,23.5576,120.4349,True,嘉義（東區）,99,5.0542419800960845,Medium Risk,"Nearest AQI station (嘉義（東區）) AQI: 99, Indoor facility"
三興國小-室外,嘉義縣民雄鄉,陳厝寮55號,23.5578,120.4819,False,嘉義（東區）,99,6.271049215370817,Warning,"Nearest AQI station (嘉義（東區）) AQI: 99, Outdoor facility"
三興國小-室內,嘉義縣民雄鄉,陳厝寮55號,23.5578,120.4819,True,嘉義（東區）,99,6.271049215370817,Medium Risk,"Nearest AQI station (嘉義（東區）) AQI: 99, Indoor facility"
大南國小[室外],嘉義縣梅山鄉,大草埔15號,23.558,120.5543,False,嘉義（東區）,99,12.258735203767687,Warning,"Nearest AQI station (嘉義（東區）) AQI: 99, Outdoor facility"
新港國中室內,嘉義縣新港鄉,福德路106號,23.5584,120.3438,True,新港,103,0.43349610783024733,High Risk,Nearest AQI station (新港) AQI: 103
新港國中室外,嘉義縣新港鄉,福德路106號,23.5584,120.3438,False,新港,103,0.43349610783024733,High Risk,Nearest AQI station (新港) AQI: 103
菁埔國小二樓活動中心,嘉義縣民雄鄉,菁埔村130-3號,23.558682,120.397377,True,新港,103,5.301831462573436,High Risk,Nearest AQI station (新港) AQI: 103
菁埔國小操場,嘉義縣民雄鄉,菁埔村130-3號,23.558682,120.397377,False,新港,103,5.301831462573436,High Risk,Nearest AQI station (新港) AQI: 103
藝術高中室內,嘉義縣新港鄉,藝高路1號,23.5604,120.349,True,新港,103,0.7123110307687318,High Risk,Nearest AQI station (新港) AQI: 103
藝術高中室外,嘉義縣新港鄉,藝高路1號,23.5604,120.349,False,新港,103,0.7123110307687318,High Risk,Nearest AQI station (新港) AQI: 103
豐收村辦公處暨社區活動中心,嘉義縣民雄鄉,好收148-1號,23.5613,120.4506,True,嘉義（東區）,99,5.405257630319629,Medium Risk,"Nearest AQI station (嘉義（東區）) AQI: 99, Indoor facility"
水仙宮室外,嘉義縣新港鄉,5鄰舊南港59號,23.561845,120.308799,False,新港,103,3.8241806849857816,High Risk,Nearest AQI station (新港) AQI: 103
東興村辦公處暨社區活動中心,嘉義縣民雄鄉,葉子寮28-1號,23.5619,120.4984,True,嘉義（東區）,99,7.728094940380278,Medium Risk,"Nearest AQI station (嘉義（東區）) AQI: 99, Indoor facility"
六興宮室外,嘉義縣新港鄉,溪北65號,23.5622,120.3143,False,新港,103,3.286830474032045,High Risk,Nearest AQI station (新港) AQI: 103
六興宮室內,嘉義縣新港鄉,溪北65號,23.5622,120.3143,False,新港,103,3.286830474032045,High Risk,Nearest AQI station (新港) AQI: 103
古民國小室內,嘉義縣新港鄉,古民161號,23.5623,120.3491,True,新港,103,0.9058765861489446,High Risk,Nearest AQI station (新港) AQI: 103
古民國小室外,嘉義縣新港鄉,古民161號,23.5623,120.3491,False,新港,103,0.9058765861489446,High Risk,Nearest AQI station (新港) AQI: 103
福權村辦公處暨社區活動中心,嘉義縣民雄鄉,福權26號,23.5626,120.4128,True,嘉義（東區）,99,6.392364683407678,Medium Risk,"Nearest AQI station (嘉義（東區）) AQI: 99, Indoor facility"
頂崙村辦公處暨社區活動中心,嘉義縣民雄鄉,崙子頂25-1號,23.5679,120.4379,True,嘉義（東區）,99,6.140684563195053,Medium Risk,"Nearest AQI station (嘉義（東區）) AQI: 99, Indoor facility"
八里灣基督長老教會,花蓮縣豐濱鄉,16鄰豐里49之1號,23.5681,121.4859,True,花蓮,38,46.3076735351977,Low Risk,
寮頂村集會所,嘉義縣民雄鄉,頂寮59-3號,23.5709,120.4269,False,嘉義（東區）,99,6.682977896832057,Warning,"Nearest AQI station (嘉義（東區）) AQI: 99, Outdoor facility"
富民社區活動中心,花蓮縣瑞穗鄉,2鄰中正路一段208之1號,23.5743,121.3745,True,花蓮,38,49.741984178742385,Low Risk,
鎮北村辦公處暨社區活動中心,嘉義縣民雄鄉,土庫子24-2號,23.5765,120.4498,True,嘉義（東區）,99,7.080253345582494,Medium Risk,"Nearest AQI station (嘉義（東區）) AQI: 99, Indoor facility"
馬遠社區活動中心,花蓮縣萬榮鄉,1鄰5號,23.576867,121.362553,True,花蓮,38,50.06344591434347,Low Risk,
馬遠國民小學,花蓮縣萬榮鄉,2鄰馬遠39號,23.576872,121.361934,False,花蓮,38,50.09336022503086,Low Risk,
梅圳國小[室外],嘉義縣梅山鄉,三源23號,23.5771,120.5901,False,斗六,92,15.672436695277032,Warning,"Nearest AQI station (斗六) AQI: 92, Outdoor facility"
柳溝國小室外,嘉義縣溪口鄉,南靖厝5號,23.577344,120.414272,False,新港,103,7.439662486102281,High Risk,Nearest AQI station (新港) AQI: 103
富源社區活動中心,花蓮縣瑞穗鄉,10鄰學士路31號,23.5776,121.3759,True,花蓮,38,49.350561030845945,Low Risk,
富源消防分隊,花蓮縣瑞穗鄉,9鄰中正路157號,23.5778,121.3764,False,花蓮,38,49.30735123856618,Low Risk,
富興社區活動中心,花蓮縣瑞穗鄉,13鄰東興路134號,23.5817,121.3877,True,花蓮,38,48.39926127274095,Low Risk,
梅山國小[室外],嘉義縣梅山鄉,中山路28之1號,23.583,120.5585,False,嘉義（東區）,99,13.984246940804626,Warning,"Nearest AQI station (嘉義（東區）) AQI: 99, Outdoor facility"
梅山國中[室外],嘉義縣梅山鄉,健康街136號,23.5867,120.5607,False,斗六,92,14.008027079536472,Warning,"Nearest AQI station (斗六) AQI: 92, Outdoor facility"
梅北國小[室外],嘉義縣梅山鄉,民生街1號,23.5871,120.5518,False,嘉義（東區）,99,13.691443706031334,Warning,"Nearest AQI station (嘉義（東區）) AQI: 99, Outdoor facility"
復興國小室內,嘉義縣新港鄉,北崙75-4號,23.5899,120.3572,True,新港,103,4.075962098346714,High Risk,Nearest AQI station (新港) AQI: 103
復興國小室外,嘉義縣新港鄉,南港58號,23.5899,120.3572,False,新港,103,4.075962098346714,High Risk,Nearest AQI station (新港) AQI: 103
中林國小室外,嘉義縣大林鎮,147號,23.59,120.4767,False,嘉義（東區）,99,9.167802363437831,Warning,"Nearest AQI station (嘉義（東區）) AQI: 99, Outdoor facility"
美林國小室外,嘉義縣溪口鄉,78-3號,23.593759,120.379436,False,新港,103,5.5379590127176845,High Risk,Nearest AQI station (新港) AQI: 103
光復自強外役監獄,花蓮縣光復鄉,建國路一段1號,23.598,121.4125,False,花蓮,38,45.674290216693905,Low Risk,
大林鎮運動公園,嘉義縣大林鎮,新興街138號,23.598562,120.458206,False,嘉義（東區）,99,9.614687712440317,Warning,"Nearest AQI station (嘉義（東區）) AQI: 99, Outdoor facility"
花東山琉璃禪寺,花蓮縣光復鄉,建國路一段 26之2號,23.5992,121.4162,False,花蓮,38,45.396829883155426,Low Risk,
平林國小室外,嘉義縣大林鎮,民權路80號,23.5997,120.4616,False,嘉義（東區）,99,9.795438500433757,Warning,"Nearest AQI station (嘉義（東區）) AQI: 99, Outdoor facility"
大林鎮老人體育活動中心,嘉義縣大林鎮,新興街116號,23.5998,120.4584,True,嘉義（東區）,99,9.753758472896713,Medium Risk,"Nearest AQI station (嘉義（東區）) AQI: 99, Indoor facility"
大美活動中心,嘉義縣大林鎮,1鄰33號,23.601,120.5043,True,嘉義（東區）,99,11.526292402878488,Medium Risk,"Nearest AQI station (嘉義（東區）) AQI: 99, Indoor facility"
豐濱國中禮堂,花蓮縣豐濱鄉,光豐路26號,23.6012,121.5218,True,花蓮,38,41.91159082965294,Low Risk,
溪口鄉老人文康中心,嘉義縣溪口鄉,中山路91號,23.602156,120.391817,False,新港,103,7.066348224825343,High Risk,Nearest AQI station (新港) AQI: 103
大林國小室外,嘉義縣大林鎮,中正路423號,23.6024,120.4536,False,嘉義（東區）,99,9.982709102545062,Warning,"Nearest AQI station (嘉義（東區）) AQI: 99, Outdoor facility"
山田民宿,雲林縣古坑鄉,華山109號,23.6025,120.5797,False,斗六,92,12.66287331228271,Warning,"Nearest AQI station (斗六) AQI: 92, Outdoor facility"
溪口鄉公所三樓禮堂,嘉義縣溪口鄉,中山路89號3樓,23.602641,120.392284,False,新港,103,7.1382669341565474,High Risk,Nearest AQI station (新港) AQI: 103
北極殿香客大樓,嘉義縣溪口鄉,中正路182號,23.603785,120.39444,False,新港,103,7.380053304807227,High Risk,Nearest AQI station (新港) AQI: 103
溪口國小室內,嘉義縣溪口鄉,中山路53號,23.604503,120.394218,True,新港,103,7.423977837523831,High Risk,Nearest AQI station (新港) AQI: 103
溪口國小室外,嘉義縣溪口鄉,中山路53號,23.604503,120.394218,False,新港,103,7.423977837523831,High Risk,Nearest AQI station (新港) AQI: 103
宏仁國小,雲林縣水林鄉,灣東村宏仁路30號,23.6048,120.2398,True,臺西,92,11.585557932882406,Medium Risk,"Nearest AQI station (臺西) AQI: 92, Indoor facility"
碧清寺,雲林縣水林鄉,灣東村宏仁路38號,23.6051,120.2401,False,臺西,92,11.565321332510441,Warning,"Nearest AQI station (臺西) AQI: 92, Outdoor facility"
三和國小室外,嘉義縣大林鎮,中興路二段937號,23.6058,120.4886,False,嘉義（東區）,99,11.253568876497626,Warning,"Nearest AQI station (嘉義（東區）) AQI: 99, Outdoor facility"
柴林國小室外,嘉義縣溪口鄉,107號,23.605881,120.37158,False,新港,103,6.265761692650759,High Risk,Nearest AQI station (新港) AQI: 103
大富國小,花蓮縣光復鄉,明德路29巷12號,23.6073,121.3909,True,花蓮,38,45.7155808265002,Low Risk,
排路國小室外,嘉義縣大林鎮,231號,23.6101,120.4222,False,新港,103,9.940035651613,High Risk,Nearest AQI station (新港) AQI: 103
東榮國小,雲林縣北港鎮,溝皂里174號,23.6128,120.2935,True,新港,103,8.34580758092051,High Risk,Nearest AQI station (新港) AQI: 103
排路社區活動中心,嘉義縣大林鎮,排路里167號,23.613,120.4243,True,新港,103,10.308238527041354,High Risk,Nearest AQI station (新港) AQI: 103
興昌國小,雲林縣古坑鄉,南昌路6號,23.6143,120.54,True,斗六,92,10.85931628969733,Medium Risk,"Nearest AQI station (斗六) AQI: 92, Indoor facility"
仁德國小,雲林縣元長鄉,內寮村內寮路6號,23.6169,120.3514,True,新港,103,6.926737334240039,High Risk,Nearest AQI station (新港) AQI: 103
游東村活動中心,嘉義縣溪口鄉,73-1號,23.617531,120.401794,True,新港,103,9.025989648328261,High Risk,Nearest AQI station (新港) AQI: 103
社團國小室外,嘉義縣大林鎮,下林頭51號,23.6176,120.4959,False,斗六,92,11.61204077230362,Warning,"Nearest AQI station (斗六) AQI: 92, Outdoor facility"
永光老人養護中心,雲林縣古坑鄉,光興路20號,23.619838,120.558397,False,斗六,92,10.322253427969269,Warning,"Nearest AQI station (斗六) AQI: 92, Outdoor facility"
誠正國小,雲林縣水林鄉,蘇秦村蘇秦路1號,23.6206,120.2616,True,臺西,92,11.067745434451325,Medium Risk,"Nearest AQI station (臺西) AQI: 92, Indoor facility"
忠孝國小,雲林縣元長鄉,龍岩村148號,23.6207,120.3146,True,新港,103,7.972919884638149,High Risk,Nearest AQI station (新港) AQI: 103
育英國小,雲林縣北港鎮,番溝84號,23.6225,120.2786,True,新港,103,10.15496822181179,High Risk,Nearest AQI station (新港) AQI: 103
永光國小,雲林縣古坑鄉,文昌路84號,23.6259,120.5532,True,斗六,92,9.59400511364777,Medium Risk,"Nearest AQI station (斗六) AQI: 92, Indoor facility"
振興宮,雲林縣古坑鄉,光昌路158號,23.6266,120.552,False,斗六,92,9.506514196009435,Warning,"Nearest AQI station (斗六) AQI: 92, Outdoor facility"
麻園社區活動中心,雲林縣古坑鄉,中洲路41-1號,23.6282,120.514,True,斗六,92,9.822749205854967,Medium Risk,"Nearest AQI station (斗六) AQI: 92, Indoor facility"
客厝國小,雲林縣元長鄉,頂寮村頂寮路11號,23.6285,120.3338,True,新港,103,8.27750215951155,High Risk,Nearest AQI station (新港) AQI: 103
豐德宮廣場,雲林縣水林鄉,蘇秦村海豊路56-1號,23.6313,120.2555,False,臺西,92,9.738053009673623,Warning,"Nearest AQI station (臺西) AQI: 92, Outdoor facility"
大興國小,花蓮縣光復鄉,民權街17號,23.6323,121.3982,True,花蓮,38,42.91280987586343,Low Risk,
舊庄國小,雲林縣大埤鄉,怡然路92號,23.633569,120.401574,True,新港,103,10.452355591843194,High Risk,Nearest AQI station (新港) AQI: 103
大興活動中心,花蓮縣光復鄉,民權街37號,23.6338,121.3942,True,花蓮,38,42.96293253583836,Low Risk,
東興部落原住民多功能活動中心,花蓮縣豐濱鄉,9鄰東興18-1號,23.6351,121.5308,True,花蓮,38,38.037175280202135,Low Risk,
新生國小,雲林縣元長鄉,新生路11號,23.6362,120.3595,True,新港,103,9.158224131797823,High Risk,Nearest AQI station (新港) AQI: 103
馬佛活動中心,花蓮縣光復鄉,民有街51巷3-1號,23.6362,121.4295,True,花蓮,38,41.09172553790865,Low Risk,
四湖國小,雲林縣四湖鄉,中山東路37號,23.6366,120.2284,True,臺西,92,7.869572839995351,Medium Risk,"Nearest AQI station (臺西) AQI: 92, Indoor facility"
古坑鄉立幼兒園,雲林縣古坑鄉,中山路1號,23.6367,120.5577,False,斗六,92,8.456216026049914,Warning,"Nearest AQI station (斗六) AQI: 92, Outdoor facility"
四湖鄉避難收容場所,雲林縣四湖鄉,中山西路44-1號,23.638093,120.224343,False,臺西,92,7.567116409727778,Warning,"Nearest AQI station (臺西) AQI: 92, Outdoor facility"
四湖鄉立幼兒園,雲林縣四湖鄉,中洋南路10-2號,23.6381,120.2243,False,臺西,92,7.564910464616301,Warning,"Nearest AQI station (臺西) AQI: 92, Outdoor facility"
舊戶政事務所,雲林縣四湖鄉,中山西路44號,23.6381,120.2243,False,臺西,92,7.564910464616301,Warning,"Nearest AQI station (臺西) AQI: 92, Outdoor facility"
四湖鄉飛沙集會所避難收容場所,雲林縣四湖鄉,大同路47巷5-1號,23.6381,120.2243,False,臺西,92,7.564910464616301,Warning,"Nearest AQI station (臺西) AQI: 92, Outdoor facility"
四湖參天宮,雲林縣四湖鄉,關聖路87號,23.639405,120.226972,False,臺西,92,7.525883274565506,Warning,"Nearest AQI station (臺西) AQI: 92, Outdoor facility"
朝陽大埔北極殿,雲林縣古坑鄉,大埔45-2號,23.6395,120.5945,False,斗六,92,9.494381570286015,Warning,"Nearest AQI station (斗六) AQI: 92, Outdoor facility"
仁愛國小,雲林縣元長鄉,潭西村潭內路1號,23.6409,120.2893,True,新港,103,11.153751969222993,High Risk,Nearest AQI station (新港) AQI: 103
大埤國中,雲林縣大埤鄉,民權路80號,23.641888,120.428365,True,新港,103,12.842599884217481,High Risk,Nearest AQI station (新港) AQI: 103
砂荖活動中心,花蓮縣光復鄉,建國路二段39號,23.6419,121.4512,True,花蓮,38,39.624196114059096,Low Risk,
石龜國小活動中心,雲林縣斗南鎮,5鄰南生路1號,23.642396,120.482209,True,斗六,92,10.026378194410293,Medium Risk,"Nearest AQI station (斗六) AQI: 92, Indoor facility"
調解會暨古坑三村聯合辦公處,雲林縣古坑鄉,中山路45號,23.6427,120.5616,False,斗六,92,7.873217111043373,Warning,"Nearest AQI station (斗六) AQI: 92, Outdoor facility"
湳仔社區活動中心,雲林縣古坑鄉,湳仔村崙子路30號,23.6433,120.5387,True,斗六,92,7.64964482292839,Medium Risk,"Nearest AQI station (斗六) AQI: 92, Indoor facility"
大埤國小,雲林縣大埤鄉,中正路23號,23.644704,120.429371,True,新港,103,13.146539755869005,High Risk,Nearest AQI station (新港) AQI: 103
新光國小,雲林縣古坑鄉,新庄村1-1號,23.645,120.5611,True,斗六,92,7.612499993938339,Medium Risk,"Nearest AQI station (斗六) AQI: 92, Indoor facility"
元長國中,雲林縣元長鄉,長南村元南路16號,23.6457,120.3166,True,新港,103,10.524567031419194,High Risk,Nearest AQI station (新港) AQI: 103
"石頭公園渡假山莊含蓮園休閒民宿,石",雲林縣古坑鄉,朝陽路1之286號,23.6457,120.588,True,斗六,92,8.56087404130925,Medium Risk,"Nearest AQI station (斗六) AQI: 92, Indoor facility"
古坑國中,雲林縣古坑鄉,朝陽路2號,23.6462,120.567,True,斗六,92,7.636486872677903,Medium Risk,"Nearest AQI station (斗六) AQI: 92, Indoor facility"
嘉興國小,雲林縣大埤鄉,嘉興65號,23.647242,120.457078,True,斗六,92,11.479003208878648,Medium Risk,"Nearest AQI station (斗六) AQI: 92, Indoor facility"
元長鄉公所大樓,雲林縣元長鄉,長南村仁愛街2號,23.6497,120.3148,False,新港,103,11.003022596016855,High Risk,Nearest AQI station (新港) AQI: 103
聯美國小,雲林縣大埤鄉,聯豐路99號,23.650369,120.397799,True,新港,103,11.882757577616921,High Risk,Nearest AQI station (新港) AQI: 103
新社國小二樓綜合教室,花蓮縣豐濱鄉,150號,23.6519,121.5354,True,花蓮,38,36.11493865420589,Low Risk,
光復鄉立托兒所,花蓮縣光復鄉,中山路一段216巷8號,23.6521,121.4184,False,花蓮,38,40.00317509056708,Low Risk,
元長國小,雲林縣元長鄉,長南村元西路76號,23.6522,120.3092,True,新港,103,11.44145901702532,High Risk,Nearest AQI station (新港) AQI: 103
荷苞建德寺,雲林縣古坑鄉,小坑5號,23.654,120.5914,False,斗六,92,7.98208574131816,Warning,"Nearest AQI station (斗六) AQI: 92, Outdoor facility"
信義國小,雲林縣元長鄉,五塊村北水8號,23.6571,120.2804,True,臺西,92,9.657664809974904,Medium Risk,"Nearest AQI station (臺西) AQI: 92, Indoor facility"
西南活動中心,花蓮縣光復鄉,中正路二段72巷14號,23.6584,121.4494,True,花蓮,38,38.007598295366606,Low Risk,
豐田活動中心,雲林縣大埤鄉,豐田12-1號,23.65841,120.442375,True,斗六,92,12.021127435330278,Medium Risk,"Nearest AQI station (斗六) AQI: 92, Indoor facility"
和平國小,雲林縣元長鄉,子茂村4號,23.6586,120.3362,True,崙背,100,11.076253964098104,Medium Risk,"Nearest AQI station (崙背) AQI: 100, Indoor facility"
下庄活動中心,雲林縣土庫鎮,下庄18-1號,23.6588,120.3853,True,崙背,100,11.593846073887596,Medium Risk,"Nearest AQI station (崙背) AQI: 100, Indoor facility"
太巴塱國小,花蓮縣光復鄉,中正路二段23號,23.6601,121.4484,True,花蓮,38,37.87583027588402,Low Risk,
綺湖社區?人活動中心,雲林縣土庫鎮,綺湖134號,23.661,120.3601,True,崙背,100,10.79763417298348,Medium Risk,"Nearest AQI station (崙背) AQI: 100, Indoor facility"
仁和國小,雲林縣大埤鄉,仁和路4號,23.661589,120.420525,True,崙背,100,12.932885438581662,Medium Risk,"Nearest AQI station (崙背) AQI: 100, Indoor facility"
水碓國小,雲林縣古坑鄉,水碓路97號,23.6623,120.5662,True,斗六,92,5.918051936994153,Medium Risk,"Nearest AQI station (斗六) AQI: 92, Indoor facility"
大同活動中心,花蓮縣光復鄉,中正路一段370號,23.6633,121.431,True,花蓮,38,38.310776284597104,Low Risk,
嘉隆社區活動中心,雲林縣東勢鄉,東勢鄉嘉隆村守密街51之1號,23.6656,120.2592,True,臺西,92,7.328284837042868,Medium Risk,"Nearest AQI station (臺西) AQI: 92, Indoor facility"
溪埔寮農民休閒活動中心,雲林縣土庫鎮,溪埔27-2號,23.6666,120.3939,True,崙背,100,11.108824116173114,Medium Risk,"Nearest AQI station (崙背) AQI: 100, Indoor facility"
橋真國小,雲林縣斗南鎮,延平路二段642號,23.6675,120.4751,True,斗六,92,8.65875767718726,Medium Risk,"Nearest AQI station (斗六) AQI: 92, Indoor facility"
安南宮,雲林縣臺西鄉,成功路178號,23.6676,120.2098,False,臺西,92,3.9895645018901575,Warning,"Nearest AQI station (臺西) AQI: 92, Outdoor facility"
田心社區活動中心,雲林縣古坑鄉,田心路59號之1,23.6693,120.5413,True,斗六,92,4.7466045473986105,Medium Risk,"Nearest AQI station (斗六) AQI: 92, Indoor facility"
光復鄉公所,花蓮縣光復鄉,中華路257號,23.6694,121.4233,False,花蓮,38,38.06846380944262,Low Risk,
埤腳活動中心,雲林縣土庫鎮,埤腳115-1號,23.67,120.3489,True,崙背,100,9.734795532391628,Medium Risk,"Nearest AQI station (崙背) AQI: 100, Indoor facility"
光復國中,花蓮縣光復鄉,林森路200號,23.6705,121.4248,True,花蓮,38,37.888694425396736,Low Risk,
東勢國民中學活動中心,雲林縣東勢鄉,東勢鄉嘉隆村東榮路65號,23.6724,120.2571,True,臺西,92,6.749956121671412,Medium Risk,"Nearest AQI station (臺西) AQI: 92, Indoor facility"
高林社區活動中心,雲林縣古坑鄉,高林路61號,23.6737,120.5702,True,斗六,92,4.958353173001335,Medium Risk,"Nearest AQI station (斗六) AQI: 92, Indoor facility"
東南社區活動中心,雲林縣東勢鄉,東勢鄉東南村東榮路9巷8-1號,23.6739,120.2555,True,臺西,92,6.526466097943794,Medium Risk,"Nearest AQI station (臺西) AQI: 92, Indoor facility"
東勢國民小學活動中心,雲林縣東勢鄉,東榮路29巷9號,23.6743,120.2571,True,臺西,92,6.6488404658075915,Medium Risk,"Nearest AQI station (臺西) AQI: 92, Indoor facility"
東勢鄉賜安宮香客大樓,雲林縣東勢鄉,四安路25號,23.6744,120.2542,False,臺西,92,6.383689443799233,Warning,"Nearest AQI station (臺西) AQI: 92, Outdoor facility"
東勢鄉公所3樓,雲林縣東勢鄉,東勢鄉東南村所前街3號,23.6754,120.2527,False,臺西,92,6.196245194470987,Warning,"Nearest AQI station (臺西) AQI: 92, Outdoor facility"
順安宮明德大樓,雲林縣斗南鎮,長安路126號,23.675538,120.47345,False,斗六,92,8.329067919579987,Warning,"Nearest AQI station (斗六) AQI: 92, Outdoor facility"
程海社區活動中心,雲林縣東勢鄉,東勢鄉程海村程海路53號,23.6761,120.2325,True,臺西,92,4.451082136563208,Medium Risk,"Nearest AQI station (臺西) AQI: 92, Indoor facility"
第一老人文康活動中心,雲林縣土庫鎮,新建路1-6號,23.6766,120.388,True,崙背,100,9.848299957844215,Medium Risk,"Nearest AQI station (崙背) AQI: 100, Indoor facility"
東明國中,雲林縣斗南鎮,中興路111號,23.6778,120.4701,True,斗六,92,8.514127487075053,Medium Risk,"Nearest AQI station (斗六) AQI: 92, Indoor facility"
東北社區活動中心,雲林縣東勢鄉,東勢鄉東北村民權路110號,23.6779,120.2583,True,臺西,92,6.583102635555215,Medium Risk,"Nearest AQI station (臺西) AQI: 92, Indoor facility"
扶朝活動中心,雲林縣土庫鎮,扶朝40-8號,23.6787,120.3624,True,崙背,100,8.876955677569073,Medium Risk,"Nearest AQI station (崙背) AQI: 100, Indoor facility"
山內國小,雲林縣元長鄉,山內村南山路3號,23.6791,120.3124,True,崙背,100,9.475073563732545,Medium Risk,"Nearest AQI station (崙背) AQI: 100, Indoor facility"
復興社區活動中心,雲林縣東勢鄉,東勢鄉復興村復興路28-1號,23.6798,120.2781,True,臺西,92,8.397378565842345,Medium Risk,"Nearest AQI station (臺西) AQI: 92, Indoor facility"
斗南國小,雲林縣斗南鎮,文昌路150號,23.6803,120.4795,True,斗六,92,7.535257248539849,Medium Risk,"Nearest AQI station (斗六) AQI: 92, Indoor facility"
斗南高中,雲林縣斗南鎮,中山路202號,23.6811,120.4772,True,斗六,92,7.7033594706319715,Medium Risk,"Nearest AQI station (斗六) AQI: 92, Indoor facility"
崙?社區活動中心,雲林縣斗六市,仁義路38號,23.6811,120.5421,True,斗六,92,3.4322498648250286,Medium Risk,"Nearest AQI station (斗六) AQI: 92, Indoor facility"
嘉東社區活動中心,雲林縣斗六市,嘉東中路21號,23.6816,120.5529,True,斗六,92,3.4589541940018296,Medium Risk,"Nearest AQI station (斗六) AQI: 92, Indoor facility"
土庫鎮公所活動中心,雲林縣土庫鎮,中興路175號,23.6822,120.3898,True,崙背,100,9.36294575155775,Medium Risk,"Nearest AQI station (崙背) AQI: 100, Indoor facility"
月眉社區活動中心,雲林縣東勢鄉,東勢鄉月眉村月興路5-1號,23.683,120.2833,True,麥寮,98,8.469436291953972,Medium Risk,"Nearest AQI station (麥寮) AQI: 98, Indoor facility"
深圳社區活動中心,雲林縣斗六市,永興路44-1號,23.683011,120.5188,True,斗六,92,4.171154804738859,Medium Risk,"Nearest AQI station (斗六) AQI: 92, Indoor facility"
他里霧親水公園,雲林縣斗南鎮,西岐段1454-4號,23.683638,120.473687,False,斗六,92,7.9092577218333595,Warning,"Nearest AQI station (斗六) AQI: 92, Outdoor facility"
大荖里活動中心,雲林縣土庫鎮,大荖路47號,23.6842,120.3692,True,崙背,100,8.417523009298439,Medium Risk,"Nearest AQI station (崙背) AQI: 100, Indoor facility"
東富國小,花蓮縣光復鄉,東富路60號,23.6845,121.4825,True,花蓮,38,34.049116429839536,Low Risk,
東和國小,雲林縣古坑鄉,文化路120號,23.6849,120.5686,True,斗六,92,3.8417641382737058,Medium Risk,"Nearest AQI station (斗六) AQI: 92, Indoor facility"
土庫國中樂群堂,雲林縣土庫鎮,復興路318號,23.6862,120.3886,True,崙背,100,8.910829078925337,Medium Risk,"Nearest AQI station (崙背) AQI: 100, Indoor facility"
興南社區活動中心,雲林縣虎尾鎮,興南57之5號,23.6905,120.4392,True,斗六,92,11.030116005052248,Medium Risk,"Nearest AQI station (斗六) AQI: 92, Indoor facility"
雲林縣褒忠鄉公所,雲林縣褒忠鄉,褒忠鄉中民村中正路451號,23.6912,120.304,False,崙背,100,8.6701538693135,Warning,"Nearest AQI station (崙背) AQI: 100, Outdoor facility"
南聖宮,雲林縣斗六市,南聖路301號,23.6921,120.5675,False,斗六,92,3.1741307634093,Warning,"Nearest AQI station (斗六) AQI: 92, Outdoor facility"
龍潭社區活動中心,雲林縣東勢鄉,東勢鄉龍潭村仁愛路43號,23.6924,120.2421,True,臺西,92,4.488072169843577,Medium Risk,"Nearest AQI station (臺西) AQI: 92, Indoor facility"
重光社區活動中心,雲林縣斗六市,重光路43號,23.693394,120.56614,True,斗六,92,2.974604428431119,Medium Risk,"Nearest AQI station (斗六) AQI: 92, Indoor facility"
五榔農民活動中心,雲林縣臺西鄉,五榔24-2號,23.69461,120.229553,True,臺西,92,3.1898285813319256,Medium Risk,"Nearest AQI station (臺西) AQI: 92, Indoor facility"
昌南社區活動中心,雲林縣東勢鄉,東勢鄉昌南村昌南路119-2號,23.6954,120.2608,True,臺西,92,6.303590443030124,Medium Risk,"Nearest AQI station (臺西) AQI: 92, Indoor facility"
馬太鞍社區活動中心,花蓮縣萬榮鄉,5鄰75號,23.696,121.4018,True,花蓮,38,36.64133172442349,Low Risk,
長平社區活動中心,雲林縣斗六市,長平南路38號,23.6965,120.502,True,斗六,92,4.698501622573059,Medium Risk,"Nearest AQI station (斗六) AQI: 92, Indoor facility"
雲林縣私立揚子中學活動中心,雲林縣虎尾鎮,林森路二段541號,23.696759,120.42327,True,崙背,100,10.16097799372488,Medium Risk,"Nearest AQI station (崙背) AQI: 100, Indoor facility"
三合社區活動中心,雲林縣虎尾鎮,舊部31之1號,23.6977,120.4063,True,崙背,100,8.866474225079145,Medium Risk,"Nearest AQI station (崙背) AQI: 100, Indoor facility"
褒忠國中,雲林縣褒忠鄉,褒忠鄉埔姜村中勝路62號,23.6992,120.3108,True,崙背,100,7.550502885908542,Medium Risk,"Nearest AQI station (崙背) AQI: 100, Indoor facility"
馬鳴山鎮安宮,雲林縣褒忠鄉,褒忠鄉馬鳴村鎮安路31號,23.6998,120.2787,False,麥寮,98,6.56865794504073,Warning,"Nearest AQI station (麥寮) AQI: 98, Outdoor facility"
雲林國中,雲林縣斗六市,明德路599號,23.699976,120.532757,True,斗六,92,1.8155885968242311,Medium Risk,"Nearest AQI station (斗六) AQI: 92, Indoor facility"
安海宮,雲林縣臺西鄉,民權路6巷2號,23.7004,120.2009,False,臺西,92,0.253770420237151,Warning,"Nearest AQI station (臺西) AQI: 92, Outdoor facility"
褒忠國小,雲林縣褒忠鄉,褒忠鄉埔姜村中勝路72號,23.7008,120.3105,True,崙背,100,7.414165164257169,Medium Risk,"Nearest AQI station (崙背) AQI: 100, Indoor facility"
芳草社區活動中心,雲林縣虎尾鎮,芳草69之1號,23.7008,120.3802,True,崙背,100,7.076029520585454,Medium Risk,"Nearest AQI station (崙背) AQI: 100, Indoor facility"
奉聖宮,南投縣竹山鎮,竹寮巷19-15號,23.7014,120.7167,False,竹山,87,7.312176015751202,Warning,"Nearest AQI station (竹山) AQI: 87, Outdoor facility"
褒忠鄉立托兒所,雲林縣褒忠鄉,褒忠鄉埔姜村中勝路72-2號,23.7015,120.3113,False,崙背,100,7.305213112417081,Warning,"Nearest AQI station (崙背) AQI: 100, Outdoor facility"
安南社區活動中心,雲林縣東勢鄉,東勢鄉安南村安南路2之2號,23.7016,120.2524,True,臺西,92,5.40339111261638,Medium Risk,"Nearest AQI station (臺西) AQI: 92, Indoor facility"
虎尾科技大學第四期教室,雲林縣虎尾鎮,文化路64號（進修推廣部）,23.7017,120.4296,False,崙背,100,10.310665061484857,Warning,"Nearest AQI station (崙背) AQI: 100, Outdoor facility"
虎尾科技大學第三期教室,雲林縣虎尾鎮,文化路64號（教務處）,23.7017,120.4296,False,崙背,100,10.310665061484857,Warning,"Nearest AQI station (崙背) AQI: 100, Outdoor facility"
虎尾科技大學第ㄧ期教室,雲林縣虎尾鎮,文化路64號（通識中心）,23.7017,120.4296,False,崙背,100,10.310665061484857,Warning,"Nearest AQI station (崙背) AQI: 100, Outdoor facility"
虎尾科技大學第二期教室,雲林縣虎尾鎮,文化路64號（教務處）,23.7017,120.4296,False,崙背,100,10.310665061484857,Warning,"Nearest AQI station (崙背) AQI: 100, Outdoor facility"
和雅社區活動中心,南投縣鹿谷鄉,愛鄉路47-10號,23.7029,120.7753,False,南投（鹿谷）,76,2.624723627625598,Warning,"Nearest AQI station (南投（鹿谷）) AQI: 76, Outdoor facility"
新吉社區活動中心,雲林縣虎尾鎮,新吉61之1號,23.7039,120.419,True,崙背,100,9.313022874726174,Medium Risk,"Nearest AQI station (崙背) AQI: 100, Indoor facility"
西屯社區活動中心,雲林縣虎尾鎮,164之1號,23.7044,120.3893,True,崙背,100,7.208946632995578,Medium Risk,"Nearest AQI station (崙背) AQI: 100, Indoor facility"
南平活動中心,雲林縣土庫鎮,仁愛街31號,23.7045,120.3532,True,崙背,100,5.915987273557081,Medium Risk,"Nearest AQI station (崙背) AQI: 100, Indoor facility"
東屯社區活動中心,雲林縣虎尾鎮,162號,23.7045,120.3903,True,崙背,100,7.258682013891694,Medium Risk,"Nearest AQI station (崙背) AQI: 100, Indoor facility"
崇修堂,雲林縣斗六市,中山路149巷20號,23.704635,120.54064,False,斗六,92,0.9168832511904201,Warning,"Nearest AQI station (斗六) AQI: 92, Outdoor facility"
復興國小,雲林縣褒忠鄉,褒忠鄉新湖村復興路71號,23.7048,120.2839,True,麥寮,98,6.3239308283046896,Medium Risk,"Nearest AQI station (麥寮) AQI: 98, Indoor facility"
明利社區活動中心,花蓮縣萬榮鄉,2鄰34-8號,23.704834,121.412375,True,花蓮,38,35.23104291152703,Low Risk,
安南國民小學活動中心,雲林縣東勢鄉,東勢鄉安南村安南路109號,23.705,120.2492,True,臺西,92,5.0868451864137745,Medium Risk,"Nearest AQI station (臺西) AQI: 92, Indoor facility"
梅林國小,雲林縣斗六市,梅林路256號,23.705004,120.594878,True,斗六,92,5.1354960636504385,Medium Risk,"Nearest AQI station (斗六) AQI: 92, Indoor facility"
馬光國小學生活動中心,雲林縣土庫鎮,馬光路174號,23.7053,120.3536,True,崙背,100,5.830609382937129,Medium Risk,"Nearest AQI station (崙背) AQI: 100, Indoor facility"
立仁國小活動中心,雲林縣虎尾鎮,立仁街40號,23.7059,120.4283,True,崙背,100,9.927971949641822,Medium Risk,"Nearest AQI station (崙背) AQI: 100, Indoor facility"
忠孝里集會所活動中心,雲林縣斗六市,中正路7號,23.7061,120.5402,True,斗六,92,0.8046372953537323,Medium Risk,"Nearest AQI station (斗六) AQI: 92, Indoor facility"
第二老人文康活動中心,雲林縣土庫鎮,民權路43-2號,23.7066,120.3511,True,崙背,100,5.670130534224449,Medium Risk,"Nearest AQI station (崙背) AQI: 100, Indoor facility"
信義里集會所活動中心,雲林縣斗六市,文化路6號4樓,23.7067,120.5499,True,斗六,92,0.7601274646908251,Medium Risk,"Nearest AQI station (斗六) AQI: 92, Indoor facility"
正心中學,雲林縣斗六市,正心路1號,23.7072,120.5363,False,斗六,92,1.0252571717605363,Warning,"Nearest AQI station (斗六) AQI: 92, Outdoor facility"
平和國小地下室,雲林縣虎尾鎮,光復路22號,23.707249,120.450732,True,斗六,92,9.610419836894797,Medium Risk,"Nearest AQI station (斗六) AQI: 92, Indoor facility"
磯崎村辦公處活動中心,花蓮縣豐濱鄉,71號,23.7085,121.5419,True,花蓮,38,29.80951871122864,Low Risk,
愛國活動中心,南投縣信義鄉,愛國巷114-1號,23.709187,120.853432,True,南投（鹿谷）,76,6.094002420880323,Medium Risk,"Nearest AQI station (南投（鹿谷）) AQI: 76, Indoor facility"
北溪社區活動中心,雲林縣虎尾鎮,北溪81之1號,23.7095,120.4045,True,崙背,100,7.794629389994931,Medium Risk,"Nearest AQI station (崙背) AQI: 100, Indoor facility"
國立虎尾高級中學金英館,雲林縣虎尾鎮,光復路222號,23.7095,120.4433,False,斗六,92,10.356639677107717,Warning,"Nearest AQI station (斗六) AQI: 92, Outdoor facility"
長橋社區活動中心,花蓮縣鳳林鎮,長橋路4號,23.7097,121.4195,True,花蓮,38,34.38521739795103,Low Risk,
萬榮鄉立幼兒園,花蓮縣萬榮鄉,1鄰13-3號,23.709766,121.414808,False,花蓮,38,34.63585864603544,Low Risk,
下溪社區活動中心,雲林縣虎尾鎮,大庄77-1號,23.7102,120.4605,True,斗六,92,8.604164973280037,Medium Risk,"Nearest AQI station (斗六) AQI: 92, Indoor facility"
內湖國小專科教室2間,南投縣鹿谷鄉,興產路71號,23.7113,120.7818,True,南投（鹿谷）,76,1.52917198878205,Medium Risk,"Nearest AQI station (南投（鹿谷）) AQI: 76, Indoor facility"
同安國小活動中心,雲林縣東勢鄉,東勢鄉同安村同安路67號,23.7116,120.2657,True,麥寮,98,4.869074217094327,Medium Risk,"Nearest AQI station (麥寮) AQI: 98, Indoor facility"
多功能活動中心,雲林縣虎尾鎮,大成街123號,23.7116,120.4491,True,斗六,92,9.762805702319815,Medium Risk,"Nearest AQI station (斗六) AQI: 92, Indoor facility"
安慶國小地下室,雲林縣虎尾鎮,民主路36號,23.7117,120.4402,True,崙背,100,10.613958206179541,Medium Risk,"Nearest AQI station (崙背) AQI: 100, Indoor facility"
虎尾鎮立體育場,雲林縣虎尾鎮,5鄰水源路10-10號,23.711752,120.432713,False,崙背,100,9.949289969683143,Warning,"Nearest AQI station (崙背) AQI: 100, Outdoor facility"
斗六國中,雲林縣斗六市,育英北街69號,23.7129,120.5512,True,斗六,92,0.6424531660505269,Medium Risk,"Nearest AQI station (斗六) AQI: 92, Indoor facility"
忠信活動中心,南投縣信義鄉,中平巷32-5號,23.712945,120.868377,True,南投（鹿谷）,76,7.550288499566824,Medium Risk,"Nearest AQI station (南投（鹿谷）) AQI: 76, Indoor facility"
虎尾國小體育館,雲林縣虎尾鎮,明正路88號,23.7135,120.4315,True,崙背,100,9.744239736249442,Medium Risk,"Nearest AQI station (崙背) AQI: 100, Indoor facility"
斗六市老人文康活動中心,雲林縣斗六市,莊敬路62號,23.7138,120.5428,True,斗六,92,0.31106670692773153,Medium Risk,"Nearest AQI station (斗六) AQI: 92, Indoor facility"
斗六公園,雲林縣斗六市,莊敬路62號前,23.7138,120.5428,False,斗六,92,0.31106670692773153,Warning,"Nearest AQI station (斗六) AQI: 92, Outdoor facility"
萬榮社區活動中心,花蓮縣萬榮鄉,1鄰8號,23.714392,121.410119,True,花蓮,38,34.46948779091318,Low Risk,
虎尾高級農工職業學校活動中心,雲林縣虎尾鎮,博愛路65號,23.7146,120.4368,True,崙背,100,10.156105191270587,Medium Risk,"Nearest AQI station (崙背) AQI: 100, Indoor facility"
鯉魚國小活動中心,南投縣竹山鎮,鯉行路92號,23.7152,120.6545,True,竹山,87,5.134722861980034,Medium Risk,"Nearest AQI station (竹山) AQI: 87, Indoor facility"
新坤社區活動中心,雲林縣東勢鄉,東勢鄉新坤村新吉路5-5號,23.7156,120.251,True,麥寮,98,4.215791363719193,Medium Risk,"Nearest AQI station (麥寮) AQI: 98, Indoor facility"
潮厝國小,雲林縣褒忠鄉,褒忠鄉潮厝村潮厝96號,23.7159,120.3352,True,崙背,100,4.831728079131084,Medium Risk,"Nearest AQI station (崙背) AQI: 100, Indoor facility"
崇德國中桌球館,雲林縣虎尾鎮,文科路1530號,23.7171,120.4173,True,崙背,100,8.302121833544184,Medium Risk,"Nearest AQI station (崙背) AQI: 100, Indoor facility"
石榴國中,雲林縣斗六市,光復路66號,23.7176,120.5928,True,斗六,92,4.908690054021054,Medium Risk,"Nearest AQI station (斗六) AQI: 92, Indoor facility"
森榮里辦公處,花蓮縣鳳林鎮,林森路113-1號,23.7176,121.3972,False,花蓮,38,34.93272153188573,Low Risk,
堀頭社區活動中心,雲林縣虎尾鎮,堀頭52號,23.7182,120.4505,True,斗六,92,9.645844238065145,Medium Risk,"Nearest AQI station (斗六) AQI: 92, Indoor facility"
三塊厝社區活動中心,雲林縣虎尾鎮,三塊厝7之2號,23.7182,120.4734,True,斗六,92,7.322738356980723,Medium Risk,"Nearest AQI station (斗六) AQI: 92, Indoor facility"
中溪社區活動中心,雲林縣虎尾鎮,溪埔10之1號,23.7183,120.4614,True,斗六,92,8.54044955209407,Medium Risk,"Nearest AQI station (斗六) AQI: 92, Indoor facility"
安西府,雲林縣臺西鄉,五港村中央路76號,23.7185,120.2007,False,臺西,92,1.8205818726335508,Warning,"Nearest AQI station (臺西) AQI: 92, Outdoor facility"
堀頭里活動中心,雲林縣虎尾鎮,6鄰堀頭86-1號,23.718646,120.451553,True,斗六,92,9.542714969619908,Medium Risk,"Nearest AQI station (斗六) AQI: 92, Indoor facility"
虎溪社區活動中心,雲林縣斗六市,虎溪路67-2號,23.719842,120.522752,True,斗六,92,2.4323598474317794,Medium Risk,"Nearest AQI station (斗六) AQI: 92, Indoor facility"
崙豐國小操場,雲林縣臺西鄉,崙豐路42號,23.720327,120.209759,False,臺西,92,2.2804804439826114,Warning,"Nearest AQI station (臺西) AQI: 92, Outdoor facility"
埒內社區活動中心,雲林縣虎尾鎮,埒內143之5號,23.7208,120.4455,True,斗六,92,10.177656603016937,Medium Risk,"Nearest AQI station (斗六) AQI: 92, Indoor facility"
安溪社區活動中心,雲林縣虎尾鎮,安溪6號,23.721,120.4432,True,斗六,92,10.412851103237704,Medium Risk,"Nearest AQI station (斗六) AQI: 92, Indoor facility"
進安府香客大樓,雲林縣臺西鄉,永豐村崙豐65號,23.7218,120.2097,False,臺西,92,2.424021843077069,Warning,"Nearest AQI station (臺西) AQI: 92, Outdoor facility"
四美社區活動中心,雲林縣東勢鄉,東勢鄉四美村四美路65-5號,23.7223,120.2443,True,麥寮,98,3.55348074793351,Medium Risk,"Nearest AQI station (麥寮) AQI: 98, Indoor facility"
田子里集會所,南投縣竹山鎮,田東路43-6號,23.7224,120.6886,False,竹山,87,3.9503693786412977,Warning,"Nearest AQI station (竹山) AQI: 87, Outdoor facility"
廉使社區活動中心,雲林縣虎尾鎮,廉使1020號,23.723,120.4201,True,崙背,100,8.216511156105717,Medium Risk,"Nearest AQI station (崙背) AQI: 100, Indoor facility"
龍巖國小,雲林縣褒忠鄉,褒忠鄉田洋村民生路28巷15號,23.7233,120.3012,True,麥寮,98,6.044770280377249,Medium Risk,"Nearest AQI station (麥寮) AQI: 98, Indoor facility"
榴中社區活動中心,雲林縣斗六市,中興路1號,23.7241,120.581,True,斗六,92,3.910312105665164,Medium Risk,"Nearest AQI station (斗六) AQI: 92, Indoor facility"
虎尾國中活動中心,雲林縣虎尾鎮,中興153號,23.7243,120.4559,True,斗六,92,9.175021497624986,Medium Risk,"Nearest AQI station (斗六) AQI: 92, Indoor facility"
龍潭健康公園,雲林縣斗六市,雲林縣議會對面公園,23.7246,120.581,False,斗六,92,3.930013491903913,Warning,"Nearest AQI station (斗六) AQI: 92, Outdoor facility"
明聖宮,雲林縣臺西鄉,溪頂路165-3號,23.724606,120.212596,False,臺西,92,2.8362323307932638,Warning,"Nearest AQI station (臺西) AQI: 92, Outdoor facility"
鎮西國小,雲林縣斗六市,西平路3號,23.7247,120.5861,True,斗六,92,4.421812607779415,Medium Risk,"Nearest AQI station (斗六) AQI: 92, Indoor facility"
竹林村集會所,南投縣鹿谷鄉,光復路174-7號,23.7256,120.758,False,南投（鹿谷）,76,3.7923435141023525,Warning,"Nearest AQI station (南投（鹿谷）) AQI: 76, Outdoor facility"
榴北社區活動中心,雲林縣斗六市,南環路86號,23.725612,120.576,True,斗六,92,3.507718766287167,Medium Risk,"Nearest AQI station (斗六) AQI: 92, Indoor facility"
明德里多功能活動中心,雲林縣斗六市,鎮北路712號,23.726344,120.53765,True,斗六,92,1.776324384541826,Medium Risk,"Nearest AQI station (斗六) AQI: 92, Indoor facility"
福田社區活動中心,南投縣竹山鎮,鯉南路136-1號,23.7278,120.6665,True,竹山,87,3.3638474555509745,Medium Risk,"Nearest AQI station (竹山) AQI: 87, Indoor facility"
過溪國小活動中心,南投縣竹山鎮,鯉南路136號,23.7278,120.6665,True,竹山,87,3.3638474555509745,Medium Risk,"Nearest AQI station (竹山) AQI: 87, Indoor facility"
惠來社區活動中心,雲林縣虎尾鎮,惠來113之1號,23.7291,120.4842,True,斗六,92,6.479218770802676,Medium Risk,"Nearest AQI station (斗六) AQI: 92, Indoor facility"
鳳信社區活動中心,花蓮縣鳳林鎮,中正路1段120巷24號,23.7297,121.4434,True,花蓮,38,31.219227839293016,Low Risk,
中溪國民小學教室,雲林縣虎尾鎮,過溪63號,23.729841,120.461735,False,斗六,92,8.708638719305469,Warning,"Nearest AQI station (斗六) AQI: 92, Outdoor facility"
中溪國民小學運動場,雲林縣虎尾鎮,過溪63號,23.729841,120.461735,False,斗六,92,8.708638719305469,Warning,"Nearest AQI station (斗六) AQI: 92, Outdoor facility"
竹豐社區活動中心,南投縣鹿谷鄉,光復路92-12號,23.7314,120.75,True,南投（鹿谷）,76,4.74357761020119,Medium Risk,"Nearest AQI station (南投（鹿谷）) AQI: 76, Indoor facility"
鳳凰社區活動中心,南投縣鹿谷鄉,仁義路14-8號,23.7361,120.7846,False,南投（鹿谷）,76,2.1828091872149717,Warning,"Nearest AQI station (南投（鹿谷）) AQI: 76, Outdoor facility"
德興里集會所,南投縣竹山鎮,德興巷43號,23.7365,120.6702,False,竹山,87,2.326816721916332,Warning,"Nearest AQI station (竹山) AQI: 87, Outdoor facility"
郡坑國小,南投縣水里鄉,水信路3段303巷8號,23.73696,120.855427,True,南投（鹿谷）,76,6.529015339899284,Medium Risk,"Nearest AQI station (南投（鹿谷）) AQI: 76, Indoor facility"
廣興社區活動中心,南投縣鹿谷鄉,光復路200號,23.7374,120.7611,True,南投（鹿谷）,76,3.9848058416906005,Medium Risk,"Nearest AQI station (南投（鹿谷）) AQI: 76, Indoor facility"
坪頂集戶,南投縣水里鄉,三部三路9號,23.737705,120.857857,False,南投（鹿谷）,76,6.789857950116671,Warning,"Nearest AQI station (南投（鹿谷）) AQI: 76, Outdoor facility"
秀林里集會所,南投縣竹山鎮,頂林路369-6號,23.738,120.6877,False,竹山,87,2.302220029018831,Warning,"Nearest AQI station (竹山) AQI: 87, Outdoor facility"
新興國小操場,雲林縣臺西鄉,復興路53號,23.739817,120.222261,False,麥寮,98,3.372130561094843,Warning,"Nearest AQI station (麥寮) AQI: 98, Outdoor facility"
郡坑派出所,南投縣水里鄉,10鄰郡坑巷26號,23.740478,120.858177,False,南投（鹿谷）,76,6.922614847875108,Warning,"Nearest AQI station (南投（鹿谷）) AQI: 76, Outdoor facility"
光復國小教室,雲林縣虎尾鎮,11鄰39號,23.740995,120.401894,True,崙背,100,5.714250383881464,Medium Risk,"Nearest AQI station (崙背) AQI: 100, Indoor facility"
樂活會館,花蓮縣鳳林鎮,中華路2號,23.741218,121.449348,False,花蓮,38,29.80891190416329,Low Risk,
湖山社區活動中心,雲林縣斗六市,楓湖路92號,23.741409,120.555534,True,斗六,92,3.457183359447201,Medium Risk,"Nearest AQI station (斗六) AQI: 92, Indoor facility"
溪洲國小,雲林縣斗六市,萬年路809號,23.741409,120.555534,True,斗六,92,3.457183359447201,Medium Risk,"Nearest AQI station (斗六) AQI: 92, Indoor facility"
來惠國民小學,雲林縣二崙鄉,惠來路12號,23.7424,120.4163,False,崙背,100,7.079196648462756,Warning,"Nearest AQI station (崙背) AQI: 100, Outdoor facility"
鳳林鎮藝文中心,花蓮縣鳳林鎮,中正路2段1號,23.7429,121.4472,False,花蓮,38,29.76178073442977,Low Risk,
土城里集會所,南投縣草屯鎮,中正路167之15號,23.743495,120.984755,False,南投（鹿谷）,76,19.564522627585237,Warning,"Nearest AQI station (南投（鹿谷）) AQI: 76, Outdoor facility"
鳳林國中進德堂,花蓮縣鳳林鎮,鳳林鎮光復路8號,23.7439,121.4488,True,花蓮,38,29.582147213872123,Low Risk,
鳳林鎮公所,花蓮縣鳳林鎮,光華路124號,23.7447,121.4518,False,花蓮,38,29.34853867212175,Low Risk,
吳厝國小,雲林縣西螺鎮,四四號,23.745,120.4229,True,崙背,100,7.675442639382136,Medium Risk,"Nearest AQI station (崙背) AQI: 100, Indoor facility"
吳厝里活動中心,雲林縣西螺鎮,吳厝81-1號號,23.7456,120.4235,True,崙背,100,7.7237280505597745,Medium Risk,"Nearest AQI station (崙背) AQI: 100, Indoor facility"
鹿谷鄉公所,南投縣鹿谷鄉,中正路2段73號,23.7457,120.7532,False,南投（鹿谷）,76,5.165627821628313,Warning,"Nearest AQI station (南投（鹿谷）) AQI: 76, Outdoor facility"
彰雅社區活動中心,南投縣鹿谷鄉,和興巷21 號,23.7459,120.7559,True,南投（鹿谷）,76,4.958205711830663,Medium Risk,"Nearest AQI station (南投（鹿谷）) AQI: 76, Indoor facility"
"鳳禮,鳳智里活動中心",花蓮縣鳳林鎮,大同街7-1號,23.746,121.451,True,花蓮,38,29.266457833271378,Low Risk,
凍頂集會所,南投縣鹿谷鄉,凍頂巷10-12號,23.7466,120.7685,False,南投（鹿谷）,76,4.078371749253674,Warning,"Nearest AQI station (南投（鹿谷）) AQI: 76, Outdoor facility"
十三社區活動中心,雲林縣斗六市,十三南路3-5號,23.746632,120.569365,True,斗六,92,4.59457404499819,Medium Risk,"Nearest AQI station (斗六) AQI: 92, Indoor facility"
鎮南宮餐廳,雲林縣麥寮鄉,22鄰新興路27-6號,23.7469,120.2518,False,麥寮,98,0.7345580922977719,Warning,"Nearest AQI station (麥寮) AQI: 98, Outdoor facility"
拱範宮停車場香客大樓,雲林縣麥寮鄉,中山路3號,23.7469,120.2554,False,麥寮,98,0.8197317417148018,Warning,"Nearest AQI station (麥寮) AQI: 98, Outdoor facility"
??里集會所,南投縣竹山鎮,鯉南路99-1號,23.7469,120.6758,False,竹山,87,1.0662035141323627,Warning,"Nearest AQI station (竹山) AQI: 87, Outdoor facility"
公館里活動中心,雲林縣西螺鎮,公?109號,23.7474,120.4533,True,斗六,92,10.136316967456995,Medium Risk,"Nearest AQI station (斗六) AQI: 92, Indoor facility"
興華社區活動中心,雲林縣麥寮鄉,16鄰興華50-1號,23.7479,120.2948,True,麥寮,98,4.418082325799905,Medium Risk,"Nearest AQI station (麥寮) AQI: 98, Indoor facility"
鹿谷社區活動中心,南投縣鹿谷鄉,興農巷50-6號,23.7489,120.7527,True,南投（鹿谷）,76,5.420203886917176,Medium Risk,"Nearest AQI station (南投（鹿谷）) AQI: 76, Indoor facility"
鳳義社區活動中心,花蓮縣鳳林鎮,鳳林鎮水源路56-2號,23.7491,121.4393,True,花蓮,38,29.610512932874475,Low Risk,
鹿場里活動中心,雲林縣西螺鎮,西螺鎮鹿場里82號,23.7498,120.4735,True,斗六,92,8.412345895496417,Medium Risk,"Nearest AQI station (斗六) AQI: 92, Indoor facility"
鳳仁社區活動中心,花蓮縣鳳林鎮,中華路111號,23.7498,121.452,True,花蓮,38,28.852367924759314,Low Risk,
莿桐國中,雲林縣莿桐鄉,農校路1號,23.750013,120.507665,True,斗六,92,5.6959121702937905,Medium Risk,"Nearest AQI station (斗六) AQI: 92, Indoor facility"
新生社區活動中心,南投縣竹山鎮,新生路346號,23.7503,120.676,True,竹山,87,0.6899895725379362,Medium Risk,"Nearest AQI station (竹山) AQI: 87, Indoor facility"
新生社區活動中心,南投縣竹山鎮,新生路346號,23.7503,120.676,True,竹山,87,0.6899895725379362,Medium Risk,"Nearest AQI station (竹山) AQI: 87, Indoor facility"
永隆社區活動中心,南投縣鹿谷鄉,仁義路41-12號,23.7508,120.7766,True,南投（鹿谷）,76,4.00882440215992,Medium Risk,"Nearest AQI station (南投（鹿谷）) AQI: 76, Indoor facility"
三和國民小學,雲林縣二崙鄉,三和路17號,23.7511,120.406,False,崙背,100,5.871339201035473,Warning,"Nearest AQI station (崙背) AQI: 100, Outdoor facility"
鳳仁國小羽球館,花蓮縣鳳林鎮,鳳林鎮光復路94號,23.7512,121.4518,True,花蓮,38,28.730193627283317,Low Risk,
九隆里活動中心,雲林縣西螺鎮,九隆45-1號,23.7522,120.4328,True,崙背,100,8.575569907581219,Medium Risk,"Nearest AQI station (崙背) AQI: 100, Indoor facility"
榮村社區活動中心,雲林縣莿桐鄉,榮村20-1號,23.752278,120.513523,True,斗六,92,5.519774080953758,Medium Risk,"Nearest AQI station (斗六) AQI: 92, Indoor facility"
桂林里集會所,南投縣竹山鎮,中山路7-80號,23.7523,120.6914,False,竹山,87,1.5047477219520284,Warning,"Nearest AQI station (竹山) AQI: 87, Outdoor facility"
大榮2村社區活動中心,花蓮縣鳳林鎮,復興路69號,23.7523,121.4676,True,花蓮,38,27.8150874285706,Low Risk,
大榮1村社區活動中心,花蓮縣鳳林鎮,鳳林鎮大榮3路15號,23.7523,121.4676,True,花蓮,38,27.8150874285706,Low Risk,
霄仁社區活動中心,雲林縣麥寮鄉,霄仁厝47-17號,23.753,120.2747,True,麥寮,98,2.3287932044263595,Medium Risk,"Nearest AQI station (麥寮) AQI: 98, Indoor facility"
麥寮國小活動中心,雲林縣麥寮鄉,中山路260號,23.7538,120.2448,False,麥寮,98,0.7157173381786949,Warning,"Nearest AQI station (麥寮) AQI: 98, Outdoor facility"
包公廟,南投縣竹山鎮,下橫街一巷27-1號,23.754,120.6854,False,竹山,87,0.8655314437614208,Warning,"Nearest AQI station (竹山) AQI: 87, Outdoor facility"
靈德廟城隍廟,南投縣竹山鎮,下橫街16號,23.7549,120.6857,False,竹山,87,0.8701840007542571,Warning,"Nearest AQI station (竹山) AQI: 87, Outdoor facility"
興天宮,南投縣竹山鎮,中正巷13-7號,23.7549,120.6971,False,竹山,87,2.021298742081107,Warning,"Nearest AQI station (竹山) AQI: 87, Outdoor facility"
中正社區活動中心,南投縣竹山鎮,中正巷22號,23.7553,120.6967,True,竹山,87,1.977504741600751,Medium Risk,"Nearest AQI station (竹山) AQI: 87, Indoor facility"
東興國小,雲林縣崙背鄉,東興路1號,23.755745,120.374054,True,崙背,100,2.5838540554275005,Medium Risk,"Nearest AQI station (崙背) AQI: 100, Indoor facility"
賜福宮,雲林縣二崙鄉,12鄰92號,23.7558,120.4159,False,崙背,100,6.8376160218009945,Warning,"Nearest AQI station (崙背) AQI: 100, Outdoor facility"
七座里活動中心,雲林縣西螺鎮,七座25號,23.7559,120.4445,True,崙背,100,9.747274162123094,Medium Risk,"Nearest AQI station (崙背) AQI: 100, Indoor facility"
竹山鎮第一公有零售市場,南投縣竹山鎮,橫街90號,23.75611,120.683024,False,竹山,87,0.5827649762842864,Warning,"Nearest AQI station (竹山) AQI: 87, Outdoor facility"
延山社區活動中心,南投縣竹山鎮,大舜巷36-6號,23.7562,120.7252,True,竹山,87,4.874364805486683,Medium Risk,"Nearest AQI station (竹山) AQI: 87, Indoor facility"
林內國中,雲林縣林內鄉,長源路200號,23.7563,120.5935,True,斗六,92,6.986023163413559,Medium Risk,"Nearest AQI station (斗六) AQI: 92, Indoor facility"
雲林國小活動中心,南投縣竹山鎮,雲林里大明路666號,23.7568,120.677,True,竹山,87,0.05530322304147966,Medium Risk,"Nearest AQI station (竹山) AQI: 87, Indoor facility"
祖師公廟三坪院,南投縣竹山鎮,竹山路16號,23.757,120.6861,False,竹山,87,0.8975646639378607,Warning,"Nearest AQI station (竹山) AQI: 87, Outdoor facility"
莿桐國小,雲林縣莿桐鄉,莿桐鄉莿桐中正路147號,23.757197,120.497619,True,斗六,92,6.976863143031847,Medium Risk,"Nearest AQI station (斗六) AQI: 92, Indoor facility"
中崎社區活動中心,南投縣竹山鎮,集山路3段1392號,23.7575,120.6687,True,竹山,87,0.8845241439570709,Medium Risk,"Nearest AQI station (竹山) AQI: 87, Indoor facility"
崙背鄉立幼兒園,雲林縣崙背鄉,大同路156號,23.7578,120.3456,False,崙背,100,0.3210027239327821,Warning,"Nearest AQI station (崙背) AQI: 100, Outdoor facility"
崙背國中,雲林縣崙背鄉,大成路91號,23.758,120.3489,True,崙背,100,0.052875639409666796,Medium Risk,"Nearest AQI station (崙背) AQI: 100, Indoor facility"
羅厝村活動中心,雲林縣崙背鄉,東興路14鄰33-10號,23.758,120.3673,True,崙背,100,1.8893547981172134,Medium Risk,"Nearest AQI station (崙背) AQI: 100, Indoor facility"
延祥社區活動中心,南投縣竹山鎮,鹿山路284巷13號,23.7587,120.7022,True,竹山,87,2.5465133433112572,Medium Risk,"Nearest AQI station (竹山) AQI: 87, Indoor facility"
崙背國小,雲林縣崙背鄉,大成路154號,23.758983,120.347209,True,崙背,100,0.223242725460568,Medium Risk,"Nearest AQI station (崙背) AQI: 100, Indoor facility"
興華國小活動中心,雲林縣麥寮鄉,興化1號,23.7597,120.2882,True,麥寮,98,3.7655106346955454,Medium Risk,"Nearest AQI station (麥寮) AQI: 98, Indoor facility"
延和國中活動中心,南投縣竹山鎮,鹿山路40號,23.7603,120.6953,True,竹山,87,1.8822047351183948,Medium Risk,"Nearest AQI station (竹山) AQI: 87, Indoor facility"
竹圍里集會所,南投縣竹山鎮,7鄰枋坪巷1號,23.7605,120.682,False,竹山,87,0.6611901183979909,Warning,"Nearest AQI station (竹山) AQI: 87, Outdoor facility"
奉天宮,雲林縣崙背鄉,中山路280號,23.760759,120.353426,False,崙背,100,0.5956506149183448,Warning,"Nearest AQI station (崙背) AQI: 100, Outdoor facility"
莿桐鄉公所4樓禮堂,雲林縣莿桐鄉,莿桐鄉莿桐村和平路53號,23.7609,120.5027,False,斗六,92,6.948174713652019,Warning,"Nearest AQI station (斗六) AQI: 92, Outdoor facility"
莿桐鄉公所4樓禮堂,雲林縣莿桐鄉,和平路53號,23.761029,120.502474,False,斗六,92,6.973691738290684,Warning,"Nearest AQI station (斗六) AQI: 92, Outdoor facility"
延和里集會所,南投縣竹山鎮,大和街42號1樓,23.7616,120.6899,False,竹山,87,1.4065954591096432,Warning,"Nearest AQI station (竹山) AQI: 87, Outdoor facility"
竹山國小齊賢館,南投縣竹山鎮,向學街32號,23.7618,120.6875,True,竹山,87,1.1993002748009474,Medium Risk,"Nearest AQI station (竹山) AQI: 87, Indoor facility"
崙背鄉公所,雲林縣崙背鄉,行政街1號,23.761897,120.359259,False,崙背,100,1.1745411502202516,Warning,"Nearest AQI station (崙背) AQI: 100, Outdoor facility"
天衡宮,雲林縣崙背鄉,民權路8號,23.7619,120.3573,False,崙背,100,0.9964146558083928,Warning,"Nearest AQI station (崙背) AQI: 100, Outdoor facility"
三界公廟,南投縣竹山鎮,下坪路29號,23.7619,120.6849,False,竹山,87,0.9863121774778969,Warning,"Nearest AQI station (竹山) AQI: 87, Outdoor facility"
順安宮,雲林縣崙背鄉,忠孝北街29號,23.762521,120.348649,False,崙背,100,0.5531645407299028,Warning,"Nearest AQI station (崙背) AQI: 100, Outdoor facility"
下湳里活動中心,雲林縣西螺鎮,安南81號,23.7632,120.4358,True,崙背,100,8.882152549118322,Medium Risk,"Nearest AQI station (崙背) AQI: 100, Indoor facility"
大有國小,雲林縣崙背鄉,大有路14號,23.763775,120.308721,True,崙背,100,4.131378988738325,Medium Risk,"Nearest AQI station (崙背) AQI: 100, Indoor facility"
重興國小,雲林縣林內鄉,重興15號,23.7641,120.5791,True,斗六,92,6.76780612318822,Medium Risk,"Nearest AQI station (斗六) AQI: 92, Indoor facility"
"東明,西榮,南陽三村聯合活動中心",雲林縣崙背鄉,民權路386號,23.7645,120.3523,True,崙背,100,0.85373062117053,Medium Risk,"Nearest AQI station (崙背) AQI: 100, Indoor facility"
照靈廟,南投縣竹山鎮,坊坪巷18-11號,23.7664,120.6758,False,竹山,87,1.123673770904119,Warning,"Nearest AQI station (竹山) AQI: 87, Outdoor facility"
廣興國小,雲林縣西螺鎮,西螺鎮廣興里五九號,23.7669,120.4581,True,斗六,92,10.756079874927947,Medium Risk,"Nearest AQI station (斗六) AQI: 92, Indoor facility"
初鄉村集會所,南投縣鹿谷鄉,仁愛路259-8號,23.7672,120.7365,False,竹山,87,6.142873991979928,Warning,"Nearest AQI station (竹山) AQI: 87, Outdoor facility"
北林3村社區活動中心,花蓮縣鳳林鎮,民和路1號,23.7672,121.471,True,花蓮,38,26.201829578926752,Low Risk,
海豐社區活動中心,雲林縣麥寮鄉,忠和59號,23.7675,120.2154,True,麥寮,98,4.020312484509914,Medium Risk,"Nearest AQI station (麥寮) AQI: 98, Indoor facility"
民生國小,雲林縣林內鄉,華興路1號,23.7677,120.5971,True,斗六,92,8.166498986970025,Medium Risk,"Nearest AQI station (斗六) AQI: 92, Indoor facility"
東興里活動中心,雲林縣西螺鎮,東興34號,23.7678,120.4783,True,斗六,92,9.207877383013136,Medium Risk,"Nearest AQI station (斗六) AQI: 92, Indoor facility"
中和里集會所,南投縣竹山鎮,中和路96-15號,23.768,120.6629,False,竹山,87,1.9535298079984895,Warning,"Nearest AQI station (竹山) AQI: 87, Outdoor facility"
延平國小活動中心,南投縣竹山鎮,集山路二段1161號,23.768,120.7071,True,竹山,87,3.295521979018766,Medium Risk,"Nearest AQI station (竹山) AQI: 87, Indoor facility"
廣興里活動中心,雲林縣西螺鎮,84號,23.7682,120.458,True,斗六,92,10.847263726832216,Medium Risk,"Nearest AQI station (斗六) AQI: 92, Indoor facility"
興中社區活動中心,雲林縣虎尾鎮,興中83號,23.7701,120.518,True,斗六,92,7.035466307484947,Medium Risk,"Nearest AQI station (斗六) AQI: 92, Indoor facility"
頂湳里活動中心,雲林縣西螺鎮,西螺鎮頂湳里頂南24-3號,23.7706,120.4521,True,崙背,100,10.618100504336786,Medium Risk,"Nearest AQI station (崙背) AQI: 100, Indoor facility"
二崙國民小學,雲林縣二崙鄉,中興路36號,23.7722,120.413,False,崙背,100,6.739230612906399,Warning,"Nearest AQI station (崙背) AQI: 100, Outdoor facility"
崙後社區活動中心,雲林縣麥寮鄉,3鄰沙崙後39-8號,23.772356,120.266569,True,麥寮,98,2.577734535517133,Medium Risk,"Nearest AQI station (麥寮) AQI: 98, Indoor facility"
油車國民小學,雲林縣二崙鄉,港後村60號,23.773,120.4124,False,崙背,100,6.702232030768881,Warning,"Nearest AQI station (崙背) AQI: 100, Outdoor facility"
延正里舊社區活動中心,南投縣竹山鎮,延正路70號,23.773,120.6979,True,竹山,87,2.793549326779189,Medium Risk,"Nearest AQI station (竹山) AQI: 87, Indoor facility"
埤頭里活動中心,雲林縣西螺鎮,埤頭1-1號,23.7731,120.4751,True,斗六,92,9.848405867499697,Medium Risk,"Nearest AQI station (斗六) AQI: 92, Indoor facility"
明禮國小活動中心,雲林縣麥寮鄉,沙崙後92號,23.7738,120.2656,True,麥寮,98,2.6565704497342892,Medium Risk,"Nearest AQI station (麥寮) AQI: 98, Indoor facility"
二崙國民中學,雲林縣二崙鄉,中正路88號,23.7738,120.4069,False,崙背,100,6.188271253400576,Warning,"Nearest AQI station (崙背) AQI: 100, Outdoor facility"
重興活動中心,雲林縣林內鄉,進興路46-9號,23.7738,120.584,True,斗六,92,7.950436868995766,Medium Risk,"Nearest AQI station (斗六) AQI: 92, Indoor facility"
興貴社區活動中心,雲林縣莿桐鄉,興北101-1號,23.77383,120.518992,True,斗六,92,7.382243939551689,Medium Risk,"Nearest AQI station (斗六) AQI: 92, Indoor facility"
楊厝社區活動中心,雲林縣麥寮鄉,永和2號,23.7752,120.2448,True,麥寮,98,2.51597099710452,Medium Risk,"Nearest AQI station (麥寮) AQI: 98, Indoor facility"
下坪社區活動中心,南投縣竹山鎮,下坪路18-50號,23.776,120.6799,True,竹山,87,2.196563686145287,Medium Risk,"Nearest AQI station (竹山) AQI: 87, Indoor facility"
饒平國小,雲林縣莿桐鄉,饒平路1號,23.777725,120.521305,True,斗六,92,7.711271825700244,Medium Risk,"Nearest AQI station (斗六) AQI: 92, Indoor facility"
人和活動中心,南投縣信義鄉,民生巷9-1號,23.779044,120.896546,True,南投（鹿谷）,76,12.368464444536963,Medium Risk,"Nearest AQI station (南投（鹿谷）) AQI: 76, Indoor facility"
文賢國小,雲林縣西螺鎮,文賢路一號,23.7793,120.4744,True,斗六,92,10.386191430903617,Medium Risk,"Nearest AQI station (斗六) AQI: 92, Indoor facility"
坪林台大實驗林?作站,南投縣水里鄉,大林巷5號,23.779422,120.841997,False,南投（鹿谷）,76,8.307641047544365,Warning,"Nearest AQI station (南投（鹿谷）) AQI: 76, Outdoor facility"
南平社區活動中心,花蓮縣鳳林鎮,自強路368-1號,23.7817,121.4584,True,花蓮,38,25.517069630458092,Low Risk,
水璉活動中心,花蓮縣壽豐鄉,水璉二街21號,23.7817,121.5472,True,花蓮,38,21.750242358590505,Low Risk,
延正里新社區活動中心,南投縣竹山鎮,公正巷30-6號,23.7827,120.6929,True,竹山,87,3.328308696608356,Medium Risk,"Nearest AQI station (竹山) AQI: 87, Indoor facility"
秀峰社區活動中心,南投縣鹿谷鄉,仁愛路153-5號,23.7831,120.7762,True,南投（鹿谷）,76,7.401195485992188,Medium Risk,"Nearest AQI station (南投（鹿谷）) AQI: 76, Indoor facility"
見晴國民小學,花蓮縣萬榮鄉,7鄰89號,23.783512,121.451955,False,花蓮,38,25.72802446096217,Low Risk,
雙龍活動中心,南投縣信義鄉,光復巷32號,23.783703,120.947694,True,南投（鹿谷）,76,17.188771799516026,Medium Risk,"Nearest AQI station (南投（鹿谷）) AQI: 76, Indoor facility"
永興社區活動中心,南投縣水里鄉,林朋巷177-1號,23.783973,120.862437,False,南投（鹿谷）,76,10.027903802012723,Warning,"Nearest AQI station (南投（鹿谷）) AQI: 76, Outdoor facility"
雙龍國小,南投縣信義鄉,光復巷4號,23.785303,120.950204,True,南投（鹿谷）,76,17.49536554548513,Medium Risk,"Nearest AQI station (南投（鹿谷）) AQI: 76, Indoor facility"
陽明國小,雲林縣崙背鄉,頂街1號,23.785977,120.35524,True,崙背,100,3.2296874807664318,Medium Risk,"Nearest AQI station (崙背) AQI: 100, Indoor facility"
後安社區活動中心,雲林縣麥寮鄉,3鄰後安163號,23.786,120.2393,True,麥寮,98,3.8313869917684213,Medium Risk,"Nearest AQI station (麥寮) AQI: 98, Indoor facility"
新安里活動中心,雲林縣西螺鎮,新社100號,23.7865,120.4491,True,崙背,100,10.707941429968669,Medium Risk,"Nearest AQI station (崙背) AQI: 100, Indoor facility"
振興里活動中心,雲林縣西螺鎮,125-1號,23.7879,120.4734,True,斗六,92,11.162464490966485,Medium Risk,"Nearest AQI station (斗六) AQI: 92, Indoor facility"
文興國小,雲林縣西螺鎮,新社二五七號,23.7882,120.4461,True,崙背,100,10.477089616284504,Medium Risk,"Nearest AQI station (崙背) AQI: 100, Indoor facility"
雙龍天主教,南投縣信義鄉,光復巷23號,23.789469,120.945384,False,南投（鹿谷）,76,17.25830859043327,Warning,"Nearest AQI station (南投（鹿谷）) AQI: 76, Outdoor facility"
迪巴恩基督長老教會,南投縣信義鄉,光復巷50號,23.789961,120.945202,True,南投（鹿谷）,76,17.266846573417656,Medium Risk,"Nearest AQI station (南投（鹿谷）) AQI: 76, Indoor facility"
福田里活動中心,雲林縣西螺鎮,社口87號,23.7906,120.4406,True,崙背,100,10.043992282935298,Medium Risk,"Nearest AQI station (崙背) AQI: 100, Indoor facility"
大新國小,雲林縣西螺鎮,二一六號,23.7909,120.4873,True,斗六,92,10.570568546510144,Medium Risk,"Nearest AQI station (斗六) AQI: 92, Indoor facility"
大新里活動中心,雲林縣西螺鎮,大新163-2號,23.7912,120.4872,True,斗六,92,10.603961435812602,Medium Risk,"Nearest AQI station (斗六) AQI: 92, Indoor facility"
豐榮國小,雲林縣崙背鄉,豐榮路21號,23.79152,120.312303,True,崙背,100,5.293357687344724,Medium Risk,"Nearest AQI station (崙背) AQI: 100, Indoor facility"
清水社區活動中心,南投縣鹿谷鄉,仁愛路103號,23.7919,120.7833,True,南投（鹿谷）,76,8.221207294563897,Medium Risk,"Nearest AQI station (南投（鹿谷）) AQI: 76, Indoor facility"
中和國小,雲林縣崙背鄉,草湖路2號,23.792293,120.33041,True,崙背,100,4.290349263413856,Medium Risk,"Nearest AQI station (崙背) AQI: 100, Indoor facility"
西螺國中,雲林縣西螺鎮,興農西路二一七號,23.7928,120.4601,True,崙背,100,11.990463949448035,Medium Risk,"Nearest AQI station (崙背) AQI: 100, Indoor facility"
示範托兒所,雲林縣西螺鎮,西螺鎮正興里興農西路105巷21-1號,23.7933,120.4633,False,斗六,92,12.294337704910822,Warning,"Nearest AQI station (斗六) AQI: 92, Outdoor facility"
青雲活動中心,南投縣信義鄉,開信巷1-1號,23.793542,120.943862,True,南投（鹿谷）,76,17.333298130746964,Medium Risk,"Nearest AQI station (南投（鹿谷）) AQI: 76, Indoor facility"
漢光里活動中心,雲林縣西螺鎮,西興南路354號,23.7936,120.4569,True,崙背,100,11.713329690769122,Medium Risk,"Nearest AQI station (崙背) AQI: 100, Indoor facility"
地利國小,南投縣信義鄉,開信巷17號,23.793828,120.943332,True,南投（鹿谷）,76,17.301329076421084,Medium Risk,"Nearest AQI station (南投（鹿谷）) AQI: 76, Indoor facility"
西螺農工,雲林縣西螺鎮,大同路四號,23.7946,120.471,False,斗六,92,11.889987440955869,Warning,"Nearest AQI station (斗六) AQI: 92, Outdoor facility"
波石活動中心,南投縣信義鄉,波石巷98-3號,23.794817,120.921385,True,南投（鹿谷）,76,15.443378150180866,Medium Risk,"Nearest AQI station (南投（鹿谷）) AQI: 76, Indoor facility"
米棧活動中心,花蓮縣壽豐鄉,米棧路二段21號,23.7951,121.5243,True,花蓮,38,21.0421483816475,Low Risk,
施厝聯合活動中心,雲林縣麥寮鄉,施厝176-3號,23.7953,120.2824,True,麥寮,98,5.592608757684962,Medium Risk,"Nearest AQI station (麥寮) AQI: 98, Indoor facility"
中山國小,雲林縣西螺鎮,新街路二號,23.7953,120.4653,True,斗六,92,12.324118796525529,Medium Risk,"Nearest AQI station (斗六) AQI: 92, Indoor facility"
永定國民小學,雲林縣二崙鄉,永定路 238 號,23.7959,120.4198,False,崙背,100,8.394622846933562,Warning,"Nearest AQI station (崙背) AQI: 100, Outdoor facility"
舊圖書館,雲林縣西螺鎮,民生路20號,23.7965,120.4655,True,斗六,92,12.411589759805498,Medium Risk,"Nearest AQI station (斗六) AQI: 92, Indoor facility"
民和社區活動中心,南投縣水里鄉,民和路157號,23.797088,120.924508,True,南投（鹿谷）,76,15.847580815024072,Medium Risk,"Nearest AQI station (南投（鹿谷）) AQI: 76, Indoor facility"
民和國中禮堂,南投縣水里鄉,中學路29號,23.797088,120.924508,True,南投（鹿谷）,76,15.847580815024072,Medium Risk,"Nearest AQI station (南投（鹿谷）) AQI: 76, Indoor facility"
三盛社區活動中心,雲林縣麥寮鄉,11鄰仁德西路一段26號,23.7975,120.2649,True,麥寮,98,5.069612778956448,Medium Risk,"Nearest AQI station (麥寮) AQI: 98, Indoor facility"
中興活動中心,雲林縣麥寮鄉,6鄰許厝1街2號,23.797881,120.229235,True,麥寮,98,5.443449287902955,Medium Risk,"Nearest AQI station (麥寮) AQI: 98, Indoor facility"
橋頭國小活動中心,雲林縣麥寮鄉,仁德?248號,23.797886,120.273868,True,麥寮,98,5.4206849596774624,Medium Risk,"Nearest AQI station (麥寮) AQI: 98, Indoor facility"
西螺鎮公所,雲林縣西螺鎮,雲林縣西螺鎮光復西路20號（西螺鎮公所）,23.798,120.4654,False,斗六,92,12.545087238042642,Warning,"Nearest AQI station (斗六) AQI: 92, Outdoor facility"
安定國小,雲林縣西螺鎮,埔心路二一0號,23.7982,120.4393,True,崙背,100,10.263883439642735,Medium Risk,"Nearest AQI station (崙背) AQI: 100, Indoor facility"
大園里活動中心,雲林縣西螺鎮,西螺鎮大園里光復東路95號,23.7983,120.4725,True,斗六,92,12.117528404608587,Medium Risk,"Nearest AQI station (斗六) AQI: 92, Indoor facility"
頂崁社區活動中心,南投縣水里鄉,圳頭巷27-2號,23.798748,120.865831,False,南投（鹿谷）,76,11.48943295707712,Warning,"Nearest AQI station (南投（鹿谷）) AQI: 76, Outdoor facility"
河南里活動中心,雲林縣西螺鎮,西螺鎮河南里河南58號,23.7995,120.4414,True,崙背,100,10.519413147425151,Medium Risk,"Nearest AQI station (崙背) AQI: 100, Indoor facility"
河南里活動中心,雲林縣西螺鎮,河南58號,23.7995,120.4414,True,崙背,100,10.519413147425151,Medium Risk,"Nearest AQI station (崙背) AQI: 100, Indoor facility"
文昌國小,雲林縣西螺鎮,延平路五０四號,23.7996,120.4489,True,崙背,100,11.213174505477106,Medium Risk,"Nearest AQI station (崙背) AQI: 100, Indoor facility"
詔安里活動中心,雲林縣西螺鎮,詔安16-1號,23.7997,120.4456,True,崙背,100,10.913638441386865,Medium Risk,"Nearest AQI station (崙背) AQI: 100, Indoor facility"
安定里活動中心,雲林縣西螺鎮,安定100號號,23.7998,120.4394,True,崙背,100,10.35248828179465,Medium Risk,"Nearest AQI station (崙背) AQI: 100, Indoor facility"
源泉國小活動中心,彰化縣二水鄉,彰化縣二水鄉大園村員集路二段316號,23.8,120.6424,True,竹山,87,6.010978775916168,Medium Risk,"Nearest AQI station (竹山) AQI: 87, Indoor facility"
修仁村活動中心,彰化縣二水鄉,修仁路27-3號,23.800055,120.631495,False,竹山,87,6.7309162194864,Warning,"Nearest AQI station (竹山) AQI: 87, Outdoor facility"
二水鄉公所,彰化縣二水鄉,南通路2段764號,23.8003,120.6309,False,竹山,87,6.79254103813358,Warning,"Nearest AQI station (竹山) AQI: 87, Outdoor facility"
禪和宮,雲林縣二崙鄉,公館15-1號,23.8006,120.3637,False,崙背,100,5.023410713743978,Warning,"Nearest AQI station (崙背) AQI: 100, Outdoor facility"
西螺福興宮,雲林縣西螺鎮,延平路180號,23.8013,120.4608,False,崙背,100,12.396990837207401,Warning,"Nearest AQI station (崙背) AQI: 100, Outdoor facility"
聯合里辦公處,雲林縣西螺鎮,中市路31號,23.8018,120.4599,False,崙背,100,12.334864446002616,Warning,"Nearest AQI station (崙背) AQI: 100, Outdoor facility"
東南國中,雲林縣西螺鎮,東南路326號,23.8028,120.4548,True,崙背,100,11.907327524858479,Medium Risk,"Nearest AQI station (崙背) AQI: 100, Indoor facility"
林榮社區活動中心,花蓮縣鳳林鎮,永康路54號,23.8035,121.45,True,花蓮,38,24.08376851856826,Low Risk,
永豐社區活動中心,南投縣水里鄉,南湖一路25號,23.804301,120.857221,False,南投（鹿谷）,76,11.464008637297324,Warning,"Nearest AQI station (南投（鹿谷）) AQI: 76, Outdoor facility"
大園村活動中心,彰化縣二水鄉,大園巷 11-9號,23.804774,120.637258,False,竹山,87,6.749236986376482,Warning,"Nearest AQI station (竹山) AQI: 87, Outdoor facility"
瑞田社區活動中心,南投縣鹿谷鄉,仁愛路69-3號,23.8048,120.7929,True,南投（鹿谷）,76,9.577886889982164,Medium Risk,"Nearest AQI station (南投（鹿谷）) AQI: 76, Indoor facility"
上安社區老人會館,南投縣水里鄉,水信路路3段221巷1號,23.806556,120.835733,False,南投（鹿谷）,76,10.635586004256588,Warning,"Nearest AQI station (南投（鹿谷）) AQI: 76, Outdoor facility"
上安社區活動中心,南投縣水里鄉,三部三路9號,23.806556,120.835733,False,南投（鹿谷）,76,10.635586004256588,Warning,"Nearest AQI station (南投（鹿谷）) AQI: 76, Outdoor facility"
玉峰社區活動中心,南投縣水里鄉,仁愛路7-19號,23.806556,120.835733,False,南投（鹿谷）,76,10.635586004256588,Warning,"Nearest AQI station (南投（鹿谷）) AQI: 76, Outdoor facility"
雷厝活動中心,雲林縣麥寮鄉,6鄰雷厝62-2號,23.8067,120.2891,True,大城,96,5.716548539720066,Medium Risk,"Nearest AQI station (大城) AQI: 96, Indoor facility"
惠民村活動中心,彰化縣二水鄉,山腳路一段48-1號,23.806923,120.632285,False,竹山,87,7.249856169177012,Warning,"Nearest AQI station (竹山) AQI: 87, Outdoor facility"
受玄宮,彰化縣二水鄉,裕民巷53號,23.807484,120.618217,False,竹山,87,8.272209788830361,Warning,"Nearest AQI station (竹山) AQI: 87, Outdoor facility"
新吉社區活動中心,雲林縣麥寮鄉,新吉69號,23.8076,120.2763,True,大城,96,5.306314355567929,Medium Risk,"Nearest AQI station (大城) AQI: 96, Indoor facility"
海豐村活動中心,彰化縣二水鄉,山腳路一段113-5號,23.808275,120.631193,False,竹山,87,7.436577119683508,Warning,"Nearest AQI station (竹山) AQI: 87, Outdoor facility"
社寮國中教室及活動中心,南投縣竹山鎮,集山路一段1729號,23.8095,120.7205,True,竹山,87,7.361640981738291,Medium Risk,"Nearest AQI station (竹山) AQI: 87, Indoor facility"
二水村活動中心,彰化縣二水鄉,員集路三段625號,23.80974,120.615818,False,竹山,87,8.621898154042979,Warning,"Nearest AQI station (竹山) AQI: 87, Outdoor facility"
圖書館二樓,彰化縣二水鄉,溪邊巷72號,23.809958,120.616648,False,竹山,87,8.577622551781074,Warning,"Nearest AQI station (竹山) AQI: 87, Outdoor facility"
水里國小禮堂,南投縣水里鄉,民族路151號,23.810077,120.854753,False,南投（鹿谷）,76,11.870966835601555,Warning,"Nearest AQI station (南投（鹿谷）) AQI: 76, Outdoor facility"
水里國中體育館,南投縣水里鄉,民生路2號,23.811019,120.857053,False,南投（鹿谷）,76,12.08246528531064,Warning,"Nearest AQI station (南投（鹿谷）) AQI: 76, Outdoor facility"
水里鄉公所,南投縣水里鄉,民生路112號,23.811322,120.856075,False,南投（鹿谷）,76,12.059071961373803,Warning,"Nearest AQI station (南投（鹿谷）) AQI: 76, Outdoor facility"
文化村活動中心,彰化縣二水鄉,文化一 巷1號,23.811622,120.618783,False,竹山,87,8.554484965166457,Warning,"Nearest AQI station (竹山) AQI: 87, Outdoor facility"
中州國小活動中心,南投縣竹山鎮,集山路1段955號,23.8118,120.738,True,竹山,87,8.723664664576871,Medium Risk,"Nearest AQI station (竹山) AQI: 87, Indoor facility"
三村集會所,南投縣水里鄉,博愛路37號,23.812232,120.853693,False,南投（鹿谷）,76,12.022299340786535,Warning,"Nearest AQI station (南投（鹿谷）) AQI: 76, Outdoor facility"
第三立體停車場三樓,南投縣水里鄉,北埔街96號,23.81304,120.853008,False,南投（鹿谷）,76,12.065552058507311,Warning,"Nearest AQI station (南投（鹿谷）) AQI: 76, Outdoor facility"
富州社區活動中心,南投縣竹山鎮,集山路1段422號,23.8141,120.747,True,竹山,87,9.563887269896243,Medium Risk,"Nearest AQI station (竹山) AQI: 87, Indoor facility"
光化村活動中心,彰化縣二水鄉,光進一巷20-1號,23.814279,120.615971,False,竹山,87,8.965725246060849,Warning,"Nearest AQI station (竹山) AQI: 87, Outdoor facility"
潮洋國小,彰化縣溪州鄉,彰化縣溪州鄉潮洋村陸軍路1段146號,23.8143,120.5195,True,斗六,92,11.683300270597842,Medium Risk,"Nearest AQI station (斗六) AQI: 92, Indoor facility"
中央社區活動中心,南投縣竹山鎮,集山路1段1236巷6號,23.8145,120.7334,True,竹山,87,8.621447668872248,Medium Risk,"Nearest AQI station (竹山) AQI: 87, Indoor facility"
五伯村活動中心,彰化縣二水鄉,過圳路222號,23.814864,120.612113,False,竹山,87,9.288678257375244,Warning,"Nearest AQI station (竹山) AQI: 87, Outdoor facility"
中央社區活動中心,南投縣水里鄉,中正路116號,23.814914,120.852127,False,南投（鹿谷）,76,12.203828023444874,Warning,"Nearest AQI station (南投（鹿谷）) AQI: 76, Outdoor facility"
大庄國小,彰化縣溪州鄉,彰化縣溪州鄉大?村中橫巷1號,23.816,120.5675,True,斗六,92,11.804935763273008,Medium Risk,"Nearest AQI station (斗六) AQI: 92, Indoor facility"
日月潭特色遊學中心原光明國小,南投縣魚池鄉,銃櫃巷18號,23.8169,120.8851,True,南投（鹿谷）,76,14.29468573288844,Medium Risk,"Nearest AQI station (南投（鹿谷）) AQI: 76, Indoor facility"
水里鄉農會倉庫,南投縣水里鄉,民生路158號,23.817226,120.854148,False,南投（鹿谷）,76,12.52822819427509,Warning,"Nearest AQI station (南投（鹿谷）) AQI: 76, Outdoor facility"
社寮社區活動中心,南投縣竹山鎮,大公街75號,23.8174,120.7223,True,竹山,87,8.18432645977719,Medium Risk,"Nearest AQI station (竹山) AQI: 87, Indoor facility"
義民廟,南投縣水里鄉,民權路335號,23.817421,120.848799,False,南投（鹿谷）,76,12.292992703889508,Warning,"Nearest AQI station (南投（鹿谷）) AQI: 76, Outdoor facility"
潭南活動中心,南投縣信義鄉,和平巷36-2號,23.817457,120.940118,True,埔里,70,17.068611519462653,Medium Risk,"Nearest AQI station (埔里) AQI: 70, Indoor facility"
新民村集會所,南投縣名間鄉,外埔巷11之28號,23.8185,120.6924,False,竹山,87,7.075126476569507,Warning,"Nearest AQI station (竹山) AQI: 87, Outdoor facility"
過圳村活動中心,彰化縣二水鄉,三義巷30-7號,23.818606,120.607488,False,竹山,87,9.915992772046916,Warning,"Nearest AQI station (竹山) AQI: 87, Outdoor facility"
憫世寶宮,南投縣水里鄉,山頂巷192號,23.818731,120.852233,False,南投（鹿谷）,76,12.582648631478227,Warning,"Nearest AQI station (南投（鹿谷）) AQI: 76, Outdoor facility"
溪口活動中心,花蓮縣壽豐鄉,溪口路103巷2號,23.8195,121.4734,True,花蓮,38,21.212878041126416,Low Risk,
成城國小會議室、105-106、201-208教室,南投縣水里鄉,中山路二段150號,23.819695,120.848389,False,南投（鹿谷）,76,12.500969604329951,Warning,"Nearest AQI station (南投（鹿谷）) AQI: 76, Outdoor facility"
埔中村民眾活動中心,南投縣名間鄉,埔中巷11-12號,23.821,120.6436,True,竹山,87,7.960989479344829,Medium Risk,"Nearest AQI station (竹山) AQI: 87, Indoor facility"
潭南國小,南投縣信義鄉,和平巷48號,23.821418,120.93987,True,埔里,70,16.63869427759571,Medium Risk,"Nearest AQI station (埔里) AQI: 70, Indoor facility"
頭社社區活動中心會所三聖宮,南投縣魚池鄉,平和巷40之2號,23.8234,120.908,True,南投（鹿谷）,76,16.40290048547816,Medium Risk,"Nearest AQI station (南投（鹿谷）) AQI: 76, Indoor facility"
合和村活動中心,彰化縣二水鄉,番田一巷46號,23.823503,120.612473,False,竹山,87,9.960263733104895,Warning,"Nearest AQI station (竹山) AQI: 87, Outdoor facility"
成功國小,彰化縣溪州鄉,彰化縣溪州鄉成功村登山路2段365號,23.8261,120.5448,True,斗六,92,12.703702124324108,Medium Risk,"Nearest AQI station (斗六) AQI: 92, Indoor facility"
三條國小,彰化縣溪州鄉,彰化縣溪州鄉三條村中央路2段31號,23.8269,120.4945,True,斗六,92,13.786042983748583,Medium Risk,"Nearest AQI station (斗六) AQI: 92, Indoor facility"
炭寮村集會所,南投縣名間鄉,炭寮巷1之50號,23.8284,120.679,False,竹山,87,8.009112620821785,Warning,"Nearest AQI station (竹山) AQI: 87, Outdoor facility"
十五村活動中心,彰化縣二水鄉,十五路33-1號,23.828596,120.601502,False,竹山,87,11.133318227894476,Warning,"Nearest AQI station (竹山) AQI: 87, Outdoor facility"
復興村活動中心,彰化縣二水鄉,員集路5段472號,23.829548,120.604775,False,竹山,87,10.983421891061154,Warning,"Nearest AQI station (竹山) AQI: 87, Outdoor facility"
濁水村集會所,南投縣名間鄉,福興巷14號（福興宮旁）,23.8308,120.7121,False,竹山,87,8.999627621241132,Warning,"Nearest AQI station (竹山) AQI: 87, Outdoor facility"
車埕國小禮堂,南投縣水里鄉,民權巷127號,23.831567,120.865694,False,南投（鹿谷）,76,14.494578206885667,Warning,"Nearest AQI station (南投（鹿谷）) AQI: 76, Outdoor facility"
集集里里集會所暨社區活動中心,南投縣集集鎮,成功路205號,23.831643,120.785291,True,南投（鹿谷）,76,12.596080500846568,Medium Risk,"Nearest AQI station (南投（鹿谷）) AQI: 76, Indoor facility"
英文堂廣場,南投縣魚池鄉,集里路34號,23.8318,120.894,True,南投（鹿谷）,76,16.148925783307227,Medium Risk,"Nearest AQI station (南投（鹿谷）) AQI: 76, Indoor facility"
昭天宮廣場,彰化縣田中鎮,大安路2段312號,23.831884,120.594904,False,竹山,87,11.86421118377237,Warning,"Nearest AQI station (竹山) AQI: 87, Outdoor facility"
水尾國小,彰化縣溪州鄉,彰化縣溪州鄉水尾村太平路137號,23.8319,120.4716,True,二林,105,12.134441557311561,High Risk,Nearest AQI station (二林) AQI: 105
車埕社區活動中心,南投縣水里鄉,民權巷33-1號,23.833623,120.86443,False,南投（鹿谷）,76,14.629975412553277,Warning,"Nearest AQI station (南投（鹿谷）) AQI: 76, Outdoor facility"
松嶺社區活動中心,南投縣名間鄉,豐柏路38號,23.8342,120.6339,True,竹山,87,9.714088390996395,Medium Risk,"Nearest AQI station (竹山) AQI: 87, Indoor facility"
永昌里里集會所暨社區活動中心,南投縣集集鎮,柴橋巷3-1號,23.83455,120.817036,True,南投（鹿谷）,76,13.087478440466027,Medium Risk,"Nearest AQI station (南投（鹿谷）) AQI: 76, Indoor facility"
松柏村集會所,南投縣名間鄉,名松路二段216之1號,23.8346,120.6355,False,竹山,87,9.6811041705651,Warning,"Nearest AQI station (竹山) AQI: 87, Outdoor facility"
豐坪活動中心,花蓮縣壽豐鄉,豐坪路2段73號,23.8351,121.5096,True,花蓮,38,17.703284006373504,Low Risk,
崁腳村民眾活動中心,南投縣名間鄉,名松路一段350號,23.8353,120.66,True,竹山,87,8.949421072857774,Medium Risk,"Nearest AQI station (竹山) AQI: 87, Indoor facility"
聯勤兵整中心,南投縣集集鎮,龍泉巷15號,23.8363,120.7509,False,南投,77,10.826896772863678,Warning,"Nearest AQI station (南投) AQI: 77, Outdoor facility"
南雅村集會所,南投縣名間鄉,市場巷20-2號,23.837014,120.702841,False,南投,77,8.635328577281426,Warning,"Nearest AQI station (南投) AQI: 77, Outdoor facility"
頭社國小,南投縣魚池鄉,平和巷105號,23.8373,120.9027,True,埔里,70,16.05861444747498,Medium Risk,"Nearest AQI station (埔里) AQI: 70, Indoor facility"
田頭國小,彰化縣竹塘鄉,光明路60號,23.837309,120.448869,True,二林,105,10.552551740714073,High Risk,Nearest AQI station (二林) AQI: 105
公所中山堂,南投縣名間鄉,彰南路40-1號,23.8382,120.7033,False,南投,77,8.516239524590732,Warning,"Nearest AQI station (南投) AQI: 77, Outdoor facility"
圳寮國小,彰化縣溪州鄉,彰化縣溪州鄉圳寮村下樹巷29號,23.8391,120.5229,True,員林,82,14.223255102714422,Medium Risk,"Nearest AQI station (員林) AQI: 82, Indoor facility"
永光國小,彰化縣大城鄉,青埔路7-8號,23.83961,120.300323,False,大城,96,3.555096525199643,Warning,"Nearest AQI station (大城) AQI: 96, Outdoor facility"
大安國小,彰化縣田中鎮,大安路1段200號,23.840611,120.594376,True,南投,77,12.258583128089521,Medium Risk,"Nearest AQI station (南投) AQI: 77, Indoor facility"
樹湖活動中心,花蓮縣壽豐鄉,大樹腳59號,23.8407,121.4692,True,花蓮,38,19.674452078599884,Low Risk,
中山村集會所,南投縣名間鄉,名松路一段83號,23.8419,120.6932,False,南投,77,7.946598923996746,Warning,"Nearest AQI station (南投) AQI: 77, Outdoor facility"
羅厝國小,彰化縣埔心鄉,文昌東路100號,23.842,120.51,False,二林,105,13.77064049175537,High Risk,Nearest AQI station (二林) AQI: 105
萬安宮,彰化縣大城鄉,古山路57號,23.842146,120.31032,False,大城,96,4.374450353116672,Warning,"Nearest AQI station (大城) AQI: 96, Outdoor facility"
上山社區活動中心,彰化縣大城鄉,大山路2-1號,23.842192,120.318028,False,大城,96,5.120733064497278,Warning,"Nearest AQI station (大城) AQI: 96, Outdoor facility"
新厝村集會所,南投縣名間鄉,新厝路74號,23.8427,120.6591,False,南投,77,8.258660065828632,Warning,"Nearest AQI station (南投) AQI: 77, Outdoor facility"
成功國小西畔分校,彰化縣溪州鄉,廣一巷24號,23.8429,120.5399,True,員林,82,13.408896491475657,Medium Risk,"Nearest AQI station (員林) AQI: 82, Indoor facility"
僑義國小,彰化縣溪州鄉,彰化縣溪州鄉溪厝村中山路2段362號,23.8442,120.4791,True,二林,105,11.442364712514728,High Risk,Nearest AQI station (二林) AQI: 105
樹腳社區活動中心,彰化縣竹塘鄉,福田路6號,23.844303,120.447765,True,二林,105,9.791895060801574,High Risk,Nearest AQI station (二林) AQI: 105
豐山國小,花蓮縣壽豐鄉,中山路41號,23.8464,121.4918,True,花蓮,38,17.702024895990792,Low Risk,
新廣社區活動中心,彰化縣竹塘鄉,光明路廣福巷57號,23.846486,120.430132,True,二林,105,8.994141317308834,High Risk,Nearest AQI station (二林) AQI: 105
三崙社區活動中心,南投縣名間鄉,中庄巷7號,23.8468,120.6367,True,南投,77,8.866224592616108,Medium Risk,"Nearest AQI station (南投) AQI: 77, Indoor facility"
長安國小,彰化縣竹塘鄉,東陽路二段123號,23.847335,120.386672,False,二林,105,8.965234777053753,High Risk,Nearest AQI station (二林) AQI: 105
豐山活動中心,花蓮縣壽豐鄉,中山路127巷15號,23.8478,121.4936,True,花蓮,38,17.466465199160826,Low Risk,
德化國小,南投縣魚池鄉,中正路211巷1號,23.8485,120.9355,True,埔里,70,13.780857862678705,Medium Risk,"Nearest AQI station (埔里) AQI: 70, Indoor facility"
土庫國小,彰化縣竹塘鄉,東陽路一段362號,23.84954,120.409448,True,二林,105,8.410254102795047,High Risk,Nearest AQI station (二林) AQI: 105
竹圍社區活動中心,彰化縣埤頭鄉,竹圍路187號,23.850218,120.454562,True,二林,105,9.503524413134118,High Risk,Nearest AQI station (二林) AQI: 105
溪州國中,彰化縣溪州鄉,中央路三段300號,23.8504,120.4951,True,二林,105,12.025116398972651,High Risk,Nearest AQI station (二林) AQI: 105
弓鞋社區活動中心,南投縣名間鄉,弓鞋巷16之2號,23.8504,120.6262,True,南投,77,9.196082534094097,Medium Risk,"Nearest AQI station (南投) AQI: 77, Indoor facility"
沙崙社區活動中心,彰化縣田中鎮,沙崙路281號,23.851096,120.583072,True,員林,82,12.45200471026464,Medium Risk,"Nearest AQI station (員林) AQI: 82, Indoor facility"
老人文康活動中心,彰化縣溪州鄉,圳南路138號,23.851238,120.497777,True,二林,105,12.159976950321358,High Risk,Nearest AQI station (二林) AQI: 105
溪州國小,彰化縣溪州鄉,彰化縣溪州鄉尾厝村中山路3段415號,23.8526,120.4971,True,二林,105,12.007009574362879,High Risk,Nearest AQI station (二林) AQI: 105
大城國中,彰化縣大城鄉,彰化縣大城鄉大城村中平路132號,23.8529,120.324,True,大城,96,5.532666614431354,Medium Risk,"Nearest AQI station (大城) AQI: 96, Indoor facility"
大城演藝廳,彰化縣大城鄉,彰化縣大城鄉大城村中平路176號,23.853,120.3203,False,大城,96,5.156248630757118,Warning,"Nearest AQI station (大城) AQI: 96, Outdoor facility"
大城國小,彰化縣大城鄉,彰化縣大城鄉東城村南平路224號,23.853,120.3203,True,大城,96,5.156248630757118,Medium Risk,"Nearest AQI station (大城) AQI: 96, Indoor facility"
南州國小,彰化縣溪州鄉,彰化縣溪州鄉溪州村公園路95號,23.853,120.4909,True,二林,105,11.516991120953461,High Risk,Nearest AQI station (二林) AQI: 105
彰化縣田中鎮內安國民小學,彰化縣田中鎮,中南路三段 54 號,23.8537,120.5997,False,南投,77,10.91953093258839,Warning,"Nearest AQI station (南投) AQI: 77, Outdoor facility"
新民國小,彰化縣田中鎮,公館路320號,23.85428,120.585674,True,南投,77,12.051874785476006,Medium Risk,"Nearest AQI station (南投) AQI: 77, Indoor facility"
大新國小,彰化縣北斗鎮,大新路556號,23.85495,120.557239,True,員林,82,11.873744001896961,Medium Risk,"Nearest AQI station (員林) AQI: 82, Indoor facility"
西林社區活動中心,花蓮縣萬榮鄉,8鄰134號,23.855288,121.342737,True,花蓮,38,29.138641926302306,Low Risk,
陸嘉社區活動中心,彰化縣埤頭鄉,中華路434號,23.855657,120.470711,True,二林,105,9.914053284293384,High Risk,Nearest AQI station (二林) AQI: 105
仁和村集會所,南投縣名間鄉,山腳巷17-2號,23.8562,120.7057,False,南投,77,6.647531602804045,Warning,"Nearest AQI station (南投) AQI: 77, Outdoor facility"
新庄社區活動中心,彰化縣田中鎮,中山街134號,23.856537,120.594252,True,南投,77,11.185832687309466,Medium Risk,"Nearest AQI station (南投) AQI: 77, Indoor facility"
田中鎮立圖書館,彰化縣田中鎮,中新路229號,23.856625,120.588689,True,南投,77,11.652993805378436,Medium Risk,"Nearest AQI station (南投) AQI: 77, Indoor facility"
廈新社區活動中心,南投縣名間鄉,大廈巷30號,23.8568,120.6758,True,南投,77,6.323452557600821,Medium Risk,"Nearest AQI station (南投) AQI: 77, Indoor facility"
彰化縣立景崧文化教育園區-龍江館,彰化縣田中鎮,中州路一段416號,23.8571,120.5821,False,員林,82,11.777203186286856,Warning,"Nearest AQI station (員林) AQI: 82, Outdoor facility"
田中國小,彰化縣田中鎮,中州路1段177號,23.857342,120.587487,True,南投,77,11.713857759419366,Medium Risk,"Nearest AQI station (南投) AQI: 77, Indoor facility"
西林天主堂,花蓮縣萬榮鄉,7鄰103號,23.8576,121.3593,False,花蓮,38,27.51981545452629,Low Risk,
竹圍村社區活動中心,南投縣名間鄉,竹圍巷39號,23.8582,120.6382,True,南投,77,7.7503789938262475,Medium Risk,"Nearest AQI station (南投) AQI: 77, Indoor facility"
赤水社區活動中心,南投縣名間鄉,南田路258之10號,23.8595,120.6317,True,南投,77,8.068102893801612,Medium Risk,"Nearest AQI station (南投) AQI: 77, Indoor facility"
新庄社區活動中心,彰化縣埤頭鄉,光華路124號,23.859739,120.483697,True,二林,105,10.469473003242472,High Risk,Nearest AQI station (二林) AQI: 105
竹林社區活動中心,彰化縣竹塘鄉,竹鹿路保安巷45號,23.860386,120.40292,True,二林,105,7.2366552205273,High Risk,Nearest AQI station (二林) AQI: 105
大坑村集會所,南投縣名間鄉,武東巷11之2號,23.8605,120.6578,False,南投,77,6.4730106624519586,Warning,"Nearest AQI station (南投) AQI: 77, Outdoor facility"
田中鎮公所公共造產公有第一零售市場,彰化縣田中鎮,員集路2段462號,23.8606,120.585,False,員林,82,11.446838512005836,Warning,"Nearest AQI station (員林) AQI: 82, Outdoor facility"
竹塘國小,彰化縣竹塘鄉,文化街20號,23.861033,120.428771,True,二林,105,7.392358732045098,High Risk,Nearest AQI station (二林) AQI: 105
田中鎮民活動中心,彰化縣田中鎮,斗中路1段210號,23.861492,120.580803,True,員林,82,11.273972081228374,Medium Risk,"Nearest AQI station (員林) AQI: 82, Indoor facility"
虎坑社區活動中心,南投縣名間鄉,虎坑巷6之1號,23.8622,120.6955,True,南投,77,5.742997046263053,Medium Risk,"Nearest AQI station (南投) AQI: 77, Indoor facility"
東仁社區活動中心,南投縣名間鄉,大老巷34號,23.8652,120.7,True,南投,77,5.521076182757085,Medium Risk,"Nearest AQI station (南投) AQI: 77, Indoor facility"
三潭國小,彰化縣田中鎮,員集路2段715號,23.865501,120.586202,True,員林,82,10.938171138360069,Medium Risk,"Nearest AQI station (員林) AQI: 82, Indoor facility"
大湖社區活動中心,彰化縣埤頭鄉,大湖路260號,23.8659,120.4528,True,二林,105,7.917300142083983,High Risk,Nearest AQI station (二林) AQI: 105
中和社區活動中心,彰化縣北斗鎮,彰化縣北斗中和里中圳路305號,23.8661,120.5462,True,員林,82,10.75802001723192,Medium Risk,"Nearest AQI station (員林) AQI: 82, Indoor facility"
明潭國小,南投縣魚池鄉,中山路191號,23.8674,120.9098,True,埔里,70,12.732434160359745,Medium Risk,"Nearest AQI station (埔里) AQI: 70, Indoor facility"
東和國小,彰化縣田中鎮,山腳路4段188巷109號,23.867482,120.6062,True,南投,77,9.502639129224937,Medium Risk,"Nearest AQI station (南投) AQI: 77, Indoor facility"
龍潭社區活動中心,彰化縣田中鎮,大社路1段216巷100弄20號,23.867615,120.580809,True,員林,82,10.602413642529115,Medium Risk,"Nearest AQI station (員林) AQI: 82, Indoor facility"
月眉國小,花蓮縣壽豐鄉,月眉路3段24號,23.867967,121.556384,True,花蓮,38,12.307914790413502,Low Risk,
月眉國小-米棧分校,花蓮縣壽豐鄉,米棧路一段53號,23.8681,121.5564,True,花蓮,38,12.293524792016573,Low Risk,
明潭國中,南投縣魚池鄉,中山路190號,23.8684,120.9113,True,埔里,70,12.563469448253132,Medium Risk,"Nearest AQI station (埔里) AQI: 70, Indoor facility"
壽豐活動中心,花蓮縣壽豐鄉,壽豐路1段97號,23.8691,121.5099,True,花蓮,38,14.58084201781999,Low Risk,
菜寮社區活動中心,彰化縣大城鄉,東平路6號,23.869103,120.312409,False,大城,96,4.625737587157628,Warning,"Nearest AQI station (大城) AQI: 96, Outdoor facility"
共和活動中心,花蓮縣壽豐鄉,農墾2街38號,23.8693,121.5308,True,花蓮,38,13.334088847301281,Low Risk,
元埔社區活動中心,彰化縣埤頭鄉,文化路495巷11號,23.869502,120.503333,True,二林,105,11.358900848544385,High Risk,Nearest AQI station (二林) AQI: 105
田仔社區活動中心,南投縣名間鄉,田仔巷41之2號,23.8702,120.6751,True,南投,77,4.870942656609134,Medium Risk,"Nearest AQI station (南投) AQI: 77, Indoor facility"
萬來國小,彰化縣北斗鎮,彰化縣北斗鎮西德里文賢街35號,23.8703,120.5221,True,員林,82,10.977110857111995,Medium Risk,"Nearest AQI station (員林) AQI: 82, Indoor facility"
壽豐鄉公所,花蓮縣壽豐鄉,壽山路26號,23.8704,121.5091,False,花蓮,38,14.519902040766457,Low Risk,
文化中心,花蓮縣壽豐鄉,公園路30號,23.8704,121.5091,False,花蓮,38,14.519902040766457,Low Risk,
芙朝社區活動中心,彰化縣埤頭鄉,文化路829號,23.870694,120.482115,True,二林,105,9.537650604223773,High Risk,Nearest AQI station (二林) AQI: 105
螺青國小,彰化縣北斗鎮,彰化縣北斗鎮斗中路712號,23.871139,120.534312,True,員林,82,10.477750695348302,Medium Risk,"Nearest AQI station (員林) AQI: 82, Indoor facility"
鹽寮活動中心,花蓮縣壽豐鄉,鹽寮165號,23.871385,121.59829,True,花蓮,38,11.11172522726296,Low Risk,
北斗鎮公所,彰化縣北斗鎮,彰化縣北斗鎮西德里公所街二號,23.8714,120.5218,False,員林,82,10.875848687443936,Warning,"Nearest AQI station (員林) AQI: 82, Outdoor facility"
大庄村集會所,南投縣名間鄉,大廈巷82-4號,23.8722,120.6551,False,南投,77,5.478388183012437,Warning,"Nearest AQI station (南投) AQI: 77, Outdoor facility"
錦梓社區活動中心,南投縣名間鄉,皮子寮巷21號,23.8734,120.6324,True,南投,77,6.9512539958090445,Medium Risk,"Nearest AQI station (南投) AQI: 77, Indoor facility"
五庄社區活動中心,彰化縣竹塘鄉,竹五路222號,23.873491,120.431604,True,二林,105,6.16505050544842,High Risk,Nearest AQI station (二林) AQI: 105
彰化縣田中鎮明禮國民國小,彰化縣田中鎮,民光路一段394號,23.8755,120.5661,True,員林,82,9.577842280366417,Medium Risk,"Nearest AQI station (員林) AQI: 82, Indoor facility"
北斗國小,彰化縣北斗鎮,彰化縣北斗鎮新政里文苑路一段32號,23.875762,120.523284,True,員林,82,10.370311212124797,Medium Risk,"Nearest AQI station (員林) AQI: 82, Indoor facility"
三光社區活動中心,彰化縣田中鎮,民光路1段392巷25號,23.875905,120.566974,True,員林,82,9.536000512578934,Medium Risk,"Nearest AQI station (員林) AQI: 82, Indoor facility"
北斗國中,彰化縣北斗鎮,文苑路136號,23.875935,120.521586,True,員林,82,10.421441794710946,Medium Risk,"Nearest AQI station (員林) AQI: 82, Indoor facility"
螺陽國小,彰化縣北斗鎮,斗苑路2段150號,23.87624,120.514719,True,員林,82,10.693553343176976,Medium Risk,"Nearest AQI station (員林) AQI: 82, Indoor facility"
中寮社區活動中心,南投縣中寮鄉,鄉林巷23號,23.8763,120.7732,True,南投,77,9.82345440943802,Medium Risk,"Nearest AQI station (南投) AQI: 77, Indoor facility"
崁頂社區活動中心,南投縣中寮鄉,永平路104號,23.8763,120.7732,True,南投,77,9.82345440943802,Medium Risk,"Nearest AQI station (南投) AQI: 77, Indoor facility"
下社區活動中心,南投縣名間鄉,大岩巷30之8號,23.8764,120.6355,True,南投,77,6.496293062953485,Medium Risk,"Nearest AQI station (南投) AQI: 77, Indoor facility"
中寮社區活動中心,彰化縣北斗鎮,彰化縣北斗中寮里中央路30巷31號,23.8781,120.5109,True,員林,82,10.697861519633634,Medium Risk,"Nearest AQI station (員林) AQI: 82, Indoor facility"
北斗家商,彰化縣北斗鎮,彰化縣北斗鎮大道里學府路50號,23.8785,120.5221,False,員林,82,10.139774006846688,Warning,"Nearest AQI station (員林) AQI: 82, Outdoor facility"
內城社區活動中心,南投縣中寮鄉,龍南路6-3號,23.879,120.7628,True,南投,77,8.73847726313414,Medium Risk,"Nearest AQI station (南投) AQI: 77, Indoor facility"
豐美社區活動中心,彰化縣大城鄉,平和路5號,23.879191,120.306808,False,大城,96,4.643318121703093,Warning,"Nearest AQI station (大城) AQI: 96, Outdoor facility"
新街村集會所,南投縣名間鄉,彰南路472號,23.8797,120.6934,False,南投,77,3.793120655165941,Warning,"Nearest AQI station (南投) AQI: 77, Outdoor facility"
仙樂社區活動中心,南投縣中寮鄉,仙鹿巷,23.8798,120.7641,True,南投,77,8.820191989007906,Medium Risk,"Nearest AQI station (南投) AQI: 77, Indoor facility"
埤頭國中,彰化縣埤頭鄉,中學路67號,23.880113,120.460262,True,二林,105,7.181643556021436,High Risk,Nearest AQI station (二林) AQI: 105
頂興社區活動中心,南投縣中寮鄉,永平路48-12號,23.8805,120.7724,True,南投,77,9.563328404840773,Medium Risk,"Nearest AQI station (南投) AQI: 77, Indoor facility"
光榮活動中心,花蓮縣壽豐鄉,光榮1街26之1號,23.8817,121.5143,True,花蓮,38,13.218942701912288,Low Risk,
大林村集會所,南投縣魚池鄉,永川巷5號,23.8823,120.9442,False,埔里,70,9.920024053913172,Warning,"Nearest AQI station (埔里) AQI: 70, Outdoor facility"
萬丹社區活動中心,南投縣名間鄉,新丹巷38-2號,23.8827,120.7063,True,南投,77,3.9883281531554617,Medium Risk,"Nearest AQI station (南投) AQI: 77, Indoor facility"
爽文老人活動中心,南投縣中寮鄉,龍南路209-1號,23.8828,120.7992,True,南投,77,12.055827544894557,Medium Risk,"Nearest AQI station (南投) AQI: 77, Indoor facility"
金安老人會館,南投縣魚池鄉,有水巷28-2號,23.8834,120.9233,False,埔里,70,10.526904360986155,Warning,"Nearest AQI station (埔里) AQI: 70, Outdoor facility"
平和活動中心,花蓮縣壽豐鄉,平和路32號,23.8837,121.5197,True,花蓮,38,12.693409323548897,Low Risk,
睦宜社區活動中心,彰化縣田尾鄉,聖德巷162號,23.884051,120.549163,False,員林,82,8.73951167101929,Warning,"Nearest AQI station (員林) AQI: 82, Outdoor facility"
新興老人會館,南投縣水里鄉,新興巷10-6號,23.884867,120.872715,False,埔里,70,13.445934238160666,Warning,"Nearest AQI station (埔里) AQI: 70, Outdoor facility"
天乙宮,彰化縣田尾鄉,建平路一段66號,23.885121,120.527114,False,員林,82,9.260350702840222,Warning,"Nearest AQI station (員林) AQI: 82, Outdoor facility"
八仙社區活動中心,南投縣中寮鄉,永樂路36-1號,23.8857,120.7572,True,南投,77,7.914145157637558,Medium Risk,"Nearest AQI station (南投) AQI: 77, Indoor facility"
老人文康中心,彰化縣竹塘鄉,彰化縣竹塘鄉民靖村金山路40號,23.886404,120.41144,False,二林,105,4.314964097793273,High Risk,Nearest AQI station (二林) AQI: 105
南鎮國小,彰化縣田尾鄉,光復路一段295號,23.886533,120.560701,True,員林,82,8.350289015035434,Medium Risk,"Nearest AQI station (員林) AQI: 82, Indoor facility"
大林社區活動中心,南投縣魚池鄉,嵩山巷27號,23.8872,120.949,True,埔里,70,9.279254283168491,Medium Risk,"Nearest AQI station (埔里) AQI: 70, Indoor facility"
五城村活動中心,南投縣魚池鄉,五城巷24-2號,23.8874,120.8879,True,埔里,70,12.170830376936266,Medium Risk,"Nearest AQI station (埔里) AQI: 70, Indoor facility"
鄉立托兒所,彰化縣埤頭鄉,彰水路3段352巷45號,23.8888,120.4601,False,二林,105,6.531309488955348,High Risk,Nearest AQI station (二林) AQI: 105
清聖宮,彰化縣社頭鄉,清興路50巷71號,23.888885,120.605951,False,南投,77,8.501176896499185,Warning,"Nearest AQI station (南投) AQI: 77, Outdoor facility"
仁里社區活動中心,彰化縣田尾鄉,中正路二段103巷9號,23.888979,120.534111,False,員林,82,8.598390806012805,Warning,"Nearest AQI station (員林) AQI: 82, Outdoor facility"
花與樹博物館,彰化縣田尾鄉,光復路2段575號,23.888979,120.534111,False,員林,82,8.598390806012805,Warning,"Nearest AQI station (員林) AQI: 82, Outdoor facility"
老人文康中心,彰化縣埤頭鄉,安康街72號,23.889,120.46,False,二林,105,6.509562141267686,High Risk,Nearest AQI station (二林) AQI: 105
永安社區活動中心,南投縣中寮鄉,復興巷22號,23.8892,120.7369,True,南投,77,5.874852929001862,Medium Risk,"Nearest AQI station (南投) AQI: 77, Indoor facility"
新生社區活動中心,彰化縣田尾鄉,延平路150號,23.88931,120.548715,False,員林,82,8.171198464498135,Warning,"Nearest AQI station (員林) AQI: 82, Outdoor facility"
四武宮辦公室,彰化縣埤頭鄉,埔尾路51號,23.889782,120.487282,False,二林,105,8.818251338040927,High Risk,Nearest AQI station (二林) AQI: 105
社頭鄉公所大禮堂,彰化縣社頭鄉,社斗路一段295號,23.8898,120.585,False,員林,82,8.285265470872702,Warning,"Nearest AQI station (員林) AQI: 82, Outdoor facility"
東光村避難所,南投縣魚池鄉,慶隆巷31-9號,23.8898,120.9665,False,埔里,70,8.790226090670094,Warning,"Nearest AQI station (埔里) AQI: 70, Outdoor facility"
福田社區活動中心,彰化縣田尾鄉,光復路一段98巷181號,23.889989,120.562711,False,員林,82,7.962316730660267,Warning,"Nearest AQI station (員林) AQI: 82, Outdoor facility"
東光國小,南投縣魚池鄉,慶隆巷36號,23.8905,120.9667,True,埔里,70,8.712090976821726,Medium Risk,"Nearest AQI station (埔里) AQI: 70, Indoor facility"
五城國小,南投縣魚池鄉,華龍巷1-2號,23.8909,120.8891,True,埔里,70,11.800906500540032,Medium Risk,"Nearest AQI station (埔里) AQI: 70, Indoor facility"
正義社區活動中心,彰化縣田尾鄉,中正路一段232號,23.891782,120.516759,False,員林,82,9.084676845699919,Warning,"Nearest AQI station (員林) AQI: 82, Outdoor facility"
田尾國小,彰化縣田尾鄉,中山路一段449號,23.891877,120.528588,True,員林,82,8.512659236791668,Medium Risk,"Nearest AQI station (員林) AQI: 82, Indoor facility"
南鎮社區活動中心,彰化縣田尾鄉,平和路一段140號,23.892145,120.554772,False,員林,82,7.769677290768175,Warning,"Nearest AQI station (員林) AQI: 82, Outdoor facility"
中明活動中心,南投縣魚池鄉,文正巷5-10號,23.8922,120.9206,True,埔里,70,9.784781658399385,Medium Risk,"Nearest AQI station (埔里) AQI: 70, Indoor facility"
永和社區活動中心,南投縣中寮鄉,龍南路321-11號,23.8925,120.7764,True,南投,77,9.536882937693068,Medium Risk,"Nearest AQI station (南投) AQI: 77, Indoor facility"
埤頭國小,彰化縣埤頭鄉,中南路145號,23.892504,120.478352,True,二林,105,7.871894928472595,High Risk,Nearest AQI station (二林) AQI: 105
永興里災民收容所社區活動中心,南投縣南投市,八卦路58巷20號,23.8926,120.6389,True,南投,77,5.2345786232196625,Medium Risk,"Nearest AQI station (南投) AQI: 77, Indoor facility"
南曾社區活動中心,彰化縣田尾鄉,福德巷185號,23.892743,120.534173,False,員林,82,8.20433362282272,Warning,"Nearest AQI station (員林) AQI: 82, Outdoor facility"
嘉和里災民收容所嘉和里神木社區活動中心,南投縣南投市,樂利三街2號,23.8928,120.6696,True,南投,77,2.755794045943012,Medium Risk,"Nearest AQI station (南投) AQI: 77, Indoor facility"
社頭鄉老人文康活動中心,彰化縣社頭鄉,南勢巷9-16號,23.893,120.595,True,員林,82,8.284337139812644,Medium Risk,"Nearest AQI station (員林) AQI: 82, Indoor facility"
千秋里災民收容所社區活動中心,南投縣南投市,千秋路222號,23.893,120.706,True,南投,77,3.0612622915215084,Medium Risk,"Nearest AQI station (南投) AQI: 77, Indoor facility"
圖書館一樓,彰化縣埤頭鄉,文鄉路135號,23.8933,120.4587,True,二林,105,6.117217415985356,High Risk,Nearest AQI station (二林) AQI: 105
中和國小活動中心,彰化縣埤頭鄉,溪林路284號,23.8933,120.4587,True,二林,105,6.117217415985356,High Risk,Nearest AQI station (二林) AQI: 105
合興國小,彰化縣埤頭鄉,文鄉路161號,23.894074,120.459432,True,二林,105,6.1290324271685135,High Risk,Nearest AQI station (二林) AQI: 105
北曾社區活動中心,彰化縣田尾鄉,福德巷359號,23.894834,120.53401,False,員林,82,7.993926409423762,Warning,"Nearest AQI station (員林) AQI: 82, Outdoor facility"
爽文社區活動中心,南投縣中寮鄉,龍南路190號,23.8949,120.7244,True,南投,77,4.454757060915677,Medium Risk,"Nearest AQI station (南投) AQI: 77, Indoor facility"
嘉和里、嘉興里災民收容所嘉和里集會所,南投縣南投市,嘉和一路232巷2號,23.8955,120.6871,False,南投,77,1.9544386116236776,Warning,"Nearest AQI station (南投) AQI: 77, Outdoor facility"
嘉和里災民收容所嘉和里集會所,南投縣南投市,嘉和一路232巷2號,23.8955,120.6871,False,南投,77,1.9544386116236776,Warning,"Nearest AQI station (南投) AQI: 77, Outdoor facility"
路上國小,彰化縣芳苑鄉,新上路12號,23.8961,120.3283,True,大城,96,7.518651357467718,Medium Risk,"Nearest AQI station (大城) AQI: 96, Indoor facility"
中興國小,彰化縣二林鎮,光復路73號,23.8963,120.427,True,二林,105,3.6631085328499933,High Risk,Nearest AQI station (二林) AQI: 105
永芳社區活動中心,南投縣中寮鄉,龍南路269-1號,23.8966,120.7145,True,南投,77,3.48326366503094,Medium Risk,"Nearest AQI station (南投) AQI: 77, Indoor facility"
社頭鄉運動公園體育館,彰化縣社頭鄉,彰化縣社頭鄉美雅村中山路1段172號,23.8968,120.5858,True,員林,82,7.5624506109514655,Medium Risk,"Nearest AQI station (員林) AQI: 82, Indoor facility"
北鎮社區活動中心,彰化縣田尾鄉,平和路二段151號,23.897327,120.552144,False,員林,82,7.233859322727902,Warning,"Nearest AQI station (員林) AQI: 82, Outdoor facility"
溪頂社區活動中心,彰化縣田尾鄉,三溪路一段209號,23.897399,120.508138,False,員林,82,9.069786325032293,Warning,"Nearest AQI station (員林) AQI: 82, Outdoor facility"
田尾社區活動中心,彰化縣田尾鄉,光復路三段538巷1號,23.897399,120.508138,False,員林,82,9.069786325032293,Warning,"Nearest AQI station (員林) AQI: 82, Outdoor facility"
社頭國小,彰化縣社頭鄉,社斗路一段258號,23.897442,120.584451,False,員林,82,7.453568945234463,Warning,"Nearest AQI station (員林) AQI: 82, Outdoor facility"
二林鎮鎮立幼兒園,彰化縣二林鎮,斗苑路四段586號,23.8976,120.3707,False,二林,105,5.0080178208650965,High Risk,Nearest AQI station (二林) AQI: 105
興華社區活動中心,彰化縣二林鎮,中農路15號,23.898143,120.366378,False,二林,105,5.327831086383603,High Risk,Nearest AQI station (二林) AQI: 105
萬興國中,彰化縣二林鎮,二溪路6段626號,23.898143,120.366378,False,二林,105,5.327831086383603,High Risk,Nearest AQI station (二林) AQI: 105
圓和宮,彰化縣二林鎮,鎮平巷1號,23.898143,120.366378,False,二林,105,5.327831086383603,High Risk,Nearest AQI station (二林) AQI: 105
民眾活動中心,彰化縣二林鎮,文明巷3號,23.898143,120.366378,False,二林,105,5.327831086383603,High Risk,Nearest AQI station (二林) AQI: 105
育德國小,彰化縣二林鎮,中南巷41-1號,23.898143,120.366378,False,二林,105,5.327831086383603,High Risk,Nearest AQI station (二林) AQI: 105
梅芳社區活動中心,彰化縣二林鎮,太平路72-1號,23.898143,120.366378,False,二林,105,5.327831086383603,High Risk,Nearest AQI station (二林) AQI: 105
慈靈宮,彰化縣二林鎮,同安巷80-1號,23.898143,120.366378,False,二林,105,5.327831086383603,High Risk,Nearest AQI station (二林) AQI: 105
廣福宮,彰化縣二林鎮,新榮巷1-2號,23.898143,120.366378,False,二林,105,5.327831086383603,High Risk,Nearest AQI station (二林) AQI: 105
東興社區活動中心,彰化縣二林鎮,福建巷45-1號,23.898143,120.366378,False,二林,105,5.327831086383603,High Risk,Nearest AQI station (二林) AQI: 105
麒麟宮代化堂集會所,南投縣魚池鄉,新店巷35號,23.8983,120.9396,False,埔里,70,8.354728193455166,Warning,"Nearest AQI station (埔里) AQI: 70, Outdoor facility"
永豐社區活動中心,彰化縣埤頭鄉,東西路621號,23.898467,120.450794,True,二林,105,5.129233417635002,High Risk,Nearest AQI station (二林) AQI: 105
新興社區活動中心,彰化縣田尾鄉,新興路280號,23.898593,120.558394,False,員林,82,7.022380502271452,Warning,"Nearest AQI station (員林) AQI: 82, Outdoor facility"
魚池國小,南投縣魚池鄉,瓊文巷41號,23.899,120.9373,True,埔里,70,8.36575638666108,Medium Risk,"Nearest AQI station (埔里) AQI: 70, Indoor facility"
長興長寮尾活動中心,南投縣魚池鄉,長興巷8之11號,23.8992,120.9533,True,埔里,70,7.884778450692564,Medium Risk,"Nearest AQI station (埔里) AQI: 70, Indoor facility"
龍安社區活動中心,南投縣中寮鄉,龍南路94-5號,23.8996,120.7592,True,南投,77,7.658079792475512,Medium Risk,"Nearest AQI station (南投) AQI: 77, Indoor facility"
月眉活動中心,花蓮縣壽豐鄉,月眉路三段108號,23.8996,121.554,True,花蓮,38,9.23102119276827,Low Risk,
二林國小,彰化縣二林鎮,彰化縣二林鎮豐田里斗苑路五段22號,23.8999,120.3716,True,二林,105,4.781307199690284,High Risk,Nearest AQI station (二林) AQI: 105
中正國小,彰化縣二林鎮,建興街80號,23.8999,120.3773,True,二林,105,4.325989628366893,High Risk,Nearest AQI station (二林) AQI: 105
新厝社區活動中心,彰化縣田尾鄉,光明巷54號,23.899999,120.503867,False,員林,82,9.124835237981635,Warning,"Nearest AQI station (員林) AQI: 82, Outdoor facility"
原斗國小,彰化縣二林鎮,斗苑路一段865號,23.9005,120.3754,True,二林,105,4.432968073810752,High Risk,Nearest AQI station (二林) AQI: 105
社頭國中,彰化縣社頭鄉,中興路1號,23.901267,120.582081,False,員林,82,6.977495002564327,Warning,"Nearest AQI station (員林) AQI: 82, Outdoor facility"
仁豐國小,彰化縣田尾鄉,中正路二段101號,23.902513,120.508227,True,員林,82,8.623439295515944,Medium Risk,"Nearest AQI station (員林) AQI: 82, Indoor facility"
三和里災民收容所里集會所,南投縣南投市,彰南路一段992號,23.9026,120.6859,False,南投,77,1.1580025981440023,Warning,"Nearest AQI station (南投) AQI: 77, Outdoor facility"
豐田社區活動中心,彰化縣田尾鄉,光復路四段114號,23.903422,120.510873,False,員林,82,8.373379685398149,Warning,"Nearest AQI station (員林) AQI: 82, Outdoor facility"
三興里災民收容所南投高商活動中心,南投縣南投市,彰南路一段993號,23.9039,120.6853,True,南投,77,1.011874016285549,Medium Risk,"Nearest AQI station (南投) AQI: 77, Indoor facility"
打簾社區活動中心,彰化縣田尾鄉,民生路一段245號,23.904866,120.529979,False,員林,82,7.154197993062352,Warning,"Nearest AQI station (員林) AQI: 82, Outdoor facility"
志學活動中心,花蓮縣壽豐鄉,中正路120巷13號,23.9053,121.5322,True,花蓮,38,10.051127934874977,Low Risk,
崇文里災民收容所南投國小活動中心,南投縣南投市,彰南路一段1059號,23.9058,120.6839,True,南投,77,0.8132608599295987,Medium Risk,"Nearest AQI station (南投) AQI: 77, Indoor facility"
彰仁里災民收容所南投國小活動中心,南投縣南投市,彰南路一段1059號,23.9058,120.6839,True,南投,77,0.8132608599295987,Medium Risk,"Nearest AQI station (南投) AQI: 77, Indoor facility"
新城村避難所,南投縣魚池鄉,通文巷8號,23.9059,120.9259,False,埔里,70,8.197947567125999,Warning,"Nearest AQI station (埔里) AQI: 70, Outdoor facility"
中寮國小活動中心,南投縣中寮鄉,永平路316號,23.906,120.8067,True,南投,77,12.364579252053328,Medium Risk,"Nearest AQI station (南投) AQI: 77, Indoor facility"
新莊社區活動中心,彰化縣永靖鄉,永社路75-1號,23.906852,120.553913,False,員林,82,6.159665782847807,Warning,"Nearest AQI station (員林) AQI: 82, Outdoor facility"
永靖國中,彰化縣永靖鄉,錫壽路123號,23.906852,120.553913,False,員林,82,6.159665782847807,Warning,"Nearest AQI station (員林) AQI: 82, Outdoor facility"
原斗社區活動中心,彰化縣二林鎮,中正巷13號,23.907276,120.436185,False,二林,105,3.351799197817407,High Risk,Nearest AQI station (二林) AQI: 105
西斗社區活動中心,彰化縣二林鎮,再發路46號,23.907276,120.436185,False,二林,105,3.351799197817407,High Risk,Nearest AQI station (二林) AQI: 105
東和里集會所,彰化縣二林鎮,照西路176巷1號,23.907276,120.436185,False,二林,105,3.351799197817407,High Risk,Nearest AQI station (二林) AQI: 105
大永社區活動中心,彰化縣二林鎮,大永路17號,23.907276,120.436185,False,二林,105,3.351799197817407,High Risk,Nearest AQI station (二林) AQI: 105
東勢社區活動中心,彰化縣二林鎮,面前巷2號,23.907276,120.436185,False,二林,105,3.351799197817407,High Risk,Nearest AQI station (二林) AQI: 105
新興宮,彰化縣二林鎮,成田巷2號之4,23.907276,120.436185,False,二林,105,3.351799197817407,High Risk,Nearest AQI station (二林) AQI: 105
復豐社區活動中心,彰化縣二林鎮,漏瑤巷30號,23.907276,120.436185,False,二林,105,3.351799197817407,High Risk,Nearest AQI station (二林) AQI: 105
慈聖?,彰化縣二林鎮,路東巷1-23號,23.907276,120.436185,False,二林,105,3.351799197817407,High Risk,Nearest AQI station (二林) AQI: 105
南光社區活動中心,彰化縣二林鎮,懷仁街8號,23.907276,120.436185,False,二林,105,3.351799197817407,High Risk,Nearest AQI station (二林) AQI: 105
中正村社區活動中心,南投縣仁愛鄉,光明路58號,23.907318,120.98989,True,埔里,70,7.1968486509179375,Medium Risk,"Nearest AQI station (埔里) AQI: 70, Indoor facility"
朝興國小,彰化縣社頭鄉,社石路91號,23.908289,120.604063,False,員林,82,7.238062730240985,Warning,"Nearest AQI station (員林) AQI: 82, Outdoor facility"
養靈社區活動養靈社區活動中心山楂腳,南投縣魚池鄉,山楂腳巷16-1號,23.9089,120.9149,True,埔里,70,8.569823795751322,Medium Risk,"Nearest AQI station (埔里) AQI: 70, Indoor facility"
振興里災民收容所里辦公處,南投縣南投市,振興巷29巷18號,23.9095,120.6961,False,南投,77,1.1642034319756984,Warning,"Nearest AQI station (南投) AQI: 77, Outdoor facility"
仁和里災民收容所市區7里聯合辦公處,南投縣南投市,民生街33-3號,23.9101,120.6858,False,南投,77,0.3263517782294418,Warning,"Nearest AQI station (南投) AQI: 77, Outdoor facility"
南投里災民收容所市區七里聯合辦公處,南投縣南投市,民生街33之3號,23.9101,120.6858,False,南投,77,0.3263517782294418,Warning,"Nearest AQI station (南投) AQI: 77, Outdoor facility"
三民里災民收容所南投高中,南投縣南投市,建國路137號,23.9105,120.6809,True,南投,77,0.5271327882567131,Medium Risk,"Nearest AQI station (南投) AQI: 77, Indoor facility"
湳港社區活動中心,彰化縣永靖鄉,湳港村永社路205號,23.910928,120.548393,False,員林,82,5.831097160661195,Warning,"Nearest AQI station (員林) AQI: 82, Outdoor facility"
五福社區活動中心,彰化縣永靖鄉,五福村五福巷99-1號,23.911429,120.541084,True,員林,82,6.0135640125168415,Medium Risk,"Nearest AQI station (員林) AQI: 82, Indoor facility"
溪畔社區活動中心,彰化縣田尾鄉,溪畔巷157號,23.912249,120.536106,False,員林,82,6.13866068576044,Warning,"Nearest AQI station (員林) AQI: 82, Outdoor facility"
福山里災民收容所社區活動中心,南投縣南投市,八卦路521之12號,23.9131,120.6376,True,南投,77,4.849334213014038,Medium Risk,"Nearest AQI station (南投) AQI: 77, Indoor facility"
平和里災民收容所平和國小活動中心,南投縣南投市,育樂路62號,23.9132,120.6912,True,南投,77,0.5995382851055588,Medium Risk,"Nearest AQI station (南投) AQI: 77, Indoor facility"
龍泉里災民收容所康壽國小活動中心,南投縣南投市,南陽路269號,23.9133,120.6863,True,南投,77,0.10640442564875166,Medium Risk,"Nearest AQI station (南投) AQI: 77, Indoor facility"
康壽里災民收容所康壽國小活動中心,南投縣南投市,南陽路269號,23.9133,120.6863,True,南投,77,0.10640442564875166,Medium Risk,"Nearest AQI station (南投) AQI: 77, Indoor facility"
漳和里災民收容所漳和里活動中心,南投縣南投市,文化路532號,23.9134,120.6738,True,南投,77,1.1704305481350268,Medium Risk,"Nearest AQI station (南投) AQI: 77, Indoor facility"
漳和里災民收容所南投國中活動中心,南投縣南投市,祖祠路361號,23.9137,120.6769,True,南投,77,0.8580069439801581,Medium Risk,"Nearest AQI station (南投) AQI: 77, Indoor facility"
港西社區活動中心,彰化縣永靖鄉,福德巷36-1號,23.914104,120.541515,True,員林,82,5.7217153933465905,Medium Risk,"Nearest AQI station (員林) AQI: 82, Indoor facility"
漳興里災民收容所社區活動中心,南投縣南投市,漳興巷51號,23.9146,120.681,True,南投,77,0.4724791147734741,Medium Risk,"Nearest AQI station (南投) AQI: 77, Indoor facility"
大雁村集會所,南投縣魚池鄉,大雁巷2-1號,23.9166,120.9193,False,埔里,70,7.62511290970918,Warning,"Nearest AQI station (埔里) AQI: 70, Outdoor facility"
豐崙國小,彰化縣埤頭鄉,校前路50號,23.9172,120.4602,True,二林,105,5.213753116521495,High Risk,Nearest AQI station (二林) AQI: 105
陸豐國小,彰化縣田尾鄉,民生路3段200號,23.917345,120.505044,True,員林,82,7.689538413829353,Medium Risk,"Nearest AQI station (員林) AQI: 82, Indoor facility"
永南社區活動中心,彰化縣永靖鄉,永西路155號,23.918325,120.542396,True,員林,82,5.254968874857684,Medium Risk,"Nearest AQI station (員林) AQI: 82, Indoor facility"
福興社區活動中心,彰化縣永靖鄉,福興村中肚巷52號,23.918644,120.513506,False,員林,82,6.950107144865155,Warning,"Nearest AQI station (員林) AQI: 82, Outdoor facility"
橋頭國小,彰化縣社頭鄉,員集路三段528號,23.9187,120.579834,False,員林,82,5.060732637247068,Warning,"Nearest AQI station (員林) AQI: 82, Outdoor facility"
沛霖宮,彰化縣田尾鄉,中正路三段271號,23.918704,120.498374,False,員林,82,8.132357032820178,Warning,"Nearest AQI station (員林) AQI: 82, Outdoor facility"
獨鰲社區活動中心,彰化縣永靖鄉,獨鰲路192巷1-9號,23.919024,120.531449,False,員林,82,5.728218987792595,Warning,"Nearest AQI station (員林) AQI: 82, Outdoor facility"
共和國小,南投縣魚池鄉,五馬巷57-1號,23.9192,120.9663,True,埔里,70,5.5223418919254055,Medium Risk,"Nearest AQI station (埔里) AQI: 70, Indoor facility"
池南活動中心,花蓮縣壽豐鄉,池南路2段17號,23.9197,121.506,True,花蓮,38,11.123610512979639,Low Risk,
浮圳社區活動中心,彰化縣永靖鄉,浮圳路409號,23.920049,120.560075,False,員林,82,4.630478172860548,Warning,"Nearest AQI station (員林) AQI: 82, Outdoor facility"
湳雅國小,彰化縣社頭鄉,山腳路三段395號,23.920353,120.601444,False,員林,82,6.0120392033804135,Warning,"Nearest AQI station (員林) AQI: 82, Outdoor facility"
崙美社區活動中心,彰化縣永靖鄉,獨鰲路270巷8-1號,23.920355,120.538616,False,員林,82,5.221555581651778,Warning,"Nearest AQI station (員林) AQI: 82, Outdoor facility"
軍功里災民收容所里活動中心,南投縣南投市,軍功路140巷76號,23.9208,120.7003,True,南投,77,1.753600762817484,Medium Risk,"Nearest AQI station (南投) AQI: 77, Indoor facility"
後寮國小,彰化縣芳苑鄉,芳寮路30號,23.9209,120.3417,True,二林,105,6.923236397751303,High Risk,Nearest AQI station (二林) AQI: 105
陸豐社區活動中心,彰化縣田尾鄉,陸豐路48號,23.920935,120.50099,False,員林,82,7.771615539951196,Warning,"Nearest AQI station (員林) AQI: 82, Outdoor facility"
張厝村集會所,彰化縣社頭鄉,張厝村大圳巷9-6號,23.920935,120.50099,False,員林,82,7.771615539951196,Warning,"Nearest AQI station (員林) AQI: 82, Outdoor facility"
平山里災民收容所平山里辦公處,南投縣南投市,平山二路47巷2號,23.921,120.6749,False,南投,77,1.3820737089474606,Warning,"Nearest AQI station (南投) AQI: 77, Outdoor facility"
甘霖宮,彰化縣永靖鄉,永福路一段12號,23.92112,120.541331,False,員林,82,5.018934511218619,Warning,"Nearest AQI station (員林) AQI: 82, Outdoor facility"
福盛社區活動中心,南投縣中寮鄉,永樂路88-8號,23.9236,120.7318,True,南投,77,4.870694324817013,Medium Risk,"Nearest AQI station (南投) AQI: 77, Indoor facility"
東山里災民收容所觀音寺,南投縣南投市,東山路13號,23.9238,120.7167,False,南投,77,3.4095623784554285,Warning,"Nearest AQI station (南投) AQI: 77, Outdoor facility"
聖興宮,彰化縣永靖鄉,興寧路196號,23.923805,120.569898,False,員林,82,4.256951811130591,Warning,"Nearest AQI station (員林) AQI: 82, Outdoor facility"
竹子社區活動中心,彰化縣永靖鄉,竹中巷41號,23.924464,120.503855,False,員林,82,7.307976800765805,Warning,"Nearest AQI station (員林) AQI: 82, Outdoor facility"
鳳鳴里災民收容所鳳鳴國中禮堂,南投縣南投市,八卦路896號,23.9248,120.6397,True,南投,77,4.8177612038134585,Medium Risk,"Nearest AQI station (南投) AQI: 77, Indoor facility"
四芳社區活動中心,彰化縣永靖鄉,四湳路106-1號,23.925579,120.522486,False,員林,82,5.757493126698442,Warning,"Nearest AQI station (員林) AQI: 82, Outdoor facility"
同安社區活動中心,彰化縣永靖鄉,西畔巷11-1號,23.925671,120.528556,False,員林,82,5.3239106835272825,Warning,"Nearest AQI station (員林) AQI: 82, Outdoor facility"
光雲社區活動中心,彰化縣永靖鄉,意善巷78-1號,23.92713,120.555617,False,員林,82,3.908777430379865,Warning,"Nearest AQI station (員林) AQI: 82, Outdoor facility"
湳墘社區活動中心,彰化縣永靖鄉,忠心路13-1號,23.92828,120.532649,False,員林,82,4.832732559791062,Warning,"Nearest AQI station (員林) AQI: 82, Outdoor facility"
同仁社區活動中心,彰化縣永靖鄉,同仁村東畔路7-1號,23.92828,120.532649,False,員林,82,4.832732559791062,Warning,"Nearest AQI station (員林) AQI: 82, Outdoor facility"
新興里災民收容所新豐國小禮堂,南投縣南投市,彰南路三段221號,23.9294,120.6724,True,南投,77,2.2464106990909647,Medium Risk,"Nearest AQI station (南投) AQI: 77, Indoor facility"
麒麟國小,南投縣埔里鎮,武界路7號,23.9304,120.99,True,埔里,70,4.82847952136483,Medium Risk,"Nearest AQI station (埔里) AQI: 70, Indoor facility"
崙子社區活動中心,彰化縣永靖鄉,九分路192-1號,23.930578,120.566311,False,員林,82,3.4634371454061896,Warning,"Nearest AQI station (員林) AQI: 82, Outdoor facility"
五汴社區活動中心,彰化縣永靖鄉,五汴巷1號,23.9307,120.558809,False,員林,82,3.464032240430113,Warning,"Nearest AQI station (員林) AQI: 82, Outdoor facility"
西勢社區活動中心,彰化縣溪湖鎮,西安路117巷36號,23.931225,120.476644,False,二林,105,6.841998566032163,High Risk,Nearest AQI station (二林) AQI: 105
愛蘭里集會所,南投縣埔里鎮,梅村路110號,23.9314,120.9902,False,埔里,70,4.740001237576938,Warning,"Nearest AQI station (埔里) AQI: 70, Outdoor facility"
和興社區活動中心,南投縣中寮鄉,永樂路143-2號,23.9322,120.7501,True,南投,77,6.923233633445469,Medium Risk,"Nearest AQI station (南投) AQI: 77, Indoor facility"
內興里災民收容所德興國小活動中心,南投縣南投市,中興路200號,23.9325,120.693,True,南投,77,2.305018888721618,Medium Risk,"Nearest AQI station (南投) AQI: 77, Indoor facility"
光華活動中心,花蓮縣吉安鄉,光華二街200號,23.934,121.578,True,花蓮,38,4.701218445887894,Low Risk,
義和村集會所,南投縣中寮鄉,永平路513-12號,23.9349,120.7601,False,南投,77,7.982679370234739,Warning,"Nearest AQI station (南投) AQI: 77, Outdoor facility"
內新里災民收容所內新里集會所,南投縣南投市,南營路283號,23.9357,120.6903,False,南投,77,2.5746573107407467,Warning,"Nearest AQI station (南投) AQI: 77, Outdoor facility"
義和社區活動中心,南投縣中寮鄉,永平路447-12號,23.9359,120.7589,True,南投,77,7.901712529305932,Medium Risk,"Nearest AQI station (南投) AQI: 77, Indoor facility"
港源社區五榖宮,南投縣國姓鄉,南港路26號,23.9366,120.8663,False,埔里,70,10.929522772986383,Warning,"Nearest AQI station (埔里) AQI: 70, Outdoor facility"
龍岩村集會所,南投縣中寮鄉,龍南路154號,23.9376,120.7629,False,南投,77,8.347592972935301,Warning,"Nearest AQI station (南投) AQI: 77, Outdoor facility"
珠格里集會所,南投縣埔里鎮,珠生路36-5號,23.9376,120.9584,False,埔里,70,3.605673446468936,Warning,"Nearest AQI station (埔里) AQI: 70, Outdoor facility"
太平國小,彰化縣埔心鄉,太平路289號,23.938168,120.552667,True,員林,82,2.8158342551841926,Medium Risk,"Nearest AQI station (員林) AQI: 82, Indoor facility"
埔心鄉立幼兒園,彰化縣埔心鄉,太平路336號,23.9385,120.5513,False,員林,82,2.838015628942662,Warning,"Nearest AQI station (員林) AQI: 82, Outdoor facility"
永豐里災民收容所里辦公處,南投縣南投市,中華路190巷50號,23.9385,120.6703,False,南投,77,3.2196529805711545,Warning,"Nearest AQI station (南投) AQI: 77, Outdoor facility"
湳底社區活動中心,彰化縣溪湖鎮,湳底路27-6號,23.940604,120.507252,False,員林,82,6.144889090752603,Warning,"Nearest AQI station (員林) AQI: 82, Outdoor facility"
鳳山里災民收容所鳳山里集會所,南投縣南投市,八卦路1310號,23.9409,120.6379,False,南投,77,5.730671363394886,Warning,"Nearest AQI station (南投) AQI: 77, Outdoor facility"
金龍宮,南投縣埔里鎮,水頭路18號,23.9409,120.9707,False,埔里,70,3.1199816659733193,Warning,"Nearest AQI station (埔里) AQI: 70, Outdoor facility"
媽厝國小,彰化縣溪湖鎮,湳底路67號,23.941071,120.496339,False,員林,82,7.166402032598393,Warning,"Nearest AQI station (員林) AQI: 82, Outdoor facility"
清水社區活動中心,南投縣中寮鄉,瀧林巷2-6號,23.9415,120.7725,True,南投,77,9.411875877718934,Medium Risk,"Nearest AQI station (南投) AQI: 77, Indoor facility"
光明里災民收容所光復國小導師室地下室,南投縣南投市,光明一路67號,23.9416,120.7024,True,南投,77,3.6238275213739453,Medium Risk,"Nearest AQI station (南投) AQI: 77, Indoor facility"
桃米里集會所,南投縣埔里鎮,桃米巷48-1號,23.9424,120.9269,False,埔里,70,5.099540408455601,Warning,"Nearest AQI station (埔里) AQI: 70, Outdoor facility"
營南里災民收容所營南里集會所,南投縣南投市,營盤路113號,23.9438,120.6754,False,南投,77,3.5697311455506733,Warning,"Nearest AQI station (南投) AQI: 77, Outdoor facility"
福興里災民收容所福興里集會所永興宮,南投縣南投市,彰南路三段953號,23.944121,120.665769,False,南投,77,3.9897427404306636,Warning,"Nearest AQI station (南投) AQI: 77, Outdoor facility"
水頭里集會所,南投縣埔里鎮,中正路121號,23.9446,120.9799,False,埔里,70,2.958438396201678,Warning,"Nearest AQI station (埔里) AQI: 70, Outdoor facility"
廣福國小活動中心,南投縣中寮鄉,內城巷3-2號,23.9447,120.7883,True,南投,77,11.045602401159693,Medium Risk,"Nearest AQI station (南投) AQI: 77, Indoor facility"
美港社區活動中心,彰化縣大村鄉,中山路一段118號,23.944818,120.562457,True,員林,82,1.8669453483421354,Medium Risk,"Nearest AQI station (員林) AQI: 82, Indoor facility"
溪南里集會所醒覺堂,南投縣埔里鎮,珠生路59-1號,23.945,120.9567,False,埔里,70,2.885192319011742,Warning,"Nearest AQI station (埔里) AQI: 70, Outdoor facility"
福興里災民收容所三玄宮,南投縣南投市,吉利路126號,23.9467,120.6593,False,南投,77,4.585670157080753,Warning,"Nearest AQI station (南投) AQI: 77, Outdoor facility"
永福社區活動中心,南投縣中寮鄉,永平路400號,23.9471,120.791,True,南投,77,11.391944550577097,Medium Risk,"Nearest AQI station (南投) AQI: 77, Indoor facility"
干城活動中心,花蓮縣吉安鄉,干城一街97巷1號,23.9474,121.545,True,花蓮,38,6.167536074427264,Low Risk,
文蘭活動中心,花蓮縣秀林鄉,6鄰79號,23.9479,121.5068,True,花蓮,38,9.798860263769937,Low Risk,
舊館國小,彰化縣埔心鄉,員鹿路4段201號,23.948035,120.525928,False,員林,82,4.075544127347693,Warning,"Nearest AQI station (員林) AQI: 82, Outdoor facility"
二林工商,彰化縣二林鎮,斗苑路4段500號,23.9482,120.4428,False,二林,105,4.2312680341688225,High Risk,Nearest AQI station (二林) AQI: 105
大庭社區活動中心,彰化縣溪湖鎮,崙仔腳路34-1號,23.949215,120.498582,False,員林,82,6.7079451868989555,Warning,"Nearest AQI station (員林) AQI: 82, Outdoor facility"
光榮里災民收容所省政府青少年活動中心,南投縣南投市,中學路1號,23.9498,120.6962,True,南投,77,4.239124907006298,Medium Risk,"Nearest AQI station (南投) AQI: 77, Indoor facility"
國立暨南大學體育健康中心,南投縣埔里鎮,大學路1號,23.950278,120.93,False,埔里,70,4.369752472033251,Warning,"Nearest AQI station (埔里) AQI: 70, Outdoor facility"
南港國小1甲-6甲與3間專科教室,南投縣國姓鄉,南港路112之8號,23.9504,120.8693,True,埔里,70,10.227092491113366,Medium Risk,"Nearest AQI station (埔里) AQI: 70, Indoor facility"
南港社區活動中心,南投縣國姓鄉,南港路112之11號,23.9508,120.8695,True,埔里,70,10.198325442255836,Medium Risk,"Nearest AQI station (埔里) AQI: 70, Indoor facility"
明聖國小,彰化縣埔心鄉,西安南路178號,23.951445,120.557191,False,員林,82,1.2826514580997164,Warning,"Nearest AQI station (員林) AQI: 82, Outdoor facility"
仁安活動中心,花蓮縣吉安鄉,南海三街71號,23.9517,121.5968,True,花蓮,38,2.2008627739948206,Low Risk,
光華里災民收容所光華國小活動中心,南投縣南投市,光華四路2號,23.9522,120.6908,True,南投,77,4.394460790658461,Medium Risk,"Nearest AQI station (南投) AQI: 77, Indoor facility"
營北里災民收容所營北里辦公處,南投縣南投市,中正路152-7號,23.9524,120.6877,False,南投,77,4.387831393760193,Warning,"Nearest AQI station (南投) AQI: 77, Outdoor facility"
員林市育英國小,彰化縣員林市,光明街31號,23.9526,120.5742,True,員林,82,1.5007089148075092,Medium Risk,"Nearest AQI station (員林) AQI: 82, Indoor facility"
南華活動中心,花蓮縣吉安鄉,南華四街123號,23.9527,121.5513,True,花蓮,38,5.341915587835819,Low Risk,
埔心鄉公所,彰化縣埔心鄉,員鹿路二段344號,23.9531,120.5435,False,員林,82,2.2124872291518596,Warning,"Nearest AQI station (員林) AQI: 82, Outdoor facility"
埔心國小,彰化縣埔心鄉,員鹿路二段254號,23.953935,120.544016,False,員林,82,2.1263199426625583,Warning,"Nearest AQI station (員林) AQI: 82, Outdoor facility"
東溪國小,彰化縣溪湖鎮,員鹿路一段538號,23.953975,120.497939,False,員林,82,6.68431633504237,Warning,"Nearest AQI station (員林) AQI: 82, Outdoor facility"
埔心國中,彰化縣埔心鄉,忠義北路51號,23.95404,120.543018,False,員林,82,2.215158080706022,Warning,"Nearest AQI station (員林) AQI: 82, Outdoor facility"
稻香活動中心,花蓮縣吉安鄉,慶豐路79號,23.9548,121.5757,True,花蓮,38,3.057765770553838,Low Risk,
永興活動中心,花蓮縣吉安鄉,永興七街86號,23.955,121.5683,True,花蓮,38,3.675874458635887,Low Risk,
仁和活動中心,花蓮縣吉安鄉,南海三街314號,23.9563,121.5876,True,花蓮,38,2.076803798499441,Low Risk,
田中社區活動中心,彰化縣溪湖鎮,田中央路275巷42弄113號,23.956799,120.46673,False,二林,105,6.783256832266429,High Risk,Nearest AQI station (二林) AQI: 105
老人文康中心,彰化縣溪湖鎮,德華街17號,23.956882,120.47851,False,二林,105,7.83578736504874,High Risk,Nearest AQI station (二林) AQI: 105
成功里集會所,南投縣埔里鎮,種瓜路87-2號,23.9575,120.8946,False,埔里,70,7.554384564217936,Warning,"Nearest AQI station (埔里) AQI: 70, Outdoor facility"
枇杷里集會所,南投縣埔里鎮,和二街1號,23.9579,120.9766,False,埔里,70,1.5037565806520272,Warning,"Nearest AQI station (埔里) AQI: 70, Outdoor facility"
草湖國中,彰化縣芳苑鄉,彰化縣芳苑鄉草湖村功湖路草湖段140號,23.9583,120.3784,True,二林,105,4.863636971240699,High Risk,Nearest AQI station (二林) AQI: 105
員林市西區體館,彰化縣員林市,雙景街50號,23.9587,120.5642,False,員林,82,0.337841928052296,Warning,"Nearest AQI station (員林) AQI: 82, Outdoor facility"
杷城里集會所,南投縣埔里鎮,民有二街69號,23.9588,120.9699,False,埔里,70,1.1349069115478976,Warning,"Nearest AQI station (埔里) AQI: 70, Outdoor facility"
員林市公所三樓禮堂,彰化縣員林市,三民街18號,23.9591,120.5743,False,員林,82,1.1625646811557104,Warning,"Nearest AQI station (員林) AQI: 82, Outdoor facility"
溪湖鎮公所,彰化縣溪湖鎮,大溪路2段423號,23.95923,120.478529,False,二林,105,7.958320384024035,High Risk,Nearest AQI station (二林) AQI: 105
溪湖國小,彰化縣溪湖鎮,二溪路一段35號,23.95923,120.478529,False,二林,105,7.958320384024035,High Risk,Nearest AQI station (二林) AQI: 105
同聲集會所,南投縣埔里鎮,光華街115號,23.9594,120.9655,False,埔里,70,1.0779209523240891,Warning,"Nearest AQI station (埔里) AQI: 70, Outdoor facility"
湖西國小,彰化縣溪湖鎮,北聖路20號,23.959709,120.467753,False,二林,105,7.043372912569208,High Risk,Nearest AQI station (二林) AQI: 105
南埔社區活動中心,南投縣草屯鎮,青宅巷56號,23.9599,120.6633,True,南投,77,5.674383645960809,Medium Risk,"Nearest AQI station (南投) AQI: 77, Indoor facility"
光輝里災民收容所里集會所,南投縣南投市,府西路79號,23.9601,120.6861,False,南投,77,5.237902682463604,Warning,"Nearest AQI station (南投) AQI: 77, Outdoor facility"
紫微宮,南投縣草屯鎮,草溪路214號,23.9611,120.6689,False,南投,77,5.602346999649693,Warning,"Nearest AQI station (南投) AQI: 77, Outdoor facility"
南埔里集會所,南投縣草屯鎮,中正路305號,23.9611,120.6845,False,南投,77,5.349103219277284,Warning,"Nearest AQI station (南投) AQI: 77, Outdoor facility"
草屯國小禮堂,南投縣草屯鎮,玉屏路210號,23.9629,120.6845,True,南投,77,5.549231455144509,Medium Risk,"Nearest AQI station (南投) AQI: 77, Indoor facility"
河東社區活動中心,彰化縣溪湖鎮,河東路281號,23.962975,120.448106,False,二林,105,5.7391314656467864,High Risk,Nearest AQI station (二林) AQI: 105
薰化里集會所,南投縣埔里鎮,育英街18號2樓,23.9635,120.9623,False,埔里,70,0.8227729433107825,Warning,"Nearest AQI station (埔里) AQI: 70, Outdoor facility"
清新里集會所,南投縣埔里鎮,育英街18號1樓,23.9635,120.9623,False,埔里,70,0.8227729433107825,Warning,"Nearest AQI station (埔里) AQI: 70, Outdoor facility"
南門里集會所,南投縣埔里鎮,南昌街115巷2號,23.9637,120.9669,False,埔里,70,0.5807759460160263,Warning,"Nearest AQI station (埔里) AQI: 70, Outdoor facility"
義民祠,南投縣埔里鎮,南村路8-1號,23.9638,120.9446,False,埔里,70,2.433245539308653,Warning,"Nearest AQI station (埔里) AQI: 70, Outdoor facility"
湖東國小,彰化縣溪湖鎮,大溪路二段423號,23.963927,120.482373,False,員林,82,8.215919278084634,Warning,"Nearest AQI station (員林) AQI: 82, Outdoor facility"
福安宮,彰化縣溪湖鎮,信善街1號,23.96397,120.479389,False,二林,105,8.29660766327512,High Risk,Nearest AQI station (二林) AQI: 105
王功國小,彰化縣芳苑鄉,育嬰巷75號,23.9642,120.342,True,二林,105,8.130148965587479,High Risk,Nearest AQI station (二林) AQI: 105
虎山國小禮堂,南投縣草屯鎮,新生路76號,23.9648,120.6809,True,南投,77,5.777276472359046,Medium Risk,"Nearest AQI station (南投) AQI: 77, Indoor facility"
銅門收容所,花蓮縣秀林鄉,9鄰53號,23.965,121.4944,False,花蓮,38,10.729138246417177,Low Risk,
湖北國小,彰化縣溪湖鎮,地政路201號,23.965221,120.47679,False,二林,105,8.147320750633039,High Risk,Nearest AQI station (二林) AQI: 105
東昌活動中心,花蓮縣吉安鄉,東海六街74號,23.9658,121.5953,True,花蓮,38,0.7622498091450604,Low Risk,
太清宮,南投縣草屯鎮,太平路二段114號,23.9669,120.739,False,南投,77,8.1054488548245,Warning,"Nearest AQI station (南投) AQI: 77, Outdoor facility"
員林市僑信國小,彰化縣員林市,中山路二段280號,23.967,120.5716,True,員林,82,1.0448135571528434,Medium Risk,"Nearest AQI station (員林) AQI: 82, Indoor facility"
泰安里集會所,南投縣埔里鎮,民族二街58號,23.9671,120.9756,False,埔里,70,0.8056990601236412,Warning,"Nearest AQI station (埔里) AQI: 70, Outdoor facility"
平林里集會所,南投縣草屯鎮,健行路65巷31號,23.9673,120.7397,False,南投,77,8.186256804169187,Warning,"Nearest AQI station (南投) AQI: 77, Outdoor facility"
員林市東山國小,彰化縣員林市,山腳路四段212號,23.9678,120.601,True,員林,82,3.903398014942468,Medium Risk,"Nearest AQI station (員林) AQI: 82, Indoor facility"
石川里集會所,南投縣草屯鎮,石川路37-37號,23.968,120.7451,False,南投,77,8.621441297341022,Warning,"Nearest AQI station (南投) AQI: 77, Outdoor facility"
西門里集會所,南投縣埔里鎮,中正路511號,23.9681,120.9643,False,埔里,70,0.37527044868056575,Warning,"Nearest AQI station (埔里) AQI: 70, Outdoor facility"
仁里活動中心,花蓮縣吉安鄉,仁里五街1號,23.9684,121.5925,True,花蓮,38,0.8061635986435182,Low Risk,
御史里舊集會所,南投縣草屯鎮,東山路27號,23.9686,120.6685,False,南投,77,6.4140223898805075,Warning,"Nearest AQI station (南投) AQI: 77, Outdoor facility"
主農社區活動中心,花蓮縣花蓮市,中順街77號,23.9688,121.5968,True,花蓮,38,0.4106710143382475,Low Risk,
福興活動中心,花蓮縣吉安鄉,福德街1號,23.9689,121.5624,True,花蓮,38,3.8062987416971668,Low Risk,
土城國小禮堂,南投縣草屯鎮,中正路189號,23.9691,120.6763,True,南投,77,6.3048228439918,Medium Risk,"Nearest AQI station (南投) AQI: 77, Indoor facility"
坪頂國小禮堂,南投縣草屯鎮,南坪路40-2號,23.9692,120.6657,True,南投,77,6.559121213027341,Medium Risk,"Nearest AQI station (南投) AQI: 77, Indoor facility"
鳳霞國小,彰化縣埔心鄉,五通南路82號,23.969739,120.526197,False,員林,82,3.866301063811407,Warning,"Nearest AQI station (員林) AQI: 82, Outdoor facility"
敦和國小禮堂,南投縣草屯鎮,敦和路72-6號,23.9698,120.668,True,南投,77,6.556181239300165,Medium Risk,"Nearest AQI station (南投) AQI: 77, Indoor facility"
南昌活動中心,花蓮縣吉安鄉,文化七街64號,23.9704,121.5797,True,花蓮,38,2.0415901019828535,Low Risk,
梧鳳國小,彰化縣埔心鄉,大溪路三段175號,23.970465,120.512005,False,員林,82,5.293463411090912,Warning,"Nearest AQI station (員林) AQI: 82, Outdoor facility"
慈恩社區活動中心,南投縣埔里鎮,九成街46號,23.9712,120.9598,True,埔里,70,0.8640502597138207,Medium Risk,"Nearest AQI station (埔里) AQI: 70, Indoor facility"
中正國小,花蓮縣花蓮市,中正路210號,23.9717,121.5997,True,花蓮,38,0.04436818645708483,Low Risk,
中原國小文中三國中預定地,花蓮縣花蓮市,中原路531號,23.9718,121.5964,True,花蓮,38,0.3466834651735892,Low Risk,
石川社區活動中心,南投縣草屯鎮,石川路46-10號,23.9719,120.6606,True,南投,77,7.014163698672517,Medium Risk,"Nearest AQI station (南投) AQI: 77, Indoor facility"
加老里集會所,南投縣草屯鎮,加老路268號,23.972,120.6837,False,南投,77,6.562530572309622,Warning,"Nearest AQI station (南投) AQI: 77, Outdoor facility"
大城社區活動中心,南投縣埔里鎮,大城路18號,23.9721,120.9589,True,埔里,70,0.9838737789074823,Medium Risk,"Nearest AQI station (埔里) AQI: 70, Indoor facility"
中竹社區活動中心,彰化縣溪湖鎮,竹福路181號,23.973162,120.504958,False,員林,82,6.054924062984667,Warning,"Nearest AQI station (員林) AQI: 82, Outdoor facility"
新興社區活動中心,彰化縣大村鄉,新興巷6-3號,23.973249,120.537435,True,員林,82,2.9201347627953527,Medium Risk,"Nearest AQI station (員林) AQI: 82, Indoor facility"
虎山社區活動中心,南投縣埔里鎮,虎耳一街40號,23.9734,120.9777,True,埔里,70,1.1170186852071655,Medium Risk,"Nearest AQI station (埔里) AQI: 70, Indoor facility"
吉安國小,花蓮縣吉安鄉,吉安路二段97號,23.9734,121.5628,True,花蓮,38,3.763387181354538,Low Risk,
花蓮城隍廟香客大樓,花蓮縣花蓮市,成功街169號,23.9734,121.6058,False,花蓮,38,0.6555172888519022,Low Risk,
恆吉活動中心,南投縣埔里鎮,大城路259號,23.9736,120.9498,True,埔里,70,1.9139209058960815,Medium Risk,"Nearest AQI station (埔里) AQI: 70, Indoor facility"
吉安活動中心,花蓮縣吉安鄉,中興路355巷7號,23.9736,121.5643,True,花蓮,38,3.6127855841668537,Low Risk,
通天宮,彰化縣溪湖鎮,員鹿路269-1號,23.973695,120.47264,False,二林,105,8.371296404785976,High Risk,Nearest AQI station (二林) AQI: 105
五穀宮,花蓮縣吉安鄉,中山路三段99巷18號,23.974,121.5742,False,花蓮,38,2.6151059272450303,Low Risk,
雙冬社區活動中心,南投縣草屯鎮,中正路83-1號,23.9749,120.7039,True,南投,77,7.137641271341708,Medium Risk,"Nearest AQI station (南投) AQI: 77, Indoor facility"
勝安活動中心,花蓮縣吉安鄉,慈惠一街30號,23.9754,121.5869,True,花蓮,38,1.3845057953504014,Low Risk,
宜昌活動中心,花蓮縣吉安鄉,吉祥六街52巷9號,23.9756,121.5832,True,花蓮,38,1.7498549073185208,Low Risk,
忠孝國小,花蓮縣花蓮市,中華路298號,23.9756,121.5986,True,花蓮,38,0.49202204238165625,Low Risk,
主權社區活動中心,花蓮縣花蓮市,中原路666號,23.9757,121.5938,True,花蓮,38,0.7787946148497014,Low Risk,
蜈蚣里集會所,南投縣埔里鎮,蜈蚣路36號,23.9767,120.9897,False,埔里,70,2.380780615303717,Warning,"Nearest AQI station (埔里) AQI: 70, Outdoor facility"
南村里集會所,南投縣埔里鎮,中山路四段373號,23.976883,120.919707,False,埔里,70,4.977818971972495,Warning,"Nearest AQI station (埔里) AQI: 70, Outdoor facility"
碧洲社區活動中心,南投縣草屯鎮,立人路763巷59號,23.9773,120.6864,True,南投,77,7.150698118817063,Medium Risk,"Nearest AQI station (南投) AQI: 77, Indoor facility"
勝安宮,花蓮縣吉安鄉,慈惠三街118號,23.9777,121.5867,False,花蓮,38,1.5061984574802008,Low Risk,
敦和里集會所,南投縣草屯鎮,仁愛街156號,23.9778,120.7005,False,南投,77,7.369018822401747,Warning,"Nearest AQI station (南投) AQI: 77, Outdoor facility"
聖地慈惠堂,花蓮縣吉安鄉,慈惠三街136號,23.978,121.586,False,花蓮,38,1.5846478799549009,Low Risk,
中正體育館,花蓮縣花蓮市,公園路53號,23.978,121.6142,False,花蓮,38,1.6443298696485709,Low Risk,
國風國中,花蓮縣花蓮市,林政街7號,23.9785,121.5954,True,花蓮,38,0.9148454985209676,Low Risk,
新寶國小,彰化縣芳苑鄉,芳漢路129巷100號,23.978617,120.35004,True,二林,105,8.485903620034664,High Risk,Nearest AQI station (二林) AQI: 105
山腳社區活動中心,南投縣草屯鎮,信洋街40號,23.9788,120.7257,True,南投,77,8.38952513167509,Medium Risk,"Nearest AQI station (南投) AQI: 77, Indoor facility"
碧峰里集會所,南投縣草屯鎮,碧峰路135巷6號,23.9789,120.7177,False,南投,77,8.033257215212993,Warning,"Nearest AQI station (南投) AQI: 77, Outdoor facility"
明義國小,花蓮縣花蓮市,明義街107號,23.979,121.6029,True,花蓮,38,0.9127618415430226,Low Risk,
房里里集會所,南投縣埔里鎮,房里路7-1號,23.9791,120.9493,False,埔里,70,2.2076119624375514,Warning,"Nearest AQI station (埔里) AQI: 70, Outdoor facility"
南埔將軍廟文教中心,南投縣草屯鎮,中正路288-41號,23.9797,120.6982,False,南投,77,7.531563610452303,Warning,"Nearest AQI station (南投) AQI: 77, Outdoor facility"
大園國小,彰化縣埔鹽鄉,彰化縣埔鹽鄉豐澤村埔打路45之1號,23.9798,120.4882,True,員林,82,7.883607992166448,Medium Risk,"Nearest AQI station (員林) AQI: 82, Indoor facility"
旭光高中禮堂,南投縣草屯鎮,中正路568-23號,23.9799,120.6866,True,南投,77,7.4401028028161,Medium Risk,"Nearest AQI station (南投) AQI: 77, Indoor facility"
富寮里集會所,南投縣草屯鎮,富頂路一段267號,23.9801,120.6947,False,南投,77,7.522005328115486,Warning,"Nearest AQI station (南投) AQI: 77, Outdoor facility"
平林國小禮堂,南投縣草屯鎮,健行路65巷90號,23.9801,120.721,True,南投,77,8.296199715920345,Medium Risk,"Nearest AQI station (南投) AQI: 77, Indoor facility"
新庄里集會所,南投縣草屯鎮,芬草路二段342號,23.9803,120.6806,False,南投,77,7.498684409859914,Warning,"Nearest AQI station (南投) AQI: 77, Outdoor facility"
上林老人活動中心,南投縣草屯鎮,草溪路599巷2弄8號,23.9804,120.6799,True,南投,77,7.514646777761721,Medium Risk,"Nearest AQI station (南投) AQI: 77, Indoor facility"
北山國中,南投縣國姓鄉,中正路4段157號,23.9805,120.8736,True,埔里,70,9.668630590965382,Medium Risk,"Nearest AQI station (埔里) AQI: 70, Indoor facility"
北山國小1甲-6甲與6間專科教室,南投縣國姓鄉,中正路4段19之1號,23.9808,120.8939,True,埔里,70,7.63548249878818,Medium Risk,"Nearest AQI station (埔里) AQI: 70, Indoor facility"
籃城社區活動中心,南投縣埔里鎮,籃城路21號,23.981,120.9567,True,埔里,70,1.7672709424500008,Medium Risk,"Nearest AQI station (埔里) AQI: 70, Indoor facility"
加興宮,南投縣草屯鎮,加老南路282-1號,23.9813,120.6872,False,南投,77,7.597052092338438,Warning,"Nearest AQI station (南投) AQI: 77, Outdoor facility"
龍泉宮,南投縣草屯鎮,玉屏巷24-2號,23.9815,120.7911,False,南投,77,13.175854254841106,Warning,"Nearest AQI station (南投) AQI: 77, Outdoor facility"
碧峰國小禮堂,南投縣草屯鎮,立人路439號,23.9817,120.6775,True,南投,77,7.6801689984511645,Medium Risk,"Nearest AQI station (南投) AQI: 77, Indoor facility"
南天宮,南投縣國姓鄉,中正路4段160-1號,23.9817,120.8724,False,埔里,70,9.807981609668397,Warning,"Nearest AQI station (埔里) AQI: 70, Outdoor facility"
嘉長宮,南投縣草屯鎮,加老東路68號,23.9818,120.7911,False,南投,77,13.195156397758696,Warning,"Nearest AQI station (南投) AQI: 77, Outdoor facility"
花蓮市公所,花蓮縣花蓮市,林森路252號,23.9821,121.6068,False,花蓮,38,1.39673430252803,Low Risk,
慶豐活動中心,花蓮縣吉安鄉,慶北一街237號,23.9825,121.5632,True,花蓮,38,3.9183605986197487,Low Risk,
敦和宮,南投縣草屯鎮,敦和路74號,23.9835,120.664,False,南投,77,8.132752881842682,Warning,"Nearest AQI station (南投) AQI: 77, Outdoor facility"
國立花蓮農業職業學校,花蓮縣花蓮市,建國路161號,23.9836,121.599,False,花蓮,38,1.3692612898960237,Low Risk,
中原國小禮堂,南投縣草屯鎮,坪腳巷20號,23.984,120.7428,True,南投,77,9.8216731680394,Medium Risk,"Nearest AQI station (南投) AQI: 77, Indoor facility"
大西國小,彰化縣大村鄉,大崙路10號之1,23.9841,120.5261,True,員林,82,4.523629495907897,Medium Risk,"Nearest AQI station (員林) AQI: 82, Indoor facility"
永和宮,南投縣草屯鎮,中和路57-1號,23.9841,120.6638,False,南投,77,8.202471824058794,Warning,"Nearest AQI station (南投) AQI: 77, Outdoor facility"
永安宮,南投縣草屯鎮,玉屏路129號,23.9847,120.7951,False,南投,77,13.713238716976191,Warning,"Nearest AQI station (南投) AQI: 77, Outdoor facility"
天盛國小,彰化縣埔鹽鄉,彰化縣埔鹽鄉天盛村番金路68之1號,23.985,120.4288,True,二林,105,6.930934160538578,High Risk,Nearest AQI station (二林) AQI: 105
坪頂社區活動中心,南投縣草屯鎮,南坪路29號,23.9852,120.7206,True,南投,77,8.793017144740118,Medium Risk,"Nearest AQI station (南投) AQI: 77, Indoor facility"
擺塘社區活動中心,彰化縣大村鄉,擺塘橫巷1-1號,23.985318,120.559998,True,員林,82,2.657785547244153,Medium Risk,"Nearest AQI station (員林) AQI: 82, Indoor facility"
埔鹽鄉立幼兒園,彰化縣埔鹽鄉,彰化縣埔鹽鄉新水村6鄰大新路1巷12-80巷32號,23.9858,120.4423,False,二林,105,7.513278612989603,High Risk,Nearest AQI station (二林) AQI: 105
新水國小,彰化縣埔鹽鄉,彰化縣埔鹽鄉新水村大新路15號,23.9858,120.4453,True,二林,105,7.652774549831779,High Risk,Nearest AQI station (二林) AQI: 105
花蓮高商,花蓮縣花蓮市,中山路418號,23.9865,121.6025,False,花蓮,38,1.7121280686282314,Low Risk,
北昌活動中心,花蓮縣吉安鄉,南華四街123號,23.987,121.5947,True,花蓮,38,1.819498785712501,Low Risk,
守成社區活動中心,南投縣埔里鎮,守城二巷1號,23.9872,120.9863,True,埔里,70,2.7677730874325412,Medium Risk,"Nearest AQI station (埔里) AQI: 70, Indoor facility"
草屯國中禮堂,南投縣草屯鎮,虎山路808號,23.9876,120.7183,True,南投,77,8.947131121047883,Medium Risk,"Nearest AQI station (南投) AQI: 77, Indoor facility"
富功國小禮堂,南投縣草屯鎮,中正路567號,23.9877,120.6624,True,南投,77,8.6262550766606,Medium Risk,"Nearest AQI station (南投) AQI: 77, Indoor facility"
中原里集會所,南投縣草屯鎮,中和路57號,23.9879,120.7183,False,南投,77,8.978065967189812,Warning,"Nearest AQI station (南投) AQI: 77, Outdoor facility"
南港國小,彰化縣埔鹽鄉,彰化縣埔鹽鄉南港村埔菜路29之2號,23.988,120.4958,True,員林,82,7.449861253682213,Medium Risk,"Nearest AQI station (員林) AQI: 82, Indoor facility"
貢旗社區活動中心,彰化縣大村鄉,大崙路2-1號,23.988147,120.538159,True,員林,82,3.8967560576717317,Medium Risk,"Nearest AQI station (員林) AQI: 82, Indoor facility"
大村國中,彰化縣大村鄉,中山路2段240號,23.9882,120.5655,True,員林,82,2.967697375391117,Medium Risk,"Nearest AQI station (員林) AQI: 82, Indoor facility"
村上社區活動中心,彰化縣大村鄉,中正東路98巷2號,23.988403,120.566488,True,員林,82,2.999750725884008,Medium Risk,"Nearest AQI station (員林) AQI: 82, Indoor facility"
加錫社區活動中心,彰化縣大村鄉,加錫二巷16-3號,23.988689,120.524909,True,員林,82,4.919719743374302,Medium Risk,"Nearest AQI station (員林) AQI: 82, Indoor facility"
向善里集會所,南投縣埔里鎮,向善路75號,23.9887,120.9253,False,埔里,70,4.859089505840364,Warning,"Nearest AQI station (埔里) AQI: 70, Outdoor facility"
南美崙營區,花蓮縣花蓮市,新興路80號,23.9887,121.6157,False,花蓮,38,2.5220102901406403,Low Risk,
村上國小,彰化縣大村鄉,中山路2段242號,23.9889,120.5648,True,員林,82,3.040640103228114,Medium Risk,"Nearest AQI station (員林) AQI: 82, Indoor facility"
永安活動中心,花蓮縣吉安鄉,太昌路488號,23.989,121.5731,True,花蓮,38,3.3484874337597303,Low Risk,
北投里新集會所,南投縣草屯鎮,北投路185號,23.9892,120.6913,False,南投,77,8.4949191094253,Warning,"Nearest AQI station (南投) AQI: 77, Outdoor facility"
大石社區活動中心,南投縣國姓鄉,中正路3段235之3號,23.9893,120.8616,True,埔里,70,11.037157779823334,Medium Risk,"Nearest AQI station (埔里) AQI: 70, Indoor facility"
新豐里集會所,南投縣草屯鎮,稻香路56號,23.9909,120.6894,False,南投,77,8.672069763929018,Warning,"Nearest AQI station (南投) AQI: 77, Outdoor facility"
忠孝國小,南投縣埔里鎮,守城路28號,23.991,120.9798,True,埔里,70,2.7443687851902046,Medium Risk,"Nearest AQI station (埔里) AQI: 70, Indoor facility"
御史里新集會所,南投縣草屯鎮,登輝路163號,23.9911,120.7643,False,南投,77,11.82604828901504,Warning,"Nearest AQI station (南投) AQI: 77, Outdoor facility"
中華國小,花蓮縣花蓮市,國盛二街22號,23.992,121.607,True,花蓮,38,2.4154939500967023,Low Risk,
雙冬國小禮堂,南投縣草屯鎮,中正路34-7號,23.9922,120.6722,True,南投,77,8.906773637056958,Medium Risk,"Nearest AQI station (南投) AQI: 77, Indoor facility"
鎮立幼兒園,南投縣草屯鎮,復興路475號,23.9923,120.7624,False,南投,77,11.795241190597038,Warning,"Nearest AQI station (南投) AQI: 77, Outdoor facility"
埔鹽國小,彰化縣埔鹽鄉,彰化縣埔鹽鄉埔南村彰水路一段252號,23.9927,120.4766,True,員林,82,9.45294177728112,Medium Risk,"Nearest AQI station (員林) AQI: 82, Indoor facility"
坪頂里集會所,南投縣草屯鎮,南坪路40-1號,23.9927,120.7423,False,南投,77,10.58690520628845,Warning,"Nearest AQI station (南投) AQI: 77, Outdoor facility"
過溝社區活動中心,彰化縣大村鄉,過溝三巷36-2號,23.992766,120.554649,True,員林,82,3.573069418313149,Medium Risk,"Nearest AQI station (員林) AQI: 82, Indoor facility"
鑄強國小,花蓮縣花蓮市,永興路20號,23.9928,121.6255,True,花蓮,38,3.542040577638872,Low Risk,
村東國小,彰化縣大村鄉,山腳路102號之1,23.9934,120.5856,True,員林,82,4.20617939450495,Medium Risk,"Nearest AQI station (員林) AQI: 82, Indoor facility"
大村鄉公所,彰化縣大村鄉,中正西路338號,23.9935,120.5472,False,員林,82,3.9019730555304797,Warning,"Nearest AQI station (員林) AQI: 82, Outdoor facility"
太昌活動中心,花蓮縣吉安鄉,太昌路488號,23.9936,121.5639,True,花蓮,38,4.407380998991915,Low Risk,
大村國小,彰化縣大村鄉,中正西路381號,23.9937,120.5454,True,員林,82,4.001411967635084,Medium Risk,"Nearest AQI station (員林) AQI: 82, Indoor facility"
集仙宮,南投縣草屯鎮,史館路集仙巷17弄16號,23.9938,120.6496,False,員林,82,9.481539134596915,Warning,"Nearest AQI station (員林) AQI: 82, Outdoor facility"
老人文康中心,彰化縣埔鹽鄉,彰化縣埔鹽鄉埔南村6鄰彰水路1段340巷32號,23.9946,120.4783,False,員林,82,9.373045015072204,Warning,"Nearest AQI station (員林) AQI: 82, Outdoor facility"
大橋社區活動中心,彰化縣大村鄉,中山路三段193巷69號,23.994646,120.560413,False,員林,82,3.6859676408074913,Warning,"Nearest AQI station (員林) AQI: 82, Outdoor facility"
明廉國小,花蓮縣花蓮市,中山路903號,23.995,121.5947,True,花蓮,38,2.68451176800343,Low Risk,
紫雲宮,南投縣草屯鎮,中正路83號,23.9951,120.6679,False,南投,77,9.298873209479993,Warning,"Nearest AQI station (南投) AQI: 77, Outdoor facility"
新庄國小禮堂,南投縣草屯鎮,新庄三路32號,23.9957,120.7173,True,南投,77,9.753620566087697,Medium Risk,"Nearest AQI station (南投) AQI: 77, Indoor facility"
朝陽宮,南投縣草屯鎮,史館路239號,23.9958,120.7173,False,南投,77,9.764104429128292,Warning,"Nearest AQI station (南投) AQI: 77, Outdoor facility"
田洋社區活動中心,彰化縣大村鄉,田洋巷11號,23.996098,120.533553,False,員林,82,4.877060263100225,Warning,"Nearest AQI station (員林) AQI: 82, Outdoor facility"
"慈濟大學附設國民中學,小學",花蓮縣花蓮市,介仁街176號,23.997,121.5746,False,花蓮,38,3.834195561755552,Low Risk,
美崙國中,花蓮縣花蓮市,化道路40巷1號,23.9978,121.6277,True,花蓮,38,4.0903514237526375,Low Risk,
自強國中,花蓮縣花蓮市,裕祥路89號,23.9979,121.5991,True,花蓮,38,2.9578988420841514,Low Risk,
碧洲里集會所,南投縣草屯鎮,碧峰路669巷21號,23.9984,120.6568,False,南投,77,9.92802424872523,Warning,"Nearest AQI station (南投) AQI: 77, Outdoor facility"
大村村社區活動中心,彰化縣大村鄉,茄苳路一段203號,23.99852,120.544791,False,員林,82,4.51138836906909,Warning,"Nearest AQI station (員林) AQI: 82, Outdoor facility"
花蓮高工,花蓮縣花蓮市,府前路27號,23.9987,121.6199,False,花蓮,38,3.6689668805105233,Low Risk,
慈濟大學人文社會學院,花蓮縣花蓮市,介仁街67號,23.9997,121.5734,False,花蓮,38,4.140638909275377,Low Risk,
富寮社區活動中心,南投縣草屯鎮,富頂路一段103號,23.9999,120.6757,True,南投,77,9.71201707944209,Medium Risk,"Nearest AQI station (南投) AQI: 77, Indoor facility"
永樂福利園區,彰化縣埔鹽鄉,彰化縣埔鹽鄉永樂村永樂路435號,24.0004,120.4345,False,二林,105,8.737357955351289,High Risk,Nearest AQI station (二林) AQI: 105
私立四維高級中學,花蓮縣花蓮市,中山路1段200號,24.0004,121.5916,False,花蓮,38,3.339859072624963,Low Risk,
永樂國小,彰化縣埔鹽鄉,彰化縣埔鹽鄉永樂村永樂路600號,24.0005,120.4313,True,二林,105,8.659759515681564,High Risk,Nearest AQI station (二林) AQI: 105
埔鹽鄉公所,彰化縣埔鹽鄉,彰化縣埔鹽鄉好修村中正路192號,24.0005,120.4637,False,二林,105,10.015628155993909,High Risk,Nearest AQI station (二林) AQI: 105
復興里集會所,南投縣草屯鎮,復興路432-1號,24.0007,120.6665,False,南投,77,9.937271535217926,Warning,"Nearest AQI station (南投) AQI: 77, Outdoor facility"
大葉大學,彰化縣大村鄉,學府路168號,24.0012,120.5963,False,員林,82,5.5417139163764055,Warning,"Nearest AQI station (員林) AQI: 82, Outdoor facility"
北勢里集會所,南投縣草屯鎮,玉屏路129-1號,24.0012,120.6564,False,南投,77,10.23780520136262,Warning,"Nearest AQI station (南投) AQI: 77, Outdoor facility"
聯合里辦公處,南投縣草屯鎮,炎峰街青年巷1號,24.0013,120.6501,False,員林,82,9.872085118408158,Warning,"Nearest AQI station (員林) AQI: 82, Outdoor facility"
行政院國軍退除役官兵輔導委員會花,花蓮縣花蓮市,府前路29號,24.0017,121.6182,False,花蓮,38,3.8636964761936534,Low Risk,
民孝社區活動中心,花蓮縣花蓮市,林園一街16號,24.0022,121.631,True,花蓮,38,4.676300210336972,Low Risk,
衛生福利部東區老人之家養護院區,花蓮縣新城鄉,嘉南路2巷13號,24.0035,121.6142,False,花蓮,38,3.868383459923689,Low Risk,
水源收容所,花蓮縣秀林鄉,107號,24.0038,121.554,False,花蓮,38,5.8885526193625966,Low Risk,
大陳二村活動中心,花蓮縣花蓮市,民光483-1號,24.0039,121.6168,True,花蓮,38,4.016100396704509,Low Risk,
花蓮縣立體育場,花蓮縣花蓮市,達固湖灣大路23號,24.004,121.582,False,花蓮,38,4.058921928976553,Low Risk,
育民國小,彰化縣秀水鄉,民生街262號,24.004341,120.505354,True,員林,82,7.5576219400582,Medium Risk,"Nearest AQI station (員林) AQI: 82, Indoor facility"
嘉新社區活動中心,花蓮縣新城鄉,6鄰嘉南一街43巷5號,24.0055,121.6123,True,花蓮,38,4.009655232879887,Low Risk,
昭德堂,南投縣埔里鎮,西安路二段397號,24.0056,120.9571,False,埔里,70,4.232084871900489,Warning,"Nearest AQI station (埔里) AQI: 70, Outdoor facility"
漢寶活動中心,彰化縣芳苑鄉,成功一路45號,24.0058,120.3688,True,二林,105,9.879467049544605,High Risk,Nearest AQI station (二林) AQI: 105
下崙惠來社區活動中心,彰化縣秀水鄉,民生街206號天慈宮,24.006258,120.502367,True,彰化,87,7.741974506613363,Medium Risk,"Nearest AQI station (彰化) AQI: 87, Indoor facility"
史港里集會所,南投縣埔里鎮,宣安路27號,24.0067,120.9575,False,埔里,70,4.3402557606005985,Warning,"Nearest AQI station (埔里) AQI: 70, Outdoor facility"
史港國小,南投縣埔里鎮,獅子路9號,24.0067,120.9575,True,埔里,70,4.3402557606005985,Medium Risk,"Nearest AQI station (埔里) AQI: 70, Indoor facility"
陝西社區活動中心,彰化縣秀水鄉,埔南巷92號,24.006705,120.517821,True,員林,82,6.812131348586531,Medium Risk,"Nearest AQI station (員林) AQI: 82, Indoor facility"
陝西社區活動中心,彰化縣秀水鄉,埔南巷92號,24.006705,120.517821,True,員林,82,6.812131348586531,Medium Risk,"Nearest AQI station (員林) AQI: 82, Indoor facility"
帝君廟活動中心,南投縣埔里鎮,永興路29號,24.0068,120.9321,True,埔里,70,5.571746540433676,Medium Risk,"Nearest AQI station (埔里) AQI: 70, Indoor facility"
好修國小,彰化縣埔鹽鄉,彰化縣埔鹽鄉好修村員鹿路二段149號,24.0072,120.4596,True,二林,105,10.43763620061501,High Risk,Nearest AQI station (二林) AQI: 105
利河伯社福基金會附設私立基督仁愛之家,南投縣埔里鎮,福興路146巷48號,24.0074,120.9756,False,埔里,70,4.35817633615723,Warning,"Nearest AQI station (埔里) AQI: 70, Outdoor facility"
福興里集會所,南投縣埔里鎮,福興路54-4號,24.0074,120.9756,False,埔里,70,4.35817633615723,Warning,"Nearest AQI station (埔里) AQI: 70, Outdoor facility"
花蓮港天宮,花蓮縣花蓮市,中山路1段500巷15號,24.0076,121.5872,False,花蓮,38,4.232892287944348,Low Risk,
茄苳社區活動中心,彰化縣大村鄉,茄苳路二段141巷31號,24.00841,120.538835,True,員林,82,5.763731585419751,Medium Risk,"Nearest AQI station (員林) AQI: 82, Indoor facility"
三和社區活動中心,彰化縣福興鄉,南興街78號,24.00954,120.406752,False,二林,105,9.385589776677966,High Risk,Nearest AQI station (二林) AQI: 105
柑林社區活動中心,南投縣國姓鄉,中正路3段235之1號,24.0097,120.8488,True,埔里,70,12.924512600483473,Medium Risk,"Nearest AQI station (埔里) AQI: 70, Indoor facility"
福龜社區北玄宮,南投縣國姓鄉,富久巷21之3號,24.0098,120.8169,False,埔里,70,16.002179306521125,Warning,"Nearest AQI station (埔里) AQI: 70, Outdoor facility"
長春社區活動中心,彰化縣花壇鄉,彰員路1段172巷45號,24.010247,120.575939,True,員林,82,5.562812308392936,Medium Risk,"Nearest AQI station (員林) AQI: 82, Indoor facility"
國福社區活動中心,花蓮縣花蓮市,沙基拉雅街111號,24.0104,121.5819,True,花蓮,38,4.710855928896301,Low Risk,
福龜國小1甲-6甲與2間專科教室,南投縣國姓鄉,長壽巷83號,24.0114,120.823,True,埔里,70,15.462548185030416,Medium Risk,"Nearest AQI station (埔里) AQI: 70, Indoor facility"
陜西國小,彰化縣秀水鄉,番花路261號,24.011726,120.517437,True,彰化,87,6.511670779469213,Medium Risk,"Nearest AQI station (彰化) AQI: 87, Indoor facility"
芬園國小,彰化縣芬園鄉,彰南路4段27巷28號,24.012375,120.628002,True,員林,82,8.67399870596643,Medium Risk,"Nearest AQI station (員林) AQI: 82, Indoor facility"
芬園鄉公所,彰化縣芬園鄉,芬草路二段300號,24.013628,120.628926,False,員林,82,8.836042700930598,Warning,"Nearest AQI station (員林) AQI: 82, Outdoor facility"
茄荖國小,彰化縣芬園鄉,嘉北街96號,24.014864,120.643044,True,員林,82,10.044814379005409,Medium Risk,"Nearest AQI station (員林) AQI: 82, Indoor facility"
玉陵宮廣場,彰化縣秀水鄉,番花路450巷46號,24.0149,120.505552,True,彰化,87,6.754710025894973,Medium Risk,"Nearest AQI station (彰化) AQI: 87, Indoor facility"
華南國小活動中心,彰化縣花壇鄉,中橋街226號,24.016243,120.551257,True,彰化,87,5.620404876690239,Medium Risk,"Nearest AQI station (彰化) AQI: 87, Indoor facility"
花壇鄉公所,彰化縣花壇鄉,彰化縣花壇鄉南口村中山路二段182號,24.0163,120.5664,False,彰化,87,6.076585322380305,Warning,"Nearest AQI station (彰化) AQI: 87, Outdoor facility"
三春國小,彰化縣花壇鄉,三芬路47號,24.016307,120.566415,True,彰化,87,6.076511007243405,Medium Risk,"Nearest AQI station (彰化) AQI: 87, Indoor facility"
楓灣宮廣場,彰化縣花壇鄉,楓?巷128號,24.016991,120.562948,False,彰化,87,5.867962698542194,Warning,"Nearest AQI station (彰化) AQI: 87, Outdoor facility"
"育樂國小1甲-6甲與2間專科教室,圖書室,禮堂",南投縣國姓鄉,中正路2段85號,24.0173,120.8459,True,埔里,70,13.514550258991687,Medium Risk,"Nearest AQI station (埔里) AQI: 70, Indoor facility"
三汴社區活動中心,彰化縣福興鄉,彰水路346巷47號,24.018321,120.485889,False,彰化,87,7.747278607530097,Warning,"Nearest AQI station (彰化) AQI: 87, Outdoor facility"
金興上興宮社區活動中心,彰化縣秀水鄉,新興街125號,24.018535,120.517401,True,彰化,87,5.818433561289078,Medium Risk,"Nearest AQI station (彰化) AQI: 87, Indoor facility"
李家宗祠,彰化縣花壇鄉,隴西二巷62號,24.019029,120.564167,False,彰化,87,5.7068752129766835,Warning,"Nearest AQI station (彰化) AQI: 87, Outdoor facility"
曾厝社區活動中心,彰化縣秀水鄉,大厝巷臨66號,24.020649,120.509332,True,彰化,87,6.009407053410511,Medium Risk,"Nearest AQI station (彰化) AQI: 87, Indoor facility"
佳林社區活動中心,花蓮縣新城鄉,民有2街29號,24.0211,121.6023,True,花蓮,38,5.542806602914534,Low Risk,
穀豐宮,南投縣國姓鄉,長壽巷34-1號,24.0222,120.8269,False,埔里,70,15.503989067447133,Warning,"Nearest AQI station (埔里) AQI: 70, Outdoor facility"
花壇村活動中心,彰化縣花壇鄉,彰化縣花壇鄉花壇村平和街76號,24.0228,120.5281,True,彰化,87,4.9931549419424845,Medium Risk,"Nearest AQI station (彰化) AQI: 87, Indoor facility"
橋頭社區活動中心,彰化縣花壇鄉,花橋街117-1號,24.023454,120.549491,True,彰化,87,4.79966066719123,Medium Risk,"Nearest AQI station (彰化) AQI: 87, Indoor facility"
長沙社區活動中心,彰化縣花壇鄉,彰員路2段286-1號,24.024199,120.554321,True,彰化,87,4.826430574709597,Medium Risk,"Nearest AQI station (彰化) AQI: 87, Indoor facility"
國軍805醫院,花蓮縣新城鄉,嘉里路163號,24.0244,121.6074,False,花蓮,38,5.954457686647669,Low Risk,
受鎮宮,南投縣埔里鎮,西安路三段88號,24.025,120.9498,False,埔里,70,6.509640664582883,Warning,"Nearest AQI station (埔里) AQI: 70, Outdoor facility"
廣成里社區活動中心,南投縣埔里鎮,西安路3段88號,24.025,120.9498,True,埔里,70,6.509640664582883,Medium Risk,"Nearest AQI station (埔里) AQI: 70, Indoor facility"
永豐國小,彰化縣福興鄉,80號,24.025656,120.452946,False,彰化,87,10.050866971576237,Warning,"Nearest AQI station (彰化) AQI: 87, Outdoor facility"
花壇國小,彰化縣花壇鄉,學前路108號,24.02619,120.543046,True,彰化,87,4.429384946709655,Medium Risk,"Nearest AQI station (彰化) AQI: 87, Indoor facility"
明正國小,彰化縣秀水鄉,彰水路二段341號,24.026497,120.493159,True,彰化,87,6.5885899685784395,Medium Risk,"Nearest AQI station (彰化) AQI: 87, Indoor facility"
富山國小,彰化縣芬園鄉,大埔路6號,24.027045,120.619987,True,彰化,87,9.069295406542722,Medium Risk,"Nearest AQI station (彰化) AQI: 87, Indoor facility"
七星潭社區活動中心,花蓮縣新城鄉,明潭街27號,24.0271,121.6298,True,花蓮,38,6.913464891747631,Low Risk,
基督教芥菜種會,花蓮縣新城鄉,北埔路13號,24.0275,121.6062,False,花蓮,38,6.282544553066282,Low Risk,
南勢里活動中心,臺中市霧峰區,光明路280-2號,24.027631,120.673656,True,大里,76,8.018575383959233,Medium Risk,"Nearest AQI station (大里) AQI: 76, Indoor facility"
乾峰國小1甲-6甲與4間專科教室,南投縣國姓鄉,西東巷1之1號,24.0279,120.8246,True,埔里,70,15.9698142859972,Medium Risk,"Nearest AQI station (埔里) AQI: 70, Indoor facility"
秀水港墘社區活動中心,彰化縣秀水鄉,開南巷82號,24.027939,120.522912,True,彰化,87,4.634804359869727,Medium Risk,"Nearest AQI station (彰化) AQI: 87, Indoor facility"
秀水社區活動中心,彰化縣秀水鄉,花秀路46號對面,24.027939,120.522912,True,彰化,87,4.634804359869727,Medium Risk,"Nearest AQI station (彰化) AQI: 87, Indoor facility"
管嶼國小,彰化縣福興鄉,沿海路3段100號,24.027997,120.410328,False,二林,105,11.433490426780098,High Risk,Nearest AQI station (二林) AQI: 105
萬豐國小北棟教室,臺中市霧峰區,中正路224號,24.02802,120.698322,True,大里,76,8.212414099629083,Medium Risk,"Nearest AQI station (大里) AQI: 76, Indoor facility"
東區幼兒園,彰化縣福興鄉,彰化縣福興鄉橋頭村彰鹿路7段495號,24.0288,120.474,False,彰化,87,8.00731955117941,Warning,"Nearest AQI station (彰化) AQI: 87, Outdoor facility"
乾溝義民祠,南投縣國姓鄉,中西巷36號,24.0293,120.8141,False,大里,76,15.837482947085293,Warning,"Nearest AQI station (大里) AQI: 76, Outdoor facility"
乾溝社區活動中心,南投縣國姓鄉,西東巷1之1號,24.0294,120.824,True,埔里,70,16.094382624433,Medium Risk,"Nearest AQI station (埔里) AQI: 70, Indoor facility"
福安社區活動中心清龍巖,彰化縣秀水鄉,民意街64號,24.029756,120.494877,True,彰化,87,6.2188215730234875,Medium Risk,"Nearest AQI station (彰化) AQI: 87, Indoor facility"
花壇鄉舊營區,彰化縣花壇鄉,橋頭段6地號彰員路2段586號附近,24.030566,120.549226,False,彰化,87,4.017050443662694,Warning,"Nearest AQI station (彰化) AQI: 87, Outdoor facility"
莊雅社區活動中心,彰化縣秀水鄉,秀中街82巷67弄3號,24.031813,120.507116,True,彰化,87,5.162802146817703,Medium Risk,"Nearest AQI station (彰化) AQI: 87, Indoor facility"
莊雅社區活動中心,彰化縣秀水鄉,秀中街82巷67弄臨15號,24.031813,120.507116,True,彰化,87,5.162802146817703,Medium Risk,"Nearest AQI station (彰化) AQI: 87, Indoor facility"
文祥國小,彰化縣花壇鄉,花秀路446號,24.034076,120.523698,True,彰化,87,3.9844160858864925,Medium Risk,"Nearest AQI station (彰化) AQI: 87, Indoor facility"
北埔社區活動中心,花蓮縣新城鄉,北埔路259號,24.0341,121.6032,True,花蓮,38,6.9910668303085,Low Risk,
秀水高工,彰化縣秀水鄉,中山路364號,24.03447,120.496818,False,彰化,87,5.7353832748974805,Warning,"Nearest AQI station (彰化) AQI: 87, Outdoor facility"
太平社區活動中心,南投縣埔里鎮,西安路167巷3弄7號,24.0345,120.924,True,埔里,70,8.555171255254002,Medium Risk,"Nearest AQI station (埔里) AQI: 70, Indoor facility"
秀水鄉農會,彰化縣秀水鄉,中山路328號,24.034949,120.501234,False,彰化,87,5.352972281147821,Warning,"Nearest AQI station (彰化) AQI: 87, Outdoor facility"
秀水國小,彰化縣秀水鄉,中山路257號,24.03508,120.503149,True,彰化,87,5.1962366132547,Medium Risk,"Nearest AQI station (彰化) AQI: 87, Indoor facility"
合成社區活動中心,南投縣埔里鎮,西安路三段221號,24.0363,120.9247,True,埔里,70,8.6904613125471,Medium Risk,"Nearest AQI station (埔里) AQI: 70, Indoor facility"
大漢社區活動中心,花蓮縣新城鄉,19鄰民有街101號,24.0368,121.61,True,花蓮,38,7.356378751864297,Low Risk,
國姓社區活動中心,南投縣國姓鄉,民族路40號,24.0376,120.855,True,埔里,70,13.783419308482305,Medium Risk,"Nearest AQI station (埔里) AQI: 70, Indoor facility"
復興南營區,花蓮縣新城鄉,民有街2號,24.038,121.6119,False,花蓮,38,7.517711555708546,Low Risk,
華龍國小,彰化縣秀水鄉,花秀路51號,24.038279,120.51409,True,彰化,87,4.154332125758138,Medium Risk,"Nearest AQI station (彰化) AQI: 87, Indoor facility"
秀水鄉老人文康中心,彰化縣秀水鄉,中山路99號,24.038285,120.507324,False,彰化,87,4.6425517153198825,Warning,"Nearest AQI station (彰化) AQI: 87, Outdoor facility"
僑愛國小,彰化縣花壇鄉,中山路2段471號,24.038331,120.535034,True,彰化,87,3.146330966688255,Medium Risk,"Nearest AQI station (彰化) AQI: 87, Indoor facility"
安東社區活動中心,彰化縣秀水鄉,枋林巷60號,24.039226,120.501248,True,彰化,87,5.058084231260582,Medium Risk,"Nearest AQI station (彰化) AQI: 87, Indoor facility"
國姓國小活動中心,南投縣國姓鄉,國姓路311號,24.0396,120.8567,True,埔里,70,13.765886509493258,Medium Risk,"Nearest AQI station (埔里) AQI: 70, Indoor facility"
新城鄉立圖書館,花蓮縣新城鄉,光復路572號,24.0399,121.6042,True,花蓮,38,7.640573156390758,Low Risk,
新城鄉原住民文化館,花蓮縣新城鄉,大安街1號,24.0405,121.6048,False,花蓮,38,7.710974395766531,Low Risk,
樹林腳社區活動中心,花蓮縣新城鄉,樹林街57巷9號,24.040698,121.597687,True,花蓮,38,7.718935994919798,Low Risk,
北勢里活動中心,臺中市霧峰區,丁台路571巷7號,24.040961,120.669669,True,大里,76,6.5821701417416465,Medium Risk,"Nearest AQI station (大里) AQI: 76, Indoor facility"
福興國中,彰化縣福興鄉,彰化縣福興鄉福興村福興路51巷12號,24.041,120.4367,True,線西,117,10.603952135152216,High Risk,Nearest AQI station (線西) AQI: 117
溪尾國小教學大樓2樓綜合教室,臺中市烏日區,溪岸路26號,24.0411,120.6397,True,大里,76,7.602815050700191,Medium Risk,"Nearest AQI station (大里) AQI: 76, Indoor facility"
花壇鄉立圖書館,彰化縣花壇鄉,彰化縣花壇鄉長沙村中正路72號,24.0415,120.5322,True,彰化,87,2.8839303895000006,Medium Risk,"Nearest AQI station (彰化) AQI: 87, Indoor facility"
國姓國中禮堂,南投縣國姓鄉,東三巷36之1號,24.0423,120.8585,True,埔里,70,13.791818313948617,Medium Risk,"Nearest AQI station (埔里) AQI: 70, Indoor facility"
護國宮,南投縣國姓鄉,國姓路207-5號,24.0425,120.8616,False,埔里,70,13.552799978877594,Warning,"Nearest AQI station (埔里) AQI: 70, Outdoor facility"
文德宮香客大樓,彰化縣花壇鄉,彰員路3段6號,24.042943,120.547443,False,彰化,87,2.633438818620493,Warning,"Nearest AQI station (彰化) AQI: 87, Outdoor facility"
復興國小-課後照顧教室,臺中市霧峰區,信義路50號,24.043054,120.69726,True,大里,76,6.572585259921162,Medium Risk,"Nearest AQI station (大里) AQI: 76, Indoor facility"
光復國中小國中部地下室,臺中市霧峰區,柳豐路535號,24.044171,120.689245,True,大里,76,6.261420463379087,Medium Risk,"Nearest AQI station (大里) AQI: 76, Indoor facility"
岩竹社區活動中心,彰化縣花壇鄉,虎山街137號,24.044817,120.554382,True,彰化,87,2.693316847188834,Medium Risk,"Nearest AQI station (彰化) AQI: 87, Indoor facility"
安溪社區活動中心,彰化縣秀水鄉,安溪街98號,24.04494,120.510015,True,彰化,87,3.964401885698452,Medium Risk,"Nearest AQI station (彰化) AQI: 87, Indoor facility"
西區幼兒園,彰化縣福興鄉,彰化縣福興鄉西勢村員鹿路2段270號,24.0451,120.4272,False,線西,117,10.522556334984639,High Risk,Nearest AQI station (線西) AQI: 117
花壇鄉立老人文康中心,彰化縣花壇鄉,彰化縣花壇鄉永春村長青路25號,24.0457,120.5352,False,彰化,87,2.3466741348415083,Warning,"Nearest AQI station (彰化) AQI: 87, Outdoor facility"
白沙社區活動中心,彰化縣花壇鄉,溪北街187號,24.046307,120.545254,True,彰化,87,2.2223592104202434,Medium Risk,"Nearest AQI station (彰化) AQI: 87, Indoor facility"
福興鄉公所,彰化縣福興鄉,彰化縣福興鄉外埔村復興路15之15號,24.0479,120.4439,False,線西,117,9.658834984341569,High Risk,Nearest AQI station (線西) AQI: 117
街尾里活動中心,彰化縣鹿港鎮,力行街45號,24.048477,120.435661,True,線西,117,9.852592289065287,High Risk,Nearest AQI station (線西) AQI: 117
龍山寺,彰化縣鹿港鎮,金門巷81號,24.049074,120.43454,False,線西,117,9.83027393232547,High Risk,Nearest AQI station (線西) AQI: 117
秀水鄉立體育館,彰化縣秀水鄉,瓦瑤街17號,24.050373,120.505332,False,彰化,87,4.064438990142461,Warning,"Nearest AQI station (彰化) AQI: 87, Outdoor facility"
菜園社區活動中心,彰化縣鹿港鎮,三民路232號,24.05102,120.432859,True,線西,117,9.691809016070438,High Risk,Nearest AQI station (線西) AQI: 117
莊德堂,彰化縣鹿港鎮,興化街1號,24.051194,120.435768,False,線西,117,9.565636186900814,High Risk,Nearest AQI station (線西) AQI: 117
鹿港鎮立停車場,彰化縣鹿港鎮,公園一路2號,24.053493,120.432607,False,線西,117,9.447909476740813,High Risk,Nearest AQI station (線西) AQI: 117
康樂社區活動中心,花蓮縣新城鄉,廣安1街112號,24.053809,121.609904,True,花蓮,38,9.231491823411256,Low Risk,
佳民國小收容所,花蓮縣秀林鄉,119號,24.0539,121.5994,True,花蓮,38,9.184110248575504,Low Risk,
玉皇大帝神明會館,彰化縣鹿港鎮,中山路183號,24.054169,120.434782,False,線西,117,9.293895437686446,High Risk,Nearest AQI station (線西) AQI: 117
洛津國小,彰化縣鹿港鎮,公園三路51號,24.054635,120.430906,True,線西,117,9.401004042132127,High Risk,Nearest AQI station (線西) AQI: 117
東崎社區活動中心,彰化縣鹿港鎮,東崎七巷1號,24.056173,120.474947,True,彰化,87,6.847032565134995,Medium Risk,"Nearest AQI station (彰化) AQI: 87, Indoor facility"
文開國小,彰化縣鹿港鎮,文開路60號,24.056602,120.430026,True,線西,117,9.240087390564726,High Risk,Nearest AQI station (線西) AQI: 117
景福社區發展協會,彰化縣鹿港鎮,萬壽路244號,24.057183,120.436563,False,線西,117,8.915528938268837,High Risk,Nearest AQI station (線西) AQI: 117
高賓土雞城,彰化縣鹿港鎮,東隆路236號,24.057261,120.438339,False,線西,117,8.842294231417354,High Risk,Nearest AQI station (線西) AQI: 117
北港村集會所,南投縣國姓鄉,國姓路31-12號,24.057935,120.913738,False,埔里,70,11.331815646001814,Warning,"Nearest AQI station (埔里) AQI: 70, Outdoor facility"
文康安養活動中心,彰化縣鹿港鎮,彰化縣鹿港鎮順興里忠孝路403號4樓,24.0582,120.4339,True,線西,117,8.915295272757021,High Risk,Nearest AQI station (線西) AQI: 117
鹿東國小,彰化縣鹿港鎮,長安路125號,24.058411,120.443296,True,線西,117,8.555774607126345,High Risk,Nearest AQI station (線西) AQI: 117
鶴鳴社區活動中心,彰化縣秀水鄉,明山街臨182號,24.058427,120.502822,True,彰化,87,4.018226996458271,Medium Risk,"Nearest AQI station (彰化) AQI: 87, Indoor facility"
鶴鳴社區活動中心,彰化縣秀水鄉,明山街41號,24.058427,120.502822,True,彰化,87,4.018226996458271,Medium Risk,"Nearest AQI station (彰化) AQI: 87, Indoor facility"
楞嚴宮,南投縣國姓鄉,大長路592-1號,24.0591,120.8777,False,埔里,70,13.589247362714536,Warning,"Nearest AQI station (埔里) AQI: 70, Outdoor facility"
四德里活動中心,臺中市霧峰區,四德路533號2樓,24.060807,120.667048,True,大里,76,4.467235987939075,Medium Risk,"Nearest AQI station (大里) AQI: 76, Indoor facility"
四德國小禮堂,臺中市霧峰區,四德路504號,24.060827,120.667937,True,大里,76,4.442558683984522,Medium Risk,"Nearest AQI station (大里) AQI: 76, Indoor facility"
鹿港高中,彰化縣鹿港鎮,中山路661號,24.06098,120.423682,True,線西,117,9.110769367354287,High Risk,Nearest AQI station (線西) AQI: 117
霧峰區圖書館3樓,臺中市霧峰區,大同路8號,24.061924,120.700564,True,大里,76,4.754330096348147,Medium Risk,"Nearest AQI station (大里) AQI: 76, Indoor facility"
馬興國小,彰化縣秀水鄉,培英巷1號,24.061957,120.496892,True,彰化,87,4.55327409948097,Medium Risk,"Nearest AQI station (彰化) AQI: 87, Indoor facility"
喀哩國小北棟1樓自然教室,臺中市烏日區,溪南路2段370號,24.06228,120.642879,True,大里,76,5.501535844561874,Medium Risk,"Nearest AQI station (大里) AQI: 76, Indoor facility"
碧雲宮,南投縣國姓鄉,北圳巷26-1號,24.0626,120.9248,False,埔里,70,11.307324423360727,Warning,"Nearest AQI station (埔里) AQI: 70, Outdoor facility"
馬興社區活動中心,彰化縣秀水鄉,西銘巷6-1號,24.062724,120.495508,True,彰化,87,4.685712468028658,Medium Risk,"Nearest AQI station (彰化) AQI: 87, Indoor facility"
馬興社區活動中心,彰化縣秀水鄉,西銘巷6-1號,24.062724,120.495508,True,彰化,87,4.685712468028658,Medium Risk,"Nearest AQI station (彰化) AQI: 87, Indoor facility"
鹿港文創會館,彰化縣鹿港鎮,中正路588號,24.06311,120.435873,False,線西,117,8.334859442316407,High Risk,Nearest AQI station (線西) AQI: 117
淨蓮禪寺,南投縣國姓鄉,長北路53-2號,24.0637,120.8979,False,埔里,70,12.720390829689087,Warning,"Nearest AQI station (埔里) AQI: 70, Outdoor facility"
溝墘社區發展協會,彰化縣鹿港鎮,棋盤巷32之2號,24.064293,120.475495,False,彰化,87,6.706111991908806,Warning,"Nearest AQI station (彰化) AQI: 87, Outdoor facility"
桐林國小青銅林廣場,臺中市霧峰區,民生路672號,24.066166,120.735954,True,大里,76,6.922019510072143,Medium Risk,"Nearest AQI station (大里) AQI: 76, Indoor facility"
互助村中原活動中心,南投縣仁愛鄉,原名路169號,24.066472,120.972709,True,埔里,70,10.866929530844965,Medium Risk,"Nearest AQI station (埔里) AQI: 70, Indoor facility"
德林念佛寺,南投縣國姓鄉,北原路48之1號,24.0666,120.9364,False,埔里,70,11.331332205337285,Warning,"Nearest AQI station (埔里) AQI: 70, Outdoor facility"
義興社區活動中心,彰化縣秀水鄉,義興街13號,24.066695,120.491039,True,彰化,87,5.1257755807593375,Medium Risk,"Nearest AQI station (彰化) AQI: 87, Indoor facility"
義興社區活動中心,彰化縣秀水鄉,義興街70號,24.066695,120.491039,True,彰化,87,5.1257755807593375,Medium Risk,"Nearest AQI station (彰化) AQI: 87, Indoor facility"
長流國小1甲-6甲及2間專科教室,南投縣國姓鄉,大長路559號,24.0667,120.8763,True,埔里,70,14.316613231260792,Medium Risk,"Nearest AQI station (埔里) AQI: 70, Indoor facility"
本鄉里活動中心,臺中市霧峰區,民生路95號,24.067116,120.7008,True,大里,76,4.266876442274514,Medium Risk,"Nearest AQI station (大里) AQI: 76, Indoor facility"
南瑤宮,彰化縣彰化市,南瑤路43號,24.06767,120.538264,False,彰化,87,0.3790743516678375,Warning,"Nearest AQI station (彰化) AQI: 87, Outdoor facility"
甲寅里活動中心,臺中市霧峰區,民生路125巷8號2樓,24.068272,120.701315,True,大里,76,4.187340789215077,Medium Risk,"Nearest AQI station (大里) AQI: 76, Indoor facility"
僑榮國小樂群樓地下室,臺中市霧峰區,民生路156號,24.069926,120.703193,True,大里,76,4.148174903731691,Medium Risk,"Nearest AQI station (大里) AQI: 76, Indoor facility"
曾家社區活動中心,彰化縣伸港鄉,曾家路72號,24.070115,120.545169,False,彰化,87,0.5888078328840316,Warning,"Nearest AQI station (彰化) AQI: 87, Outdoor facility"
長流社區活動中心,南投縣國姓鄉,大長路427號,24.0708,120.8762,True,埔里,70,14.672462340336306,Medium Risk,"Nearest AQI station (埔里) AQI: 70, Indoor facility"
海埔里民集會所,彰化縣鹿港鎮,鹿草路2段197號,24.071142,120.43939,False,線西,117,7.3736958587665855,High Risk,Nearest AQI station (線西) AQI: 117
溪南國中北棟教室2樓,臺中市烏日區,烏日區溪埧里溪南路一段731號,24.0715,120.6442,True,大里,76,4.674964335761753,Medium Risk,"Nearest AQI station (大里) AQI: 76, Indoor facility"
新興國小,彰化縣鹿港鎮,某旦巷85號,24.072394,120.456784,True,線西,117,6.7081707808643225,High Risk,Nearest AQI station (線西) AQI: 117
霧峰農工向陽樓,臺中市霧峰區,中正路1222號,24.073209,120.699599,False,大里,76,3.6373660340704648,Warning,"Nearest AQI station (大里) AQI: 76, Outdoor facility"
五福國小康寧樓,臺中市霧峰區,新埔路239號,24.07347,120.667351,True,大里,76,3.117277123506034,Medium Risk,"Nearest AQI station (大里) AQI: 76, Indoor facility"
奉天宮,南投縣國姓鄉,大長路307-1號,24.0739,120.8776,False,埔里,70,14.852117720255858,Warning,"Nearest AQI station (埔里) AQI: 70, Outdoor facility"
東湖活動中心廣場,臺中市大里區,東南路207巷36號,24.076807,120.693182,False,大里,76,2.944131247362972,Warning,"Nearest AQI station (大里) AQI: 76, Outdoor facility"
長豐社區活動中心,南投縣國姓鄉,東三巷36之1號,24.0774,120.8711,True,埔里,70,15.56831667123509,Medium Risk,"Nearest AQI station (埔里) AQI: 70, Indoor facility"
草湖國民小學禮堂/操場,臺中市大里區,西湖路32號,24.078248,120.689997,False,大里,76,2.649172787567787,Warning,"Nearest AQI station (大里) AQI: 76, Outdoor facility"
吉峰國小三期校舍地下室,臺中市霧峰區,民生路349號,24.079603,120.7191,True,大里,76,4.688461875947592,Medium Risk,"Nearest AQI station (大里) AQI: 76, Indoor facility"
介壽生活藝文館,彰化縣彰化市,民生路259號,24.080673,120.544605,False,彰化,87,1.6613718635636299,Warning,"Nearest AQI station (彰化) AQI: 87, Outdoor facility"
景美活動中心,花蓮縣秀林鄉,加灣106號,24.0825,121.6067,True,花蓮,38,12.384229976744907,Low Risk,
東園國小體育館,臺中市烏日區,溪南路一段238巷198號,24.083915,120.639937,True,大里,76,4.28080687261728,Medium Risk,"Nearest AQI station (大里) AQI: 76, Indoor facility"
美群國民小學地下室/風雨操場,臺中市大里區,美群路99號,24.084163,120.708825,False,大里,76,3.530028728367524,Warning,"Nearest AQI station (大里) AQI: 76, Outdoor facility"
塗城活動中心,臺中市大里區,塗城路1-26號,24.084237,120.723743,True,大里,76,4.905709729077911,Medium Risk,"Nearest AQI station (大里) AQI: 76, Indoor facility"
德興民眾活動中心,彰化縣線西鄉,線東路二段447號,24.084258,120.519016,True,彰化,87,3.056286949324013,Medium Risk,"Nearest AQI station (彰化) AQI: 87, Indoor facility"
源埤社區活動中心,彰化縣和美鎮,南安路105號,24.0853,120.5107,True,彰化,87,3.7940713111607907,Medium Risk,"Nearest AQI station (彰化) AQI: 87, Indoor facility"
夏田活動中心廣場,臺中市大里區,頂厝路125號,24.085406,120.668552,False,大里,76,1.871706346259323,Warning,"Nearest AQI station (大里) AQI: 76, Outdoor facility"
瑞城國民小學活動中心/操場,臺中市大里區,美村街196 號,24.08609,120.702842,True,大里,76,2.8971985836797907,Medium Risk,"Nearest AQI station (大里) AQI: 76, Indoor facility"
瑞城活動中心,臺中市大里區,瑞和街36號,24.086128,120.703756,True,大里,76,2.9747637396419404,Medium Risk,"Nearest AQI station (大里) AQI: 76, Indoor facility"
老人文康中心,彰化縣彰化市,三民路436號,24.086545,120.549124,False,彰化,87,2.411437485956039,Warning,"Nearest AQI station (彰化) AQI: 87, Outdoor facility"
頂番社區活動中心,彰化縣鹿港鎮,彰化縣鹿港鎮頂番里彰頂路326巷138號,24.0867,120.4848,True,線西,117,5.249607329446411,High Risk,Nearest AQI station (線西) AQI: 117
大榮國小,彰化縣和美鎮,嘉佃路296號,24.087,120.501,False,彰化,87,4.730098624778548,Warning,"Nearest AQI station (彰化) AQI: 87, Outdoor facility"
鎮平社區活動中心,彰化縣和美鎮,南平路11號,24.088,120.509,False,彰化,87,4.108924373553949,Warning,"Nearest AQI station (彰化) AQI: 87, Outdoor facility"
頂番國小,彰化縣鹿港鎮,頂草路一段100號,24.088748,120.479839,True,線西,117,4.896682872237516,High Risk,Nearest AQI station (線西) AQI: 117
竹仔坑社區活動中心,臺中市大里區,校前路27號,24.089117,120.72904,True,大里,76,5.266698319831668,Medium Risk,"Nearest AQI station (大里) AQI: 76, Indoor facility"
健民國民小學演奏廳/操場,臺中市大里區,校前路26號,24.089412,120.727899,False,大里,76,5.146487858329491,Warning,"Nearest AQI station (大里) AQI: 76, Outdoor facility"
嘉犁社區活動中心,彰化縣和美鎮,東坡路8巷2號,24.09,120.516,False,彰化,87,3.7193422012652353,Warning,"Nearest AQI station (彰化) AQI: 87, Outdoor facility"
金城活動中心,臺中市大里區,塗城路923巷19號,24.090127,120.695431,True,大里,76,2.0211828306983604,Medium Risk,"Nearest AQI station (大里) AQI: 76, Indoor facility"
竹坑營區,臺中市大里區,健民路86號,24.09039,120.730206,False,大里,76,5.353246719540521,Warning,"Nearest AQI station (大里) AQI: 76, Outdoor facility"
詔安社區活動中心,彰化縣和美鎮,彰和路二段176巷1號,24.091,120.528,False,彰化,87,3.1002087624492076,Warning,"Nearest AQI station (彰化) AQI: 87, Outdoor facility"
新厝社區活動中心,彰化縣鹿港鎮,新厝巷臨51之1號,24.091044,120.447463,True,線西,117,5.021361611682849,High Risk,Nearest AQI station (線西) AQI: 117
頭崙里集會所,彰化縣鹿港鎮,頂草路2段150號,24.091441,120.476961,False,線西,117,4.544769561591689,High Risk,Nearest AQI station (線西) AQI: 117
"長福國小1甲-6甲,音樂室,圖書室",南投縣國姓鄉,大長路71號,24.0927,120.888,True,埔里,70,15.985222971415475,Medium Risk,"Nearest AQI station (埔里) AQI: 70, Indoor facility"
仁德活動中心,臺中市大里區,文化街119號,24.092829,120.699929,True,大里,76,2.307513110240198,Medium Risk,"Nearest AQI station (大里) AQI: 76, Indoor facility"
塗城國民小學南棟教學大樓地下室/運動場,臺中市大里區,文化街120號,24.093045,120.700282,False,大里,76,2.3337793275170227,Warning,"Nearest AQI station (大里) AQI: 76, Outdoor facility"
成功國民中學操場,臺中市大里區,至善路157號,24.094049,120.699273,False,大里,76,2.202810345919071,Warning,"Nearest AQI station (大里) AQI: 76, Outdoor facility"
五光國小西棟1樓舞蹈教室,臺中市烏日區,光明路40號,24.094481,120.647007,True,大里,76,3.241639274761108,Medium Risk,"Nearest AQI station (大里) AQI: 76, Indoor facility"
大里高中中正堂/操場,臺中市大里區,國中路365號,24.095124,120.678963,True,大里,76,0.5017126226942089,Medium Risk,"Nearest AQI station (大里) AQI: 76, Indoor facility"
光正國民中學風雨操場/操場,臺中市大里區,鳳凰路68號,24.096178,120.718063,False,大里,76,4.039528436661413,Warning,"Nearest AQI station (大里) AQI: 76, Outdoor facility"
大嘉國小,彰化縣和美鎮,彰和路3段50號,24.0966,120.511,False,彰化,87,4.601775527077854,Warning,"Nearest AQI station (彰化) AQI: 87, Outdoor facility"
新庄社區活動中心,彰化縣和美鎮,彰化縣和美鎮新庄里東發路100巷36-1號,24.0971,120.5336,True,彰化,87,3.5503751997590016,Medium Risk,"Nearest AQI station (彰化) AQI: 87, Indoor facility"
福興宮,臺中市大里區,福興街1號,24.098079,120.677457,False,大里,76,0.19765947549650528,Warning,"Nearest AQI station (大里) AQI: 76, Outdoor facility"
面前社區活動中心,彰化縣和美鎮,雅安路265號,24.099,120.488,False,線西,117,4.110106066191898,High Risk,Nearest AQI station (線西) AQI: 117
大新活動中心,臺中市大里區,新興路99巷16弄56號,24.099619,120.675852,True,大里,76,0.263141470605737,Medium Risk,"Nearest AQI station (大里) AQI: 76, Indoor facility"
大里運動公園,臺中市大里區,勝利二街與大里路與國光路交叉口,24.100053,120.685353,False,大里,76,0.7029566111765345,Warning,"Nearest AQI station (大里) AQI: 76, Outdoor facility"
大里國民小學運動場,臺中市大里區,新興路50號,24.100547,120.677018,False,大里,76,0.1783062119526225,Warning,"Nearest AQI station (大里) AQI: 76, Outdoor facility"
國光里活動中心,臺中市大里區,勝利二路1號,24.10083,120.683161,True,大里,76,0.4975574536847215,Medium Risk,"Nearest AQI station (大里) AQI: 76, Indoor facility"
立德里活動中心,臺中市大里區,甲提南路10號,24.100964,120.694601,True,大里,76,1.6468134265631469,Medium Risk,"Nearest AQI station (大里) AQI: 76, Indoor facility"
內新國民小學北棟地下室/操場,臺中市大里區,東昇里日新路8號,24.100964,120.69486,False,大里,76,1.6729943302661614,Warning,"Nearest AQI station (大里) AQI: 76, Outdoor facility"
自治公園,臺中市烏日區,五光路971號,24.101386,120.628046,False,大里,76,5.119354848918927,Warning,"Nearest AQI station (大里) AQI: 76, Outdoor facility"
大霞社區活動中心,彰化縣和美鎮,彰和路3段422號,24.1017,120.5037,True,線西,117,4.844148338001855,High Risk,Nearest AQI station (線西) AQI: 117
行政院原住民族委員會青年?藝研習中心,臺中市和平區,東關路3段3之8號,24.102225,120.548274,False,彰化,87,4.085989194252495,Warning,"Nearest AQI station (彰化) AQI: 87, Outdoor facility"
大元國民小學新元館/操場,臺中市大里區,現岱路60號,24.102746,120.691079,False,大里,76,1.3289590950285193,Warning,"Nearest AQI station (大里) AQI: 76, Outdoor facility"
東汴里活動中心,臺中市太平區,長龍路3段135號,24.1035,120.7716,True,大里,76,9.465292842838887,Medium Risk,"Nearest AQI station (大里) AQI: 76, Indoor facility"
和仁國小,彰化縣和美鎮,仁愛路279號,24.104,120.494,False,線西,117,3.9842062808172143,High Risk,Nearest AQI station (線西) AQI: 117
新庄國小,彰化縣和美鎮,彰新路2段500號,24.104,120.533,False,彰化,87,4.312997487180891,Warning,"Nearest AQI station (彰化) AQI: 87, Outdoor facility"
草中社區活動中心,彰化縣鹿港鎮,彰化縣鹿港鎮草中里草中巷2-16號,24.1041,120.4626,True,線西,117,3.1352035448926507,High Risk,Nearest AQI station (線西) AQI: 117
立新國民中學勤學樓地下室/風雨操場,臺中市大里區,甲堤路236號,24.104365,120.696923,False,大里,76,1.948658572702045,Warning,"Nearest AQI station (大里) AQI: 76, Outdoor facility"
光隆國小〈圖書室2樓〉,臺中市太平區,太平區光隆里光興路487巷5號,24.1046,120.7277,True,大里,76,5.030164311300262,Medium Risk,"Nearest AQI station (大里) AQI: 76, Indoor facility"
烏日國民中學第1棟2樓,臺中市烏日區,新興路457號,24.104763,120.617307,False,忠明,73,5.776316584148744,Warning,"Nearest AQI station (忠明) AQI: 73, Outdoor facility"
光德國中B、C棟教室2樓,臺中市烏日區,烏日區仁德里信義街99號,24.1051,120.6408,True,大里,76,3.869374587364038,Medium Risk,"Nearest AQI station (大里) AQI: 76, Indoor facility"
立新國民小學D棟大樓地下室/風雨操場,臺中市大里區,立新街338號,24.10543,120.699567,False,大里,76,2.239458722232644,Warning,"Nearest AQI station (大里) AQI: 76, Outdoor facility"
三和里公兒九公園,臺中市烏日區,三榮路一段與三榮三路口,24.106312,120.608039,False,忠明,73,6.083782183245355,Warning,"Nearest AQI station (忠明) AQI: 73, Outdoor facility"
草中社區發展協會,彰化縣鹿港鎮,草中巷2-16號,24.106537,120.463263,False,線西,117,2.85615508796198,High Risk,Nearest AQI station (線西) AQI: 117
益民國民小學後棟地下室/運動場,臺中市大里區,益民路二段48號,24.107,120.6873,False,大里,76,1.2177638999716216,Warning,"Nearest AQI station (大里) AQI: 76, Outdoor facility"
烏日社區活動中心,臺中市烏日區,烏日區烏日里光日路228號,24.1075,120.6257,True,忠明,73,5.184396198502789,Medium Risk,"Nearest AQI station (忠明) AQI: 73, Indoor facility"
爽文國民中學活動中心/操場,臺中市大里區,永隆三街1號,24.107882,120.677165,True,大里,76,0.9288043111761863,Medium Risk,"Nearest AQI station (大里) AQI: 76, Indoor facility"
糖友社區活動中心,彰化縣和美鎮,糖友一街80-82號2樓,24.108,120.5342,True,彰化,87,4.72891676773646,Medium Risk,"Nearest AQI station (彰化) AQI: 87, Indoor facility"
新仁活動中心,臺中市大里區,立新街71號,24.108,120.705297,True,大里,76,2.880727075617987,Medium Risk,"Nearest AQI station (大里) AQI: 76, Indoor facility"
僑仁國小體育館,臺中市烏日區,中山路一段341號,24.108288,120.640795,True,大里,76,3.941313646936844,Medium Risk,"Nearest AQI station (大里) AQI: 76, Indoor facility"
樹王活動中心,臺中市大里區,樹王路335號,24.108368,120.66758,True,大里,76,1.4711070099635055,Medium Risk,"Nearest AQI station (大里) AQI: 76, Indoor facility"
和美鎮公所,彰化縣和美鎮,彰化縣和美鎮鹿和路6段337號,24.1085,120.4943,False,線西,117,3.6331512022039627,High Risk,Nearest AQI station (線西) AQI: 117
和東國小,彰化縣和美鎮,彰美路5段210號,24.1093,120.5015,True,線西,117,4.126309417700108,High Risk,Nearest AQI station (線西) AQI: 117
九德國民小學風雨操場,臺中市烏日區,長春街300號,24.109863,120.638956,False,大里,76,4.166988746317464,Warning,"Nearest AQI station (大里) AQI: 76, Outdoor facility"
和美鎮立幼兒園,彰化縣和美鎮,忠孝路329號,24.11,120.5,False,線西,117,3.9580341697805075,High Risk,Nearest AQI station (線西) AQI: 117
光榮國民中學光榮館/操場,臺中市大里區,東榮路280號,24.110479,120.686909,False,大里,76,1.4827285193317652,Warning,"Nearest AQI station (大里) AQI: 76, Outdoor facility"
兒童青少年福利服務中心,臺中市大里區,新光路32號,24.110647,120.691871,False,大里,76,1.8338529257611875,Warning,"Nearest AQI station (大里) AQI: 76, Outdoor facility"
永隆國民小學活動中心/操場,臺中市大里區,永隆五街二號,24.110842,120.676497,True,大里,76,1.2643641267402674,Medium Risk,"Nearest AQI station (大里) AQI: 76, Indoor facility"
和美國小,彰化縣和美鎮,和平路19號,24.111,120.495,False,線西,117,3.494764179382923,High Risk,Nearest AQI station (線西) AQI: 117
柑井社區活動中心,彰化縣和美鎮,柑竹路331巷21號,24.111,120.514,False,線西,117,5.107181075402634,High Risk,Nearest AQI station (線西) AQI: 117
和群國中,彰化縣和美鎮,美寮路一段390號,24.111,120.519,False,彰化,87,5.501204900323214,Warning,"Nearest AQI station (彰化) AQI: 87, Outdoor facility"
光隆營區,臺中市大里區,大平區黃竹里光興路1001號,24.111229,120.730485,False,大里,76,5.437707638052218,Warning,"Nearest AQI station (大里) AQI: 76, Outdoor facility"
下犁民眾活動中心,彰化縣線西鄉,下犁路139之1號,24.111237,120.469995,True,線西,117,2.274244492298358,High Risk,Nearest AQI station (線西) AQI: 117
旭光國小旭光廳2樓,臺中市烏日區,烏日區榮泉里健行路501號,24.111637,120.592633,True,西屯,78,6.138340433198071,Medium Risk,"Nearest AQI station (西屯) AQI: 78, Indoor facility"
僑泰中學育才大樓,臺中市大里區,樹王路342號,24.11179,120.666962,False,大里,76,1.7866736245627683,Warning,"Nearest AQI station (大里) AQI: 76, Outdoor facility"
中圍社區活動中心,彰化縣和美鎮,竹社路123號,24.112,120.532,False,彰化,87,5.2054386211709165,Warning,"Nearest AQI station (彰化) AQI: 87, Outdoor facility"
樹義國小樂群樓及操場,臺中市南區,福田路11號,24.112,120.6574,True,大里,76,2.5416700469382643,Medium Risk,"Nearest AQI station (大里) AQI: 76, Indoor facility"
興隆里活動中心,臺中市太平區,興隆路76號,24.112,120.7323,True,大里,76,5.637142608220562,Medium Risk,"Nearest AQI station (大里) AQI: 76, Indoor facility"
永隆里活動中心,臺中市大里區,永隆六街29號,24.112793,120.673837,True,大里,76,1.5385517104204975,Medium Risk,"Nearest AQI station (大里) AQI: 76, Indoor facility"
和美高中,彰化縣和美鎮,彰化縣和美鎮和西里西園路31號,24.113,120.4936,True,線西,117,3.242300325398449,High Risk,Nearest AQI station (線西) AQI: 117
中寮社區活動中心,彰化縣和美鎮,東興路25號,24.113,120.538,False,彰化,87,5.238355496966213,Warning,"Nearest AQI station (彰化) AQI: 87, Outdoor facility"
長億高中〈體育館.操場〉,臺中市太平區,長億六街一號,24.1131,120.7216,True,大里,76,4.629867680665654,Medium Risk,"Nearest AQI station (大里) AQI: 76, Indoor facility"
內新里活動中心,臺中市大里區,中新街9號,24.113152,120.690859,True,大里,76,1.9633604104126392,Medium Risk,"Nearest AQI station (大里) AQI: 76, Indoor facility"
福崙宮,彰化縣鹿港鎮,崙尾巷77-1號,24.113156,120.447793,False,線西,117,2.9828850898899932,High Risk,Nearest AQI station (線西) AQI: 117
東興活動中心,臺中市大里區,永興路260號,24.113398,120.681226,True,大里,76,1.5588113936944492,Medium Risk,"Nearest AQI station (大里) AQI: 76, Indoor facility"
四張社區活動中心,彰化縣和美鎮,鎮西路74號,24.114,120.485,False,線西,117,2.5451661089024533,High Risk,Nearest AQI station (線西) AQI: 117
崇光國民小學崇光樓地下室/操場,臺中市大里區,大明路181號,24.115191,120.68357,False,大里,76,1.8088290441008132,Warning,"Nearest AQI station (大里) AQI: 76, Outdoor facility"
臺中高工操場,臺中市南區,高工路191號,24.116,120.6612,False,大里,76,2.5267306459422993,Warning,"Nearest AQI station (大里) AQI: 76, Outdoor facility"
楓樹兒童青少年活動中心,臺中市南屯區,南屯區楓樹里楓樹西街二00號,24.1161,120.6289,True,忠明,73,4.174760256764416,Medium Risk,"Nearest AQI station (忠明) AQI: 73, Indoor facility"
私立大明高級中學體育場/禮堂,臺中市大里區,新仁路三段210號,24.116491,120.685976,False,大里,76,2.0266515174564015,Warning,"Nearest AQI station (大里) AQI: 76, Outdoor facility"
竹營社區活動中心,彰化縣和美鎮,和頭路237號,24.117,120.5011,True,線西,117,3.637770784942878,High Risk,Nearest AQI station (線西) AQI: 117
臺中市南區聯合辦公大樓,臺中市南區,工學路72號5樓,24.1171,120.6638,False,大里,76,2.4476524580211496,Warning,"Nearest AQI station (大里) AQI: 76, Outdoor facility"
東汴國小〈行政教學大樓.操場〉,臺中市太平區,太平區東汴里山田路100號,24.1174,120.7958,True,大里,76,12.074220250898513,Medium Risk,"Nearest AQI station (大里) AQI: 76, Indoor facility"
臺中市立大里幼兒園-日新分班,臺中市大里區,日新路383號,24.11811,120.692373,False,大里,76,2.4959340313874416,Warning,"Nearest AQI station (大里) AQI: 76, Outdoor facility"
竹園社區活動中心,彰化縣和美鎮,彰新路4段115號,24.119,120.525,False,線西,117,5.849086457787027,High Risk,Nearest AQI station (線西) AQI: 117
長億永成里活動中心,臺中市太平區,長億路1-1號,24.1192,120.7209,True,大里,76,4.82827420211625,Medium Risk,"Nearest AQI station (大里) AQI: 76, Indoor facility"
大慶活動中心,臺中市南區,德富路100號,24.1196,120.6542,True,大里,76,3.315903177504911,Medium Risk,"Nearest AQI station (大里) AQI: 76, Indoor facility"
南區圖書館,臺中市南區,五權南路335號,24.1201,120.6697,True,大里,76,2.445026252670242,Medium Risk,"Nearest AQI station (大里) AQI: 76, Indoor facility"
祥興活動中心,臺中市大里區,中興路二段祥興3巷10弄34號,24.120351,120.685927,True,大里,76,2.427997332093024,Medium Risk,"Nearest AQI station (大里) AQI: 76, Indoor facility"
和平國小和平館及操場,臺中市南區,復興路二段57號,24.1213,120.6607,True,大里,76,3.009937197787227,Medium Risk,"Nearest AQI station (大里) AQI: 76, Indoor facility"
月眉社區活動中心,彰化縣和美鎮,和厝路一段276號,24.122,120.495,False,線西,117,2.8435491162249757,High Risk,Nearest AQI station (線西) AQI: 117
犁盛社區活動中心,彰化縣和美鎮,東平路225巷9號,24.122,120.527,False,線西,117,5.977272344267421,High Risk,Nearest AQI station (線西) AQI: 117
信義國小信義館及操場,臺中市南區,五權南路325號,24.1222,120.668571,True,大里,76,2.704289241727973,Medium Risk,"Nearest AQI station (大里) AQI: 76, Indoor facility"
曉陽國小,彰化縣線西鄉,頂犁路158-1號,24.1227,120.478,True,線西,117,1.348401815457127,High Risk,Nearest AQI station (線西) AQI: 117
中平國中〈活動中心.操場〉,臺中市太平區,中平村太平路 300 號,24.1231,120.7183,True,大里,76,4.8150202088736584,Medium Risk,"Nearest AQI station (大里) AQI: 76, Indoor facility"
頭汴國小〈行政大樓B1〉,臺中市太平區,北田路 20 號,24.1232,120.7515,True,大里,76,7.86493355004906,Medium Risk,"Nearest AQI station (大里) AQI: 76, Indoor facility"
頂犁民眾活動中心,彰化縣線西鄉,頂犁路48之1號,24.123229,120.480918,True,線西,117,1.5261746619482703,High Risk,Nearest AQI station (線西) AQI: 117
頭汴里活動中心,臺中市太平區,長龍路二段11巷18號,24.1239,120.7507,True,大里,76,7.814972629467063,Medium Risk,"Nearest AQI station (大里) AQI: 76, Indoor facility"
建平國小〈會議室1樓、操場〉,臺中市太平區,精美路201號,24.1241,120.7245,True,大里,76,5.4096435910194325,Medium Risk,"Nearest AQI station (大里) AQI: 76, Indoor facility"
國光國小國光堂及操場,臺中市南區,國光路261號,24.1245,120.6801,True,大里,76,2.7726144410108784,Medium Risk,"Nearest AQI station (大里) AQI: 76, Indoor facility"
中興活動中心,臺中市南區,復新街89號B1,24.1247,120.6759,True,大里,76,2.8016843018707847,Medium Risk,"Nearest AQI station (大里) AQI: 76, Indoor facility"
頭前社區活動中心,彰化縣和美鎮,和頭路595號,24.125,120.506,False,線西,117,3.8212820572835557,High Risk,Nearest AQI station (線西) AQI: 117
福隆里活動中心,臺中市太平區,光興路1463巷8號,24.1258,120.7345,True,大里,76,6.391192817798136,Medium Risk,"Nearest AQI station (大里) AQI: 76, Indoor facility"
嘉寶社區活動中心,彰化縣和美鎮,福北路221號,24.126,120.512,False,線西,117,4.402842506843357,High Risk,Nearest AQI station (線西) AQI: 117
四育國中四育館及操場,臺中市南區,復興路二段152號,24.126,120.6651,True,大里,76,3.231790116653602,Medium Risk,"Nearest AQI station (大里) AQI: 76, Indoor facility"
臺中市立崇倫國中崇倫堂及操場,臺中市南區,忠明南路730號,24.1261,120.659,True,忠明,73,3.4013630939213098,Medium Risk,"Nearest AQI station (忠明) AQI: 73, Indoor facility"
臺中市立東峰國中,臺中市東區,仁和路330號,24.12626,120.68617,True,大里,76,3.065203032063672,Medium Risk,"Nearest AQI station (大里) AQI: 76, Indoor facility"
王田社區運動公園,臺中市大肚區,興和路332號附近,24.1264,120.5838,False,西屯,78,5.209177218799756,Warning,"Nearest AQI station (西屯) AQI: 78, Outdoor facility"
臺中市西區萬壽公園,臺中市西區,大墩路旁向上路與向上南路間,24.126479,120.650622,False,忠明,73,2.993624865664457,Warning,"Nearest AQI station (忠明) AQI: 73, Outdoor facility"
國立中興大學附屬臺中高級農業職業學校禮堂,臺中市東區,臺中路283號,24.1266,120.6856,False,大里,76,3.087649822551805,Warning,"Nearest AQI station (大里) AQI: 76, Outdoor facility"
好修社區活動中心,彰化縣和美鎮,月北路400巷21號,24.127,120.494,False,線西,117,2.5835612143136992,High Risk,Nearest AQI station (線西) AQI: 117
塭仔民眾活動中心,彰化縣線西鄉,塭仔路141號,24.128081,120.456135,True,線西,117,1.3711450621823245,High Risk,Nearest AQI station (線西) AQI: 117
溝內民眾活動中心,彰化縣線西鄉,溝內路34-1號,24.128334,120.454988,True,線西,117,1.4755558971170633,High Risk,Nearest AQI station (線西) AQI: 117
大智國小2樓禮堂,臺中市東區,大智路359號,24.1286,120.6908,True,大里,76,3.45874142916496,Medium Risk,"Nearest AQI station (大里) AQI: 76, Indoor facility"
線西國小,彰化縣線西鄉,中央路二段135號,24.1313,120.4697,True,線西,117,0.07691416217075177,High Risk,Nearest AQI station (線西) AQI: 117
崇仁活動中心,臺中市南區,柳川西路1段59號,24.1314,120.6606,True,忠明,73,3.0238772224519415,Medium Risk,"Nearest AQI station (忠明) AQI: 73, Indoor facility"
臺中國小活動中心,臺中市東區,臺中路153號,24.131516,120.684716,True,大里,76,3.6043084692919205,Medium Risk,"Nearest AQI station (大里) AQI: 76, Indoor facility"
線西國中,彰化縣線西鄉,中央路二段145號,24.1325,120.4687,True,線西,117,0.09908969521549639,High Risk,Nearest AQI station (線西) AQI: 117
長億國小〈行政大樓B1、操場、籃球場〉,臺中市太平區,太平三街 295 號,24.133,120.7164,True,大里,76,5.3500084243151695,Medium Risk,"Nearest AQI station (大里) AQI: 76, Indoor facility"
大忠國民小學一樓課照教室,臺中市大肚區,仁德路60號,24.133714,120.5542,False,西屯,78,7.108141968747749,Warning,"Nearest AQI station (西屯) AQI: 78, Outdoor facility"
培英國小,彰化縣和美鎮,彰新路5段310號,24.134,120.51,False,線西,117,4.1624032434247,High Risk,Nearest AQI station (線西) AQI: 117
寓埔民眾活動中心,彰化縣線西鄉,寓埔路177-1號,24.134332,120.45949,True,線西,117,1.0152699664909244,High Risk,Nearest AQI station (線西) AQI: 117
臺中市西區大勇國小禮堂,臺中市西區,忠明南路515號,24.1345,120.6578,True,忠明,73,2.577317460531573,Medium Risk,"Nearest AQI station (忠明) AQI: 73, Indoor facility"
南屯區公所4樓開放式會議室,臺中市南屯區,永春東路679號,24.1347,120.6441,False,忠明,73,1.9431226918518654,Warning,"Nearest AQI station (忠明) AQI: 73, Outdoor facility"
線西民眾活動中心,彰化縣線西鄉,中央路二段536巷31號,24.135832,120.463123,True,線西,117,0.7596407782196272,High Risk,Nearest AQI station (線西) AQI: 117
育英國中操場,臺中市東區,育英路30號,24.13594,120.69813,False,大里,76,4.5066289650387,Warning,"Nearest AQI station (大里) AQI: 76, Outdoor facility"
塗厝社區活動中心,彰化縣和美鎮,和厝路2段485號,24.136,120.508,False,線西,117,3.9805610613957345,High Risk,Nearest AQI station (線西) AQI: 117
南屯里活動中心,臺中市南屯區,南屯區南屯里萬和路一段五十號,24.1363,120.639,True,忠明,73,1.753982192793201,Medium Risk,"Nearest AQI station (忠明) AQI: 73, Indoor facility"
臺中市東區區公所禮堂,臺中市東區,長福路245號,24.136521,120.703797,False,大里,76,4.844032628941381,Warning,"Nearest AQI station (大里) AQI: 76, Outdoor facility"
線西鄉立幼兒園,彰化縣線西鄉,中央路二段386巷128號,24.1368,120.4668,False,線西,117,0.6146360642182074,High Risk,Nearest AQI station (線西) AQI: 117
春社里活動中心2、3樓,臺中市南屯區,南屯區春社里忠勇路二三之十二號,24.1374,120.612,True,西屯,78,2.802070931135912,Medium Risk,"Nearest AQI station (西屯) AQI: 78, Indoor facility"
祥順運動公園,臺中市太平區,宜昌路87巷,24.1383,120.7128,False,大里,76,5.537514992604529,Warning,"Nearest AQI station (大里) AQI: 76, Outdoor facility"
宜欣國小〈宜學樓、南大樓〉,臺中市太平區,太平區宜欣里新平路二段100號,24.1392,120.7153,True,大里,76,5.776562540725742,Medium Risk,"Nearest AQI station (大里) AQI: 76, Indoor facility"
臺中市西區忠信國小禮堂忠信堂,臺中市西區,林森路155號,24.1393,120.6686,True,臺灣大道,78,2.4909858413996617,Medium Risk,"Nearest AQI station (臺灣大道) AQI: 78, Indoor facility"
汴頭社區活動中心,彰化縣伸港鄉,汴頭路189號,24.139906,120.497037,False,線西,117,2.9828345343068476,High Risk,Nearest AQI station (線西) AQI: 117
頂庄民眾活動中心,彰化縣線西鄉,沿海路二段334巷32號,24.1403,120.4674,True,線西,117,0.9740828352695028,High Risk,Nearest AQI station (線西) AQI: 117
永定里社區活動中心,臺中市南屯區,南屯區永定里南美街70號,24.1404,120.6366,True,忠明,73,1.3636185755609953,Medium Risk,"Nearest AQI station (忠明) AQI: 73, Indoor facility"
臺中市西區區公所,臺中市西區,金山路11號,24.1412,120.6712,False,臺灣大道,78,2.456575752429716,Warning,"Nearest AQI station (臺灣大道) AQI: 78, Outdoor facility"
田新公園管理室,臺中市南屯區,南屯區大墩6街319巷41號1.2.3樓,24.1424,120.6443,True,忠明,73,1.1115288972480766,Medium Risk,"Nearest AQI station (忠明) AQI: 73, Indoor facility"
大同里活動中心3樓,臺中市南屯區,南屯區大同里大墩六街一六一號,24.1425,120.6502,True,忠明,73,1.400027162458246,Medium Risk,"Nearest AQI station (忠明) AQI: 73, Indoor facility"
台中公園,臺中市北區,自由路二段與公園路口,24.143637,120.684074,False,臺灣大道,78,3.253946837211772,Warning,"Nearest AQI station (臺灣大道) AQI: 78, Outdoor facility"
臺中市中區老人休閒活動中心,臺中市中區,成功路300號1樓,24.1439,120.6795,True,臺灣大道,78,2.85100812562117,Medium Risk,"Nearest AQI station (臺灣大道) AQI: 78, Indoor facility"
臺中市中區區公所六樓大禮堂,臺中市中區,成功路300號6樓,24.1439,120.6795,False,臺灣大道,78,2.85100812562117,Warning,"Nearest AQI station (臺灣大道) AQI: 78, Outdoor facility"
新港社區活動中心,彰化縣伸港鄉,自強路臨30號,24.143911,120.484731,False,線西,117,2.092947046582681,High Risk,Nearest AQI station (線西) AQI: 117
臺中市光復國小3樓禮堂及內操場,臺中市中區,三民路二段148號,24.143934,120.681722,True,臺灣大道,78,3.0346396436728305,Medium Risk,"Nearest AQI station (臺灣大道) AQI: 78, Indoor facility"
興中停車場,臺中市中區,臺灣大道一段及大誠街口,24.1442,120.6785,False,臺灣大道,78,2.749393427759694,Warning,"Nearest AQI station (臺灣大道) AQI: 78, Outdoor facility"
臺中市光復國民小學外操場,臺中市中區,臺中市中區三民路二段與公園路口,24.144587,120.681723,False,臺灣大道,78,2.9955173561712205,Warning,"Nearest AQI station (臺灣大道) AQI: 78, Outdoor facility"
伸港國中第二校區,彰化縣伸港鄉,建興路168號,24.144634,120.489958,False,線西,117,2.563931928269083,High Risk,Nearest AQI station (線西) AQI: 117
坪林國小〈南棟大樓B1.操場〉,臺中市太平區,坪林路45號,24.145,120.7371,True,大里,76,7.80425506700493,Medium Risk,"Nearest AQI station (大里) AQI: 76, Indoor facility"
進德國小一樓活動中心,臺中市東區,進化路135號,24.1452,120.6934,True,臺灣大道,78,4.022147858116299,Medium Risk,"Nearest AQI station (臺灣大道) AQI: 78, Indoor facility"
勤益科技大學〈工程館B1.操場〉,臺中市太平區,中山路二段57號,24.1464,120.7334,False,大里,76,7.627075805650646,Warning,"Nearest AQI station (大里) AQI: 76, Outdoor facility"
大道國中宗堯樓1樓,臺中市大肚區,大肚區仁德路60號,24.146936,120.548844,True,西屯,78,7.1120482450264575,Medium Risk,"Nearest AQI station (西屯) AQI: 78, Indoor facility"
地潭社區活動中心,彰化縣和美鎮,晉北路458號,24.147,120.516,False,線西,117,5.058733095855104,High Risk,Nearest AQI station (線西) AQI: 117
文德宮,彰化縣伸港鄉,嘉二路47號,24.147211,120.492403,False,線西,117,2.9318055643134167,High Risk,Nearest AQI station (線西) AQI: 117
中華國小〈前棟B1、操場〉,臺中市太平區,大源路1-20號,24.1473,120.726,True,臺灣大道,78,7.147430638161226,Medium Risk,"Nearest AQI station (臺灣大道) AQI: 78, Indoor facility"
泉州社區活動中心,彰化縣伸港鄉,仁愛路123號,24.14783,120.480758,False,線西,117,2.153330688308912,High Risk,Nearest AQI station (線西) AQI: 117
太平國中〈行政大樓B1〉,臺中市太平區,中山路二段116號,24.1483,120.7346,True,大里,76,7.860533906117643,Medium Risk,"Nearest AQI station (大里) AQI: 76, Indoor facility"
伸東國民小學,彰化縣伸港鄉,中華路565號,24.1484,120.4879,False,線西,117,2.6672271617284395,High Risk,Nearest AQI station (線西) AQI: 117
伸港鄉老人文康活動中心,彰化縣伸港鄉,忠孝東街50號,24.1486,120.4878,True,線西,117,2.6755616651563625,High Risk,Nearest AQI station (線西) AQI: 117
惠智公園管理室1、2樓,臺中市南屯區,南屯區三和里大墩十一街五一八號,24.1489,120.6391,True,忠明,73,0.3955666663218843,Medium Risk,"Nearest AQI station (忠明) AQI: 73, Indoor facility"
大新活動中心3樓,臺中市南屯區,南屯區大業里大墩十一街六四號,24.1489,120.6526,True,臺灣大道,78,1.1876080911264166,Medium Risk,"Nearest AQI station (臺灣大道) AQI: 78, Indoor facility"
蚵寮社區活動中心,彰化縣伸港鄉,蚵寮路132-5號,24.149014,120.457273,False,線西,117,2.2691942581907387,High Risk,Nearest AQI station (線西) AQI: 117
臺中市北區太平國小大禮堂及操場,臺中市北區,北區錦平里太平路74號,24.1492,120.682,True,臺灣大道,78,2.7832899699281115,Medium Risk,"Nearest AQI station (臺灣大道) AQI: 78, Indoor facility"
泉厝社區活動中心,彰化縣伸港鄉,泉厝路44-3號,24.149574,120.479829,False,線西,117,2.2707663506973543,High Risk,Nearest AQI station (線西) AQI: 117
伸仁國民小學,彰化縣伸港鄉,曾家路3之15號,24.1499,120.4696,False,線西,117,2.0275988935482117,High Risk,Nearest AQI station (線西) AQI: 117
湖內社區活動中心,彰化縣和美鎮,湖竹路5號,24.1503,120.5093,True,線西,117,4.5784016099887355,High Risk,Nearest AQI station (線西) AQI: 117
大湖里光大里聯合活動中心,臺中市北區,柳川東路四段28號,24.150323,120.679493,False,臺灣大道,78,2.5004608494194693,Warning,"Nearest AQI station (臺灣大道) AQI: 78, Outdoor facility"
大肚社區活動中心,臺中市大肚區,沙田路2段646號,24.150654,120.545482,True,西屯,78,7.36041099661049,Medium Risk,"Nearest AQI station (西屯) AQI: 78, Indoor facility"
力行國小活動中心,臺中市東區,進化路223號,24.150696,120.69394,True,臺灣大道,78,3.8858070306133206,Medium Risk,"Nearest AQI station (臺灣大道) AQI: 78, Indoor facility"
新港國民國小,彰化縣伸港鄉,和平路60號,24.151,120.4768,True,線西,117,2.288145827914396,High Risk,Nearest AQI station (線西) AQI: 117
大肚區公所五樓,臺中市大肚區,沙田路2段646號,24.151237,120.545324,False,西屯,78,7.365176148127101,Warning,"Nearest AQI station (西屯) AQI: 78, Outdoor facility"
新光國小行政大樓,臺中市太平區,新興路200號,24.1524,120.7066,True,臺灣大道,78,5.112989601830895,Medium Risk,"Nearest AQI station (臺灣大道) AQI: 78, Indoor facility"
臺中市西區中正國小禮堂中正館,臺中市西區,英才路423號,24.1526,120.6667,True,臺灣大道,78,1.2320041729337312,Medium Risk,"Nearest AQI station (臺灣大道) AQI: 78, Indoor facility"
臺中市西區和龍民龍聯合里活動中心中心,臺中市西區,西屯路1段169號,24.1535,120.6702,True,臺灣大道,78,1.4944862130030245,Medium Risk,"Nearest AQI station (臺灣大道) AQI: 78, Indoor facility"
老人活動中心,臺中市大肚區,大肚區頂街里大德六街30號,24.15352,120.540571,True,線西,117,7.6519206443776735,High Risk,Nearest AQI station (線西) AQI: 117
大肚國小體育館,臺中市大肚區,大肚區頂街里華山路77號,24.1546,120.5463,True,西屯,78,7.214161201227992,Medium Risk,"Nearest AQI station (西屯) AQI: 78, Indoor facility"
新平國小〈南棟B1、操場、籃球場〉,臺中市太平區,樹孝路三三六巷九號,24.1547,120.7201,True,臺灣大道,78,6.448211646524756,Medium Risk,"Nearest AQI station (臺灣大道) AQI: 78, Indoor facility"
黎明里活動中心,臺中市南屯區,南屯區黎明里干城街150號,24.1555,120.6296,True,忠明,73,1.2307000793676985,Medium Risk,"Nearest AQI station (忠明) AQI: 73, Indoor facility"
黃竹國小〈戶外操場〉,臺中市太平區,竹村路41號,24.1556,120.7344,True,臺灣大道,78,7.890627950097325,Medium Risk,"Nearest AQI station (臺灣大道) AQI: 78, Indoor facility"
何南、何成里聯合活動中心,臺中市西屯區,大墩十七街88號3樓,24.1557,120.648109,True,忠明,73,0.8246185600720869,Medium Risk,"Nearest AQI station (忠明) AQI: 73, Indoor facility"
大同社區活動中心,彰化縣伸港鄉,大同路82號,24.156642,120.47616,False,線西,117,2.8684520641731686,High Risk,Nearest AQI station (線西) AQI: 117
什股社區活動中心,彰化縣伸港鄉,什股路99-1號,24.156642,120.47616,False,線西,117,2.8684520641731686,High Risk,Nearest AQI station (線西) AQI: 117
臺中市西區忠明國小禮堂忠明館,臺中市西區,臺灣大道1段414號,24.1578,120.6591,True,臺灣大道,78,0.271483801827016,Medium Risk,"Nearest AQI station (臺灣大道) AQI: 78, Indoor facility"
臺中市西區忠明高中禮堂忠明館,臺中市西區,博館路166號,24.1579,120.6637,True,臺灣大道,78,0.7177329800342943,Medium Risk,"Nearest AQI station (臺灣大道) AQI: 78, Indoor facility"
新光國中〈活動中心.操場〉,臺中市太平區,樹德九街139號,24.1579,120.7093,True,臺灣大道,78,5.336628349000934,Medium Risk,"Nearest AQI station (臺灣大道) AQI: 78, Indoor facility"
中和社區活動中心,臺中市大肚區,大肚區中和里南榮路299號,24.158601,120.544456,True,西屯,78,7.3623686955995185,Medium Risk,"Nearest AQI station (西屯) AQI: 78, Indoor facility"
營埔社區活動中心,臺中市大肚區,大肚區營埔里營埔巷155號,24.158601,120.5446,True,西屯,78,7.34778083765354,Medium Risk,"Nearest AQI station (西屯) AQI: 78, Indoor facility"
永順社區活動中心,臺中市大肚區,大肚區永順里文昌路2段643號,24.1588,120.5331,True,線西,117,7.163863993069688,High Risk,Nearest AQI station (線西) AQI: 117
頂街社區活動中心,臺中市大肚區,大肚區頂街里沙田路3段244巷9號,24.1589,120.5446,True,西屯,78,7.346037999839821,Medium Risk,"Nearest AQI station (西屯) AQI: 78, Indoor facility"
臺中市新社區中興合作農場,臺中市新社區,新社區中和里中興街158之1號,24.1589,120.8262,False,豐原,71,13.820177362663424,Warning,"Nearest AQI station (豐原) AQI: 71, Outdoor facility"
臺中市北區乾溝子活動中心,臺中市北區,北區淡溝里西屯路一段299號一樓,24.1591,120.6662,True,臺灣大道,78,0.9629600209748557,Medium Risk,"Nearest AQI station (臺灣大道) AQI: 78, Indoor facility"
山陽國小防空避難室,臺中市大肚區,大肚區山陽里榮華街630號,24.159312,120.544865,True,西屯,78,7.317022778376488,Medium Risk,"Nearest AQI station (西屯) AQI: 78, Indoor facility"
臺中市新社區大林國小,臺中市新社區,新社區福興里美林38號,24.159481,120.863914,True,豐原,71,16.40539032652163,Medium Risk,"Nearest AQI station (豐原) AQI: 71, Indoor facility"
省三國小育德館及操場,臺中市北區,北區邱厝里崇德路一段107號,24.1599,120.6848,True,臺灣大道,78,2.8519391932553373,Medium Risk,"Nearest AQI station (臺灣大道) AQI: 78, Indoor facility"
鐵山社區活動中心,彰化縣和美鎮,鎮東路190號,24.16,120.519,False,線西,117,5.966385402167138,High Risk,Nearest AQI station (線西) AQI: 117
溪底社區活動中心,彰化縣伸港鄉,溪底路103-2號,24.160703,120.501452,False,線西,117,4.606761182245969,High Risk,Nearest AQI station (線西) AQI: 117
漢口國中（操場）,臺中市西屯區,漢口路一段54之1號,24.16176,120.657033,False,臺灣大道,78,0.3196899838748668,Warning,"Nearest AQI station (臺灣大道) AQI: 78, Outdoor facility"
何安里活動中心,臺中市西屯區,四川路120號3樓,24.162332,120.653758,True,臺灣大道,78,0.4851781050673761,Medium Risk,"Nearest AQI station (臺灣大道) AQI: 78, Indoor facility"
大同國民國小,彰化縣伸港鄉,彰新路7段724號,24.1625,120.4845,True,線西,117,3.768899584101945,High Risk,Nearest AQI station (線西) AQI: 117
瑞井社區活動中心,臺中市大肚區,大肚區瑞井里瑞井路62巷14之1號,24.16335,120.572365,True,西屯,78,4.521739654700231,Medium Risk,"Nearest AQI station (西屯) AQI: 78, Indoor facility"
臺中市新社區福民國小,臺中市新社區,新社區福興里福民16之7號,24.163651,120.880962,True,豐原,71,17.45992316138711,Medium Risk,"Nearest AQI station (豐原) AQI: 71, Indoor facility"
惠來國小（三期活動中心、操場）,臺中市西屯區,文中路168號,24.16493,120.6497,True,臺灣大道,78,0.9775096665961888,Medium Risk,"Nearest AQI station (臺灣大道) AQI: 78, Indoor facility"
海尾社區活動中心,彰化縣伸港鄉,海尾路3-2號,24.165165,120.485127,False,線西,117,4.065384381048923,High Risk,Nearest AQI station (線西) AQI: 117
西屯區公所,臺中市西屯區,市政北二路386號,24.165436,120.633793,False,忠明,73,1.6716571774140663,Warning,"Nearest AQI station (忠明) AQI: 73, Outdoor facility"
臺中市北區明德活動中心,臺中市北區,北區明德里太原四街23號二樓,24.1657,120.6694,True,臺灣大道,78,1.4929634127106948,Medium Risk,"Nearest AQI station (臺灣大道) AQI: 78, Indoor facility"
臺中市北區行政大樓,臺中市北區,北區賴厝里永興街301號,24.166,120.6822,False,臺灣大道,78,2.7037552324006042,Warning,"Nearest AQI station (臺灣大道) AQI: 78, Outdoor facility"
臺中市立東山高級中學禮堂、操場,臺中市北屯區,北屯區水景里景賢六路200號,24.1666,120.7122,False,臺灣大道,78,5.694239342996077,Warning,"Nearest AQI station (臺灣大道) AQI: 78, Outdoor facility"
定興社區活動中心,彰化縣伸港鄉,定興路63-2號,24.166813,120.496962,False,線西,117,4.825219213618146,High Risk,Nearest AQI station (線西) AQI: 117
臺中市立三光國民中學（禮堂、操場）,臺中市北屯區,三光一街77號,24.167354,120.698404,False,臺灣大道,78,4.333045161229071,Warning,"Nearest AQI station (臺灣大道) AQI: 78, Outdoor facility"
文昌國民小學（活動中心-弘文堂、操場）,臺中市北屯區,40652 臺中市北屯區昌平路一段91號,24.168188,120.693207,True,臺灣大道,78,3.843927046933865,Medium Risk,"Nearest AQI station (臺灣大道) AQI: 78, Indoor facility"
中山國中（操場）,臺中市西屯區,寧夏路179號,24.168445,120.660187,False,臺灣大道,78,1.1184044602906196,Warning,"Nearest AQI station (臺灣大道) AQI: 78, Outdoor facility"
逢甲國民小學（操場、校舍頂樓）,臺中市北屯區,北坑巷60號,24.168462,120.759755,False,豐原,71,9.99855954520781,Warning,"Nearest AQI station (豐原) AQI: 71, Outdoor facility"
臺中市北區長青里活動中心,臺中市北區,北區長青里陝西路66之2號三樓,24.1691,120.6685,True,臺灣大道,78,1.6482747964171656,Medium Risk,"Nearest AQI station (臺灣大道) AQI: 78, Indoor facility"
長安國小（操場跑道）,臺中市西屯區,櫻花路18號,24.169105,120.653078,False,臺灣大道,78,1.1931047213086865,Warning,"Nearest AQI station (臺灣大道) AQI: 78, Outdoor facility"
何福、何德里聯合活動中心,臺中市西屯區,河南路125號3樓,24.169681,120.662291,True,臺灣大道,78,1.3257302108788873,Medium Risk,"Nearest AQI station (臺灣大道) AQI: 78, Indoor facility"
協和國小（學生活動中心、操場）,臺中市西屯區,安和路99號,24.169862,120.620071,True,西屯,78,0.9103922296976557,Medium Risk,"Nearest AQI station (西屯) AQI: 78, Indoor facility"
四維國民小學（活動中心）,臺中市北屯區,40654 臺中市北屯區文心路四段956號,24.170777,120.695314,True,臺灣大道,78,4.1329893598966745,Medium Risk,"Nearest AQI station (臺灣大道) AQI: 78, Indoor facility"
何源里活動中心,臺中市西屯區,漢成街152號,24.170797,120.665542,True,臺灣大道,78,1.5977083545501716,Medium Risk,"Nearest AQI station (臺灣大道) AQI: 78, Indoor facility"
臺中市北區賴興活動中心,臺中市北區,北區賴興里山西路二段125號三、四樓,24.1718,120.6757,True,臺灣大道,78,2.401812573005,Medium Risk,"Nearest AQI station (臺灣大道) AQI: 78, Indoor facility"
上安國小（活動中心、操場）,臺中市西屯區,上安路156號,24.172074,120.639105,True,忠明,73,2.2458626601378695,Medium Risk,"Nearest AQI station (忠明) AQI: 73, Indoor facility"
東光國民小學（活動中心、操場）,臺中市北屯區,東光路926號,24.17211,120.701827,True,臺灣大道,78,4.806958916007327,Medium Risk,"Nearest AQI station (臺灣大道) AQI: 78, Indoor facility"
文心國民小學（禮堂、操場）,臺中市北屯區,文心路四段575號,24.17296,120.682577,False,臺灣大道,78,3.0545258776117996,Warning,"Nearest AQI station (臺灣大道) AQI: 78, Outdoor facility"
崇德國民中學（崇德館、操場）,臺中市北屯區,崇德路二段227號,24.17296,120.682577,False,臺灣大道,78,3.0545258776117996,Warning,"Nearest AQI station (臺灣大道) AQI: 78, Outdoor facility"
上石國小（活動中心、操場）,臺中市西屯區,西屯路二段上石南六巷25號,24.173681,120.643286,True,臺灣大道,78,2.1345507040234244,Medium Risk,"Nearest AQI station (臺灣大道) AQI: 78, Indoor facility"
中達里育德里邱厝里聯合活動中心,臺中市北區,英才路172號,24.173738,120.674392,False,臺灣大道,78,2.437140898322681,Warning,"Nearest AQI station (臺灣大道) AQI: 78, Outdoor facility"
平順里、平心里、平福里活動中心（3樓）,臺中市北屯區,旅順路二段78號三樓,24.1741,120.6877,True,臺灣大道,78,3.5693462954632595,Medium Risk,"Nearest AQI station (臺灣大道) AQI: 78, Indoor facility"
至善國中（至善館、操場）,臺中市西屯區,青海路二段308號,24.174335,120.640194,True,臺灣大道,78,2.3986415867376016,Medium Risk,"Nearest AQI station (臺灣大道) AQI: 78, Indoor facility"
青少年活動中心,臺中市北屯區,安順東五街13號,24.1744,120.6826,True,臺灣大道,78,3.141433770409938,Medium Risk,"Nearest AQI station (臺灣大道) AQI: 78, Indoor facility"
中台科技大學羽球館,臺中市北屯區,?子路666號,24.1745,120.7357,False,臺灣大道,78,8.198990049120987,Warning,"Nearest AQI station (臺灣大道) AQI: 78, Outdoor facility"
大福社區活動中心,臺中市西屯區,長安路二段158號,24.174643,120.666744,True,臺灣大道,78,2.024939673730451,Medium Risk,"Nearest AQI station (臺灣大道) AQI: 78, Indoor facility"
建功國民小學（地下室停車場）,臺中市北屯區,軍和街43號,24.175695,120.715938,False,臺灣大道,78,6.292051111695058,Warning,"Nearest AQI station (臺灣大道) AQI: 78, Outdoor facility"
軍功國民小學（禮堂、操場）,臺中市北屯區,軍福十三路300號,24.175695,120.715938,False,臺灣大道,78,6.292051111695058,Warning,"Nearest AQI station (臺灣大道) AQI: 78, Outdoor facility"
福安地區各里聯合活動中心,臺中市西屯區,中工三路199號2、3樓,24.176043,120.618029,True,西屯,78,1.5437323184640859,Medium Risk,"Nearest AQI station (西屯) AQI: 78, Indoor facility"
全興社區活動中心,彰化縣伸港鄉,東全路11號,24.176072,120.488453,False,線西,117,5.314658802317084,High Risk,Nearest AQI station (線西) AQI: 117
鵬程里活動中心,臺中市西屯區,逢大路65號,24.176403,120.648648,True,臺灣大道,78,2.1111560969551206,Medium Risk,"Nearest AQI station (臺灣大道) AQI: 78, Indoor facility"
瑞峰國小防空避難室,臺中市大肚區,大肚區蔗篰里太平路1號,24.17668,120.574604,True,西屯,78,4.584697042615842,Medium Risk,"Nearest AQI station (西屯) AQI: 78, Indoor facility"
瀋陽公園管理室（活動中心1、2樓）,臺中市北屯區,北屯區水湳里瀋陽北路21號,24.1769,120.6724,True,臺灣大道,78,2.5572023707319733,Medium Risk,"Nearest AQI station (臺灣大道) AQI: 78, Indoor facility"
大鵬國小（綜合球場）,臺中市西屯區,中平路268號,24.17748,120.6653,False,臺灣大道,78,2.2422265093788902,Warning,"Nearest AQI station (臺灣大道) AQI: 78, Outdoor facility"
僑孝國民小學（活動中心）,臺中市北屯區,40654 臺中市北屯區北屯路435號,24.177756,120.699648,True,臺灣大道,78,4.834229033519152,Medium Risk,"Nearest AQI station (臺灣大道) AQI: 78, Indoor facility"
軍功里活動中心,臺中市北屯區,26鄰軍和街123號,24.177863,120.717838,True,臺灣大道,78,6.549904908971013,Medium Risk,"Nearest AQI station (臺灣大道) AQI: 78, Indoor facility"
四箴國中操場、體育館,臺中市龍井區,新庄里中沙路2號,24.178195,120.576947,True,西屯,78,4.427879362965564,Medium Risk,"Nearest AQI station (西屯) AQI: 78, Indoor facility"
北新國民中學（活動中心）,臺中市北屯區,柳陽東街180號,24.178882,120.695925,True,臺灣大道,78,4.556603295434549,Medium Risk,"Nearest AQI station (臺灣大道) AQI: 78, Indoor facility"
竹坑里活動中心,臺中市龍井區,竹師路一段164巷2號,24.18031,120.546391,True,沙鹿,92,5.527695716935335,Medium Risk,"Nearest AQI station (沙鹿) AQI: 92, Indoor facility"
龍峰國小操場,臺中市龍井區,中沙路新庄仔巷2號,24.180456,120.576147,False,西屯,78,4.607411119552376,Warning,"Nearest AQI station (西屯) AQI: 78, Outdoor facility"
仁愛國民小學（禮堂三樓、操場）,臺中市北屯區,四平路71號,24.180481,120.671897,False,臺灣大道,78,2.8516481460569,Warning,"Nearest AQI station (臺灣大道) AQI: 78, Outdoor facility"
北屯國民小學（禮堂、操場）,臺中市北屯區,進化北路2號,24.180481,120.671897,False,臺灣大道,78,2.8516481460569,Warning,"Nearest AQI station (臺灣大道) AQI: 78, Outdoor facility"
大德國民中學（操場）,臺中市北屯區,雷中街2-23號,24.180564,120.669137,False,臺灣大道,78,2.7188181735353494,Warning,"Nearest AQI station (臺灣大道) AQI: 78, Outdoor facility"
大德公園管理室（1、2樓）,臺中市北屯區,北屯區大德里平德路3號,24.1815,120.6719,True,臺灣大道,78,2.9477894676364436,Medium Risk,"Nearest AQI station (臺灣大道) AQI: 78, Indoor facility"
舊社公園活動中心（1、2樓、室外）,臺中市北屯區,北屯區松勇里松竹路2段59巷5號,24.1815,120.7007,True,臺灣大道,78,5.121465249570434,Medium Risk,"Nearest AQI station (臺灣大道) AQI: 78, Indoor facility"
西安、西墩、至善里聯合活動中心,臺中市西屯區,光明路160號,24.181647,120.639943,True,臺灣大道,78,3.0481558056693125,Medium Risk,"Nearest AQI station (臺灣大道) AQI: 78, Indoor facility"
北屯區公所六樓禮堂,臺中市北屯區,北屯區仁和里崇德路三段10號,24.1827,120.6867,False,臺灣大道,78,4.032246610776118,Warning,"Nearest AQI station (臺灣大道) AQI: 78, Outdoor facility"
臺中市東勢區慶福社區活動中心,臺中市東勢區,東關路4段1068號,24.182864,120.840965,True,豐原,71,12.946188058265117,Medium Risk,"Nearest AQI station (豐原) AQI: 71, Indoor facility"
龍井國小操場、龍騰館,臺中市龍井區,龍門路51號,24.183711,120.529836,True,沙鹿,92,6.110294396938556,Medium Risk,"Nearest AQI station (沙鹿) AQI: 92, Indoor facility"
永安國小（永安館、操場）,臺中市西屯區,西屯路三段133號,24.184845,120.625082,True,西屯,78,2.6510596323556204,Medium Risk,"Nearest AQI station (西屯) AQI: 78, Indoor facility"
陳平國民小學（地下活動中心）,臺中市北屯區,陳平路58號,24.185321,120.667549,True,臺灣大道,78,3.136868646458635,Medium Risk,"Nearest AQI station (臺灣大道) AQI: 78, Indoor facility"
東海國小（操場、籃球場）,臺中市西屯區,國際街75號,24.18602,120.5896,False,西屯,78,3.8335870159834164,Warning,"Nearest AQI station (西屯) AQI: 78, Outdoor facility"
后庄社區活動中心,臺中市北屯區,庄內巷11-1號,24.18809,120.66498,True,臺灣大道,78,3.3524209589603253,Medium Risk,"Nearest AQI station (臺灣大道) AQI: 78, Indoor facility"
麗陽營區,臺中市和平區,東關路一段岳武巷5號,24.1883,120.9866,False,埔里,70,24.476325155287203,Warning,"Nearest AQI station (埔里) AQI: 70, Outdoor facility"
福科國中（操場、籃球場）,臺中市西屯區,福林路333號,24.1892,120.6138,False,西屯,78,3.019199621589831,Warning,"Nearest AQI station (西屯) AQI: 78, Outdoor facility"
龍崗社區活動中心,臺中市龍井區,福恩街58號,24.189607,120.548065,True,沙鹿,92,4.523539071459715,Medium Risk,"Nearest AQI station (沙鹿) AQI: 92, Indoor facility"
松竹國民小學（勁竹及松青樓地下室）,臺中市北屯區,昌平路二段12號,24.190797,120.686684,False,臺灣大道,78,4.671679870179111,Warning,"Nearest AQI station (臺灣大道) AQI: 78, Outdoor facility"
仁美國民小學（地下室、活動中心、操場）,臺中市北屯區,崇德路三段568號,24.190797,120.686684,True,臺灣大道,78,4.671679870179111,Medium Risk,"Nearest AQI station (臺灣大道) AQI: 78, Indoor facility"
臺中市東勢區慶福里社區活動中心戶外停車場,臺中市東勢區,東勢區慶福里慶福街75號,24.191,120.8438,False,豐原,71,12.622318070035115,Warning,"Nearest AQI station (豐原) AQI: 71, Outdoor facility"
龍井國中操場,臺中市龍井區,觀光路9號,24.192285,120.544059,False,沙鹿,92,4.476470698831356,Warning,"Nearest AQI station (沙鹿) AQI: 92, Outdoor facility"
龍井區公所禮堂,臺中市龍井區,沙田路四段247號,24.19268,120.545584,False,沙鹿,92,4.354652636430415,Warning,"Nearest AQI station (沙鹿) AQI: 92, Outdoor facility"
協成國小（教學及行政大樓）,臺中市新社區,興義街219號,24.192772,120.813491,True,豐原,71,10.138431900745292,Medium Risk,"Nearest AQI station (豐原) AQI: 71, Indoor facility"
四張犁國民中學（活動中心、操場）,臺中市北屯區,后庄路699號,24.193528,120.677436,True,臺灣大道,78,4.387027659537061,Medium Risk,"Nearest AQI station (臺灣大道) AQI: 78, Indoor facility"
國安國小（新大樓活動中心、操場）,臺中市西屯區,國祥街1號,24.193578,120.609081,True,西屯,78,3.5788011011837284,Medium Risk,"Nearest AQI station (西屯) AQI: 78, Indoor facility"
新興國民小學（禮堂、操場）,臺中市北屯區,新興路20號,24.195039,120.662753,False,臺灣大道,78,4.064944542248906,Warning,"Nearest AQI station (臺灣大道) AQI: 78, Outdoor facility"
四張犁國民小學（操場）,臺中市北屯區,后庄路910號,24.195039,120.662753,False,臺灣大道,78,4.064944542248906,Warning,"Nearest AQI station (臺灣大道) AQI: 78, Outdoor facility"
龍泉國小操場,臺中市龍井區,龍泉里龍新路162號,24.195841,120.547464,False,沙鹿,92,3.955975673597724,Warning,"Nearest AQI station (沙鹿) AQI: 92, Outdoor facility"
四民里仁和里仁美里同榮里聯合活動中心室內、室外,臺中市北屯區,16鄰豐樂一街78號,24.196262,120.680523,True,臺灣大道,78,4.805645365485847,Medium Risk,"Nearest AQI station (臺灣大道) AQI: 78, Indoor facility"
頭家國小-多功能教室,臺中市潭子區,得福街185號,24.197026,120.696224,True,臺灣大道,78,5.834247560860961,Medium Risk,"Nearest AQI station (臺灣大道) AQI: 78, Indoor facility"
泰安國小（育才堂、操場）,臺中市西屯區,環中路二段368號,24.197845,120.648858,True,臺灣大道,78,4.403148607250938,Medium Risk,"Nearest AQI station (臺灣大道) AQI: 78, Indoor facility"
頭家里/頭家東里活動中心,臺中市潭子區,精忠新城101號,24.197913,120.699067,False,臺灣大道,78,6.105684806633378,Warning,"Nearest AQI station (臺灣大道) AQI: 78, Outdoor facility"
拍瀑拉水裡社公園,臺中市龍井區,中社路一街、二街,24.198537,120.562822,False,沙鹿,92,3.072660977667624,Warning,"Nearest AQI station (沙鹿) AQI: 92, Outdoor facility"
龍港國小操場,臺中市龍井區,三港路1號,24.198733,120.500933,False,沙鹿,92,7.503717276646844,Warning,"Nearest AQI station (沙鹿) AQI: 92, Outdoor facility"
大坑國小1.2樓教室、操場,臺中市北屯區,北屯區大坑里東山路二段112號,24.1988,120.7607,True,豐原,71,6.728584463351904,Medium Risk,"Nearest AQI station (豐原) AQI: 71, Indoor facility"
龍津國小操場、綜合教學大樓,臺中市龍井區,中央路1段165巷50號,24.201067,120.521677,True,沙鹿,92,5.5036699920559,Medium Risk,"Nearest AQI station (沙鹿) AQI: 92, Indoor facility"
潭陽社區活動中心,臺中市潭子區,中山路二段237巷9號,24.201197,120.703471,True,臺灣大道,78,6.679736442620811,Medium Risk,"Nearest AQI station (臺灣大道) AQI: 78, Indoor facility"
麗水社區活動中心,臺中市龍井區,龍港路349巷2號,24.2022,120.5011,True,沙鹿,92,7.342647338225251,Medium Risk,"Nearest AQI station (沙鹿) AQI: 92, Indoor facility"
臺中市東勢區慶東社區活動中心,臺中市東勢區,慶東街慶城2巷5號,24.2023,120.8422,True,豐原,71,11.79595907255175,Medium Risk,"Nearest AQI station (豐原) AQI: 71, Indoor facility"
僑忠國小-體育館,臺中市潭子區,中山路二段31號,24.202497,120.70371,True,臺灣大道,78,6.799253822801881,Medium Risk,"Nearest AQI station (臺灣大道) AQI: 78, Indoor facility"
新興國小-專科教室,臺中市潭子區,潭興路一段25號,24.203989,120.725525,True,豐原,71,6.141120591382248,Medium Risk,"Nearest AQI station (豐原) AQI: 71, Indoor facility"
龍津國中操場,臺中市龍井區,三港路130號,24.204522,120.521049,False,沙鹿,92,5.3806686192110575,Warning,"Nearest AQI station (沙鹿) AQI: 92, Outdoor facility"
臺中市東勢區東華國中教室,臺中市東勢區,東關路五段490號,24.2054,120.8397,True,豐原,71,11.402108417315954,Medium Risk,"Nearest AQI station (豐原) AQI: 71, Indoor facility"
東興國小（一樓課照教室）,臺中市新社區,興社街一段國校巷13號,24.206154,120.820101,True,豐原,71,9.687021527233323,Medium Risk,"Nearest AQI station (豐原) AQI: 71, Indoor facility"
臺中市東勢區成功國小,臺中市東勢區,東關路五段600號,24.208311,120.839784,True,豐原,71,11.250080871628676,Medium Risk,"Nearest AQI station (豐原) AQI: 71, Indoor facility"
潭子國中-活動中心,臺中市潭子區,潭興路二段419巷1號,24.210191,120.70836,True,豐原,71,6.252058998198611,Medium Risk,"Nearest AQI station (豐原) AQI: 71, Indoor facility"
潭子區運動公園,臺中市潭子區,勝利路138號,24.21106,120.700706,False,豐原,71,6.638588936728442,Warning,"Nearest AQI station (豐原) AQI: 71, Outdoor facility"
臺中市大雅區三和公園,臺中市大雅區,龍善二街,24.211845,120.665252,False,臺灣大道,78,5.950618219282263,Warning,"Nearest AQI station (臺灣大道) AQI: 78, Outdoor facility"
臺中市大雅區大明國小活動中心,臺中市大雅區,中清路三段92號,24.2128,120.6499,True,臺灣大道,78,6.033095123499696,Medium Risk,"Nearest AQI station (臺灣大道) AQI: 78, Indoor facility"
潭陽國小-業勤樓,臺中市潭子區,潭陽路19號,24.213042,120.710128,True,豐原,71,5.888863537339018,Medium Risk,"Nearest AQI station (豐原) AQI: 71, Indoor facility"
合作國小,臺中市豐原區,豐原區三村里西勢路410號,24.2131,120.5581,True,沙鹿,92,1.7653977450640106,Medium Risk,"Nearest AQI station (沙鹿) AQI: 92, Indoor facility"
潭北社區活動中心,臺中市潭子區,潭子街三段公廳巷18號,24.2141,120.7089,True,豐原,71,5.8631024117281285,Medium Risk,"Nearest AQI station (豐原) AQI: 71, Indoor facility"
山腳社區活動中心,臺中市龍井區,龍山街58號,24.214287,120.549368,True,沙鹿,92,2.3390016934516233,Medium Risk,"Nearest AQI station (沙鹿) AQI: 92, Indoor facility"
東寶國小-綜合教室,臺中市潭子區,雅潭路三段2號,24.214805,120.67952,True,臺灣大道,78,6.632927558846034,Medium Risk,"Nearest AQI station (臺灣大道) AQI: 78, Indoor facility"
忠和社區活動中心,臺中市龍井區,海尾路45巷23號,24.21486,120.524048,True,沙鹿,92,4.692875025348127,Medium Risk,"Nearest AQI station (沙鹿) AQI: 92, Indoor facility"
新田社區活動中心,臺中市潭子區,豐興路二段412號,24.214974,120.723225,True,豐原,71,5.065967946350027,Medium Risk,"Nearest AQI station (豐原) AQI: 71, Indoor facility"
潭秀社區活動中心,臺中市潭子區,雅潭路一段39巷10號,24.215286,120.703871,True,豐原,71,6.072236016379904,Medium Risk,"Nearest AQI station (豐原) AQI: 71, Indoor facility"
潭子國小-圖書室,臺中市潭子區,中山路二段435號,24.215893,120.705361,True,豐原,71,5.923601505368662,Medium Risk,"Nearest AQI station (豐原) AQI: 71, Indoor facility"
龍海國小操場,臺中市龍井區,中央路3段206號,24.215956,120.526677,False,沙鹿,92,4.404269331125553,Warning,"Nearest AQI station (沙鹿) AQI: 92, Outdoor facility"
臺中市立大華國中地下室,臺中市大雅區,雅環路一段2號,24.2161,120.6496,True,臺灣大道,78,6.401118986531617,Medium Risk,"Nearest AQI station (臺灣大道) AQI: 78, Indoor facility"
臺中市大雅區西寶社區活動中心,臺中市大雅區,雅潭路3段600號,24.2161,120.668,True,臺灣大道,78,6.462602395175532,Medium Risk,"Nearest AQI station (臺灣大道) AQI: 78, Indoor facility"
潭秀國中-體育館,臺中市潭子區,雅潭路一段175號,24.216172,120.699522,True,豐原,71,6.294335401512448,Medium Risk,"Nearest AQI station (豐原) AQI: 71, Indoor facility"
臺中市北勢國小禮堂,臺中市沙鹿區,沙鹿區六路里南陽路376號,24.216935,120.571552,True,沙鹿,92,1.0062650370798374,Medium Risk,"Nearest AQI station (沙鹿) AQI: 92, Indoor facility"
南勢社區活動中心,臺中市沙鹿區,南勢里南陽路458號,24.217386,120.567801,True,沙鹿,92,0.9219839406064677,Medium Risk,"Nearest AQI station (沙鹿) AQI: 92, Indoor facility"
南陽國小,臺中市豐原區,豐原區中陽里南陽路440號,24.2187,120.5677,True,沙鹿,92,0.7783054005402366,Medium Risk,"Nearest AQI station (沙鹿) AQI: 92, Indoor facility"
臺中市東勢區上城社區活動中心,臺中市東勢區,上城街170巷16號,24.2188,120.84,True,豐原,71,10.75736328898912,Medium Risk,"Nearest AQI station (豐原) AQI: 71, Indoor facility"
馬力埔社區活動中心,臺中市新社區,中和街一段8號,24.218895,120.792343,True,豐原,71,6.592856688567252,Medium Risk,"Nearest AQI station (豐原) AQI: 71, Indoor facility"
臺中市大雅區文雅國小地下室,臺中市大雅區,中山北路235號,24.2195,120.6461,True,臺灣大道,78,6.823828092323865,Medium Risk,"Nearest AQI station (臺灣大道) AQI: 78, Indoor facility"
臺中市大雅區三和國小體育館,臺中市大雅區,春亭二街一號,24.2199,120.6667,True,臺灣大道,78,6.858145311907526,Medium Risk,"Nearest AQI station (臺灣大道) AQI: 78, Indoor facility"
臺中市東勢區下城社區活動中心,臺中市東勢區,城興街136號,24.219995,120.836657,True,豐原,71,10.393446797693526,Medium Risk,"Nearest AQI station (豐原) AQI: 71, Indoor facility"
臺中市大雅區陽明國小1樓教室,臺中市大雅區,秀山路365號,24.2213,120.632,True,沙鹿,92,6.427412027463466,Medium Risk,"Nearest AQI station (沙鹿) AQI: 92, Indoor facility"
臺中市東勢區新成國小禮堂,臺中市東勢區,東關路367巷40號,24.2213,120.8394,True,豐原,71,10.59414964803115,Medium Risk,"Nearest AQI station (豐原) AQI: 71, Indoor facility"
六路社區活動中心,臺中市沙鹿區,六路里北勢東路267號,24.221573,120.578484,True,沙鹿,92,1.0811222780927068,Medium Risk,"Nearest AQI station (沙鹿) AQI: 92, Indoor facility"
臺中市大雅區大雅國小體育館,臺中市大雅區,學府路230號,24.2222,120.6503,True,臺灣大道,78,7.068613978878643,Medium Risk,"Nearest AQI station (臺灣大道) AQI: 78, Indoor facility"
晉江社區活動中心,臺中市沙鹿區,晉江里晉武路35巷33號,24.222652,120.580577,True,沙鹿,92,1.2398200218225477,Medium Risk,"Nearest AQI station (沙鹿) AQI: 92, Indoor facility"
臺中市立大雅國中體育館,臺中市大雅區,學府路280號,24.2241,120.6504,True,臺灣大道,78,7.2781148216562395,Medium Risk,"Nearest AQI station (臺灣大道) AQI: 78, Indoor facility"
福興社區活動中心,臺中市沙鹿區,福興里鎮南路二段299巷36號,24.224608,120.567398,True,沙鹿,92,0.18139106359826568,Medium Risk,"Nearest AQI station (沙鹿) AQI: 92, Indoor facility"
北勢社區活動中心,臺中市沙鹿區,北勢里東晉路東明巷75號,24.224819,120.571125,True,沙鹿,92,0.2529095260235985,Medium Risk,"Nearest AQI station (沙鹿) AQI: 92, Indoor facility"
臺中市北勢國中禮堂,臺中市沙鹿區,沙鹿區北勢里英才路150號,24.225175,120.569209,True,沙鹿,92,0.0656367297482211,Medium Risk,"Nearest AQI station (沙鹿) AQI: 92, Indoor facility"
北勢國民中學操場,臺中市沙鹿區,英才路150號,24.225175,120.569209,False,沙鹿,92,0.0656367297482211,Warning,"Nearest AQI station (沙鹿) AQI: 92, Outdoor facility"
停四雅楓停車場,臺中市大雅區,神林南路146巷7號,24.225474,120.656843,False,臺灣大道,78,7.402703135612663,Warning,"Nearest AQI station (臺灣大道) AQI: 78, Outdoor facility"
斗抵社區活動中心,臺中市沙鹿區,斗抵里斗潭路197號,24.22585,120.554569,True,沙鹿,92,1.4426638000916634,Medium Risk,"Nearest AQI station (沙鹿) AQI: 92, Indoor facility"
鎌村里活動中心,臺中市豐原區,豐原區鎌村里鎌村路465巷58號2樓,24.2262,120.7299,True,豐原,71,3.6558902808817493,Medium Risk,"Nearest AQI station (豐原) AQI: 71, Indoor facility"
大南國小（多功能教室）,臺中市新社區,興中街47號,24.226742,120.804693,True,豐原,71,7.144895106044347,Medium Risk,"Nearest AQI station (豐原) AQI: 71, Indoor facility"
臺中市大雅區上雅社區活動中心,臺中市大雅區,雅環路二段171巷19號,24.2281,120.6509,True,臺灣大道,78,7.717230183559699,Medium Risk,"Nearest AQI station (臺灣大道) AQI: 78, Indoor facility"
臺中市新社區公所,臺中市新社區,新社區復盛里興社街2段28-1號,24.2282,120.8122,False,豐原,71,7.7562238850257526,Warning,"Nearest AQI station (豐原) AQI: 71, Outdoor facility"
臺中市大雅區公所,臺中市大雅區,雅環路二段301號,24.2289,120.6478,False,臺灣大道,78,7.835945681693753,Warning,"Nearest AQI station (臺灣大道) AQI: 78, Outdoor facility"
臺中市大雅區秀山社區活動中心,臺中市大雅區,平和一路18之1號,24.229,120.6334,True,沙鹿,92,6.561859230083198,Medium Risk,"Nearest AQI station (沙鹿) AQI: 92, Indoor facility"
栗林社區活動中心,臺中市潭子區,祥和路128號,24.229634,120.712113,True,豐原,71,4.3318354429202515,Medium Risk,"Nearest AQI station (豐原) AQI: 71, Indoor facility"
永寧國小操場,臺中市梧棲區,中央路一段 160 號,24.23,120.53,False,沙鹿,92,3.9636757251180605,Warning,"Nearest AQI station (沙鹿) AQI: 92, Outdoor facility"
國立中科實驗高級中學,臺中市大雅區,平和路227號,24.230138,120.625985,False,沙鹿,92,5.820863658174118,Warning,"Nearest AQI station (沙鹿) AQI: 92, Outdoor facility"
中興嶺停車場,臺中市新社區,中興嶺99號,24.231226,120.809642,False,豐原,71,7.383710094887475,Warning,"Nearest AQI station (豐原) AQI: 71, Outdoor facility"
復盛公園戶外臨時避難收容場所,臺中市新社區,興社街2段26號,24.231226,120.809642,False,豐原,71,7.383710094887475,Warning,"Nearest AQI station (豐原) AQI: 71, Outdoor facility"
臺中市大雅區汝鎏國小1~3樓教室,臺中市大雅區,平和路238號,24.2314,120.6265,True,沙鹿,92,5.886507205991109,Medium Risk,"Nearest AQI station (沙鹿) AQI: 92, Indoor facility"
新社區老人文康活動中心,臺中市新社區,興社街二段26號,24.232095,120.80745,True,豐原,71,7.141365913151407,Medium Risk,"Nearest AQI station (豐原) AQI: 71, Indoor facility"
東陽里活動中心,臺中市豐原區,豐原區東陽里東陽路306號,24.2329,120.7476,True,豐原,71,2.7284711386198786,Medium Risk,"Nearest AQI station (豐原) AQI: 71, Indoor facility"
興安社區活動中心,臺中市沙鹿區,鎮南路二段500號,24.23327,120.562858,True,沙鹿,92,1.0413317103538833,Medium Risk,"Nearest AQI station (沙鹿) AQI: 92, Indoor facility"
興仁社區活動中心,臺中市沙鹿區,鎮南路二段500號,24.23327,120.562858,False,沙鹿,92,1.0413317103538833,Warning,"Nearest AQI station (沙鹿) AQI: 92, Outdoor facility"
臺中市大雅區大楓社區活動中心,臺中市大雅區,雅楓街106號,24.2346,120.667,True,豐原,71,8.051970227753234,Medium Risk,"Nearest AQI station (豐原) AQI: 71, Indoor facility"
臺中市大雅區上楓社區活動中心二,臺中市大雅區,雅楓街108號,24.2347,120.6668,True,豐原,71,8.067828723972857,Medium Risk,"Nearest AQI station (豐原) AQI: 71, Indoor facility"
鎮立公園,臺中市沙鹿區,鎮政路16號對面,24.234753,120.566413,False,沙鹿,92,1.0429818747741224,Warning,"Nearest AQI station (沙鹿) AQI: 92, Outdoor facility"
沙鹿國民中學操場,臺中市沙鹿區,中正街1號,24.235208,120.563351,False,沙鹿,92,1.199733892117529,Warning,"Nearest AQI station (沙鹿) AQI: 92, Outdoor facility"
臺中市沙鹿國中禮堂,臺中市沙鹿區,沙鹿區美仁里中正街1號,24.235208,120.563351,True,沙鹿,92,1.199733892117529,Medium Risk,"Nearest AQI station (沙鹿) AQI: 92, Indoor facility"
臺中市原住民綜合服務中心,臺中市大雅區,仁愛路69號,24.235343,120.622359,False,沙鹿,92,5.537814640868861,Warning,"Nearest AQI station (沙鹿) AQI: 92, Outdoor facility"
美仁社區活動中心,臺中市沙鹿區,美仁里中正街3號,24.235802,120.561571,True,沙鹿,92,1.3476820755042507,Medium Risk,"Nearest AQI station (沙鹿) AQI: 92, Indoor facility"
居仁社區活動中心,臺中市沙鹿區,居仁里新生街8號,24.235802,120.561571,True,沙鹿,92,1.3476820755042507,Medium Risk,"Nearest AQI station (沙鹿) AQI: 92, Indoor facility"
臺中市沙鹿國小禮堂,臺中市沙鹿區,沙鹿區美仁里中正街3號,24.235802,120.561571,True,沙鹿,92,1.3476820755042507,Medium Risk,"Nearest AQI station (沙鹿) AQI: 92, Indoor facility"
臺中市大雅區上楓國小庠序樓地下室,臺中市大雅區,楓林街232號,24.2361,120.667,True,豐原,71,8.001910466197511,Medium Risk,"Nearest AQI station (豐原) AQI: 71, Indoor facility"
豐田國小,臺中市豐原區,豐原區豐田里田心路2段290號,24.237,120.722,True,豐原,71,3.0453816523096195,Medium Risk,"Nearest AQI station (豐原) AQI: 71, Indoor facility"
文昌街、日新街口停車場,臺中市沙鹿區,中正街1號,24.237054,120.561849,False,沙鹿,92,1.4526238712190664,Warning,"Nearest AQI station (沙鹿) AQI: 92, Outdoor facility"
臺中市東勢區石角國小教室,臺中市東勢區,東坑路西盛巷22號,24.2379,120.8503,True,豐原,71,11.131322315500254,Medium Risk,"Nearest AQI station (豐原) AQI: 71, Indoor facility"
臺中市大雅區六寶國小1~3樓教室,臺中市大雅區,光復路15-2號,24.2381,120.6355,True,沙鹿,92,6.904549152161052,Medium Risk,"Nearest AQI station (沙鹿) AQI: 92, Indoor facility"
豐田里活動中心舊,臺中市豐原區,豐原區豐田里田心路二段272巷1號,24.2381,120.7218,True,豐原,71,2.9715508127517447,Medium Risk,"Nearest AQI station (豐原) AQI: 71, Indoor facility"
臺中市竹林國小禮堂,臺中市沙鹿區,臺灣大道七段821號,24.238543,120.567875,True,沙鹿,92,1.4391025716623889,Medium Risk,"Nearest AQI station (沙鹿) AQI: 92, Indoor facility"
竹林國民小學操場,臺中市沙鹿區,臺灣大道七段821號,24.238543,120.567875,False,沙鹿,92,1.4391025716623889,Warning,"Nearest AQI station (沙鹿) AQI: 92, Outdoor facility"
三角社區活動中心,臺中市神岡區,神岡區三角里三社路195號,24.2386,120.6895,True,豐原,71,5.751927067399554,Medium Risk,"Nearest AQI station (豐原) AQI: 71, Indoor facility"
豐南國中,臺中市豐原區,豐原區田心里豐南街151號,24.2394,120.7169,True,豐原,71,3.2523633419227167,Medium Risk,"Nearest AQI station (豐原) AQI: 71, Indoor facility"
豐田活動中心新,臺中市豐原區,豐原區豐田里永康路346巷33號,24.2402,120.7213,True,豐原,71,2.8493539007948563,Medium Risk,"Nearest AQI station (豐原) AQI: 71, Indoor facility"
崑山國小,臺中市新社區,崑崙巷5-2號,24.241082,120.787761,True,豐原,71,4.915889293186494,Medium Risk,"Nearest AQI station (豐原) AQI: 71, Indoor facility"
南陽里活動中心,臺中市豐原區,豐原區南陽里永康路181巷6號,24.2412,120.7261,True,豐原,71,2.4203895288067745,Medium Risk,"Nearest AQI station (豐原) AQI: 71, Indoor facility"
清泉社區活動中心,臺中市沙鹿區,清泉里東海路2-11號,24.241539,120.61464,True,沙鹿,92,4.973912689972264,Medium Risk,"Nearest AQI station (沙鹿) AQI: 92, Indoor facility"
梧棲國中活動中心,臺中市梧棲區,民生街12號,24.2418,120.5492,True,沙鹿,92,2.679718963814435,Medium Risk,"Nearest AQI station (沙鹿) AQI: 92, Indoor facility"
豐原區公所,臺中市豐原區,豐原區田心里市政路2號,24.2419,120.7182,False,豐原,71,2.983235887086268,Warning,"Nearest AQI station (豐原) AQI: 71, Outdoor facility"
梧南國小3樓視聽教室,臺中市梧棲區,梧棲區草湳里梧南路 50 號,24.2421,120.5238,False,沙鹿,92,4.916158436982757,Warning,"Nearest AQI station (沙鹿) AQI: 92, Outdoor facility"
東勢高工學生活動中心,臺中市東勢區,東關路六段1328號,24.2422,120.8338,True,豐原,71,9.399018822579832,Medium Risk,"Nearest AQI station (豐原) AQI: 71, Indoor facility"
新社國小（活動中心）,臺中市新社區,興社街四段一巷2號,24.242245,120.808355,True,豐原,71,6.872801842925086,Medium Risk,"Nearest AQI station (豐原) AQI: 71, Indoor facility"
田心里活動中心,臺中市豐原區,豐原區田心里市政路1號,24.2424,120.7186,True,豐原,71,2.918514227978876,Medium Risk,"Nearest AQI station (豐原) AQI: 71, Indoor facility"
草湳里活動中心,臺中市梧棲區,自強二街61號,24.2429,120.5225,True,沙鹿,92,5.07172215256703,Medium Risk,"Nearest AQI station (沙鹿) AQI: 92, Indoor facility"
大德國小風雨操場,臺中市梧棲區,文昌路343號,24.2431,120.5423,False,沙鹿,92,3.3152825574669347,Warning,"Nearest AQI station (沙鹿) AQI: 92, Outdoor facility"
鹿寮社區活動中心,臺中市沙鹿區,鹿寮里賢義街162號,24.243106,120.566755,True,沙鹿,92,1.9544308184686427,Medium Risk,"Nearest AQI station (沙鹿) AQI: 92, Indoor facility"
臺中市公明國小禮堂,臺中市沙鹿區,沙鹿區公明里忠貞路213號,24.243158,120.609713,True,沙鹿,92,4.58408879740787,Medium Risk,"Nearest AQI station (沙鹿) AQI: 92, Indoor facility"
公明國民小學操場,臺中市沙鹿區,忠貞路213號,24.243158,120.609713,False,沙鹿,92,4.58408879740787,Warning,"Nearest AQI station (沙鹿) AQI: 92, Outdoor facility"
臺中市東勢區新盛國小教室,臺中市東勢區,新盛街342號,24.2434,120.8307,True,豐原,71,9.066503958086933,Medium Risk,"Nearest AQI station (豐原) AQI: 71, Indoor facility"
鹿鳴公園,臺中市沙鹿區,沙鹿區鹿寮里光華路378巷1號,24.243804,120.56675,False,沙鹿,92,2.031677588048912,Warning,"Nearest AQI station (沙鹿) AQI: 92, Outdoor facility"
臺中市鹿寮國中禮堂,臺中市沙鹿區,沙鹿區鹿寮里光華路385號,24.243804,120.56675,True,沙鹿,92,2.031677588048912,Medium Risk,"Nearest AQI station (沙鹿) AQI: 92, Indoor facility"
鹿寮國民中學操場,臺中市沙鹿區,光華路385號,24.243804,120.56675,False,沙鹿,92,2.031677588048912,Warning,"Nearest AQI station (沙鹿) AQI: 92, Outdoor facility"
臺中港區綜合體育館,臺中市梧棲區,梧棲區大村里文昌路350號,24.2444,120.5435,False,沙鹿,92,3.3067624196041243,Warning,"Nearest AQI station (沙鹿) AQI: 92, Outdoor facility"
中港高中地下一樓會議教室,臺中市梧棲區,梧棲區大村里文昌路400號,24.2448,120.5422,True,沙鹿,92,3.4374138454989063,Medium Risk,"Nearest AQI station (沙鹿) AQI: 92, Indoor facility"
公明社區活動中心,臺中市沙鹿區,公明里中清路信義巷6-17號,24.245645,120.607933,True,沙鹿,92,4.550059827518028,Medium Risk,"Nearest AQI station (沙鹿) AQI: 92, Indoor facility"
社口國小樂群樓,臺中市神岡區,社南街136號,24.2457,120.6847,True,豐原,71,5.995422071995597,Medium Risk,"Nearest AQI station (豐原) AQI: 71, Indoor facility"
豐原高商,臺中市豐原區,豐原區西勢里圓環南路五十號,24.246,120.7129,False,豐原,71,3.242762679817682,Warning,"Nearest AQI station (豐原) AQI: 71, Outdoor facility"
大庄社區活動中心,臺中市梧棲區,梧棲區大庄里文華街168巷1號,24.2463,120.5426,True,沙鹿,92,3.512493645648642,Medium Risk,"Nearest AQI station (沙鹿) AQI: 92, Indoor facility"
公明國民中學教室,臺中市沙鹿區,中清路6段567號,24.246551,120.607534,False,沙鹿,92,4.565312853929363,Warning,"Nearest AQI station (沙鹿) AQI: 92, Outdoor facility"
臺中市公明國中禮堂,臺中市沙鹿區,中清路6段567號,24.246551,120.607534,False,沙鹿,92,4.565312853929363,Warning,"Nearest AQI station (沙鹿) AQI: 92, Outdoor facility"
臺中市公明國中操場,臺中市沙鹿區,中清路6段567號,24.246551,120.607534,False,沙鹿,92,4.565312853929363,Warning,"Nearest AQI station (沙鹿) AQI: 92, Outdoor facility"
北陽里活動中心,臺中市豐原區,豐原區北陽里豐東路118巷18號,24.2473,120.7304,True,豐原,71,1.6351020887589147,Medium Risk,"Nearest AQI station (豐原) AQI: 71, Indoor facility"
豐東國中,臺中市豐原區,豐原區北陽里豐東路七十五號,24.2474,120.729,True,豐原,71,1.7374600265658715,Medium Risk,"Nearest AQI station (豐原) AQI: 71, Indoor facility"
福陽國小,臺中市豐原區,豐原區北陽里南陽路綠山巷83號,24.2481,120.7234,True,豐原,71,2.176659431612685,Medium Risk,"Nearest AQI station (豐原) AQI: 71, Indoor facility"
瑞穗國小,臺中市豐原區,豐原區西安里西安街七十二號,24.2493,120.7117,True,豐原,71,3.240068424219239,Medium Risk,"Nearest AQI station (豐原) AQI: 71, Indoor facility"
陸軍第五地區支援指揮部豐原甲型聯,臺中市豐原區,豐原區中正路683號,24.2497,120.7055,False,豐原,71,3.840234986589304,Warning,"Nearest AQI station (豐原) AQI: 71, Outdoor facility"
西安里活動中心,臺中市豐原區,豐原區西安里西安街72-2號,24.2497,120.7134,True,豐原,71,3.0620903877106866,Medium Risk,"Nearest AQI station (豐原) AQI: 71, Indoor facility"
岸裡國小學生活動中心,臺中市神岡區,神岡區岸裡里中山路 52 號,24.2498,120.6975,True,豐原,71,4.63420191809326,Medium Risk,"Nearest AQI station (豐原) AQI: 71, Indoor facility"
臺中市立東勢國中教室,臺中市東勢區,東崎路5段415號,24.2503,120.8324,True,豐原,71,9.142033194386874,Medium Risk,"Nearest AQI station (豐原) AQI: 71, Indoor facility"
中正國小活動中心,臺中市梧棲區,梧棲區福德里中央路二段15號,24.2504,120.5387,True,沙鹿,92,4.110707832784056,Medium Risk,"Nearest AQI station (沙鹿) AQI: 92, Indoor facility"
臺中市東勢區泰安宮,臺中市東勢區,東勢區廣興里中新街157號,24.2517,120.8313,False,豐原,71,9.019337785767245,Warning,"Nearest AQI station (豐原) AQI: 71, Outdoor facility"
南嵩里活動中心,臺中市豐原區,豐原區南嵩里水源路9巷133號,24.2519,120.7426,True,豐原,71,0.5668471853085505,Medium Risk,"Nearest AQI station (豐原) AQI: 71, Indoor facility"
中陽里活動中心,臺中市豐原區,豐原區中陽里惠陽街116號,24.2521,120.725,True,豐原,71,1.858176476133818,Medium Risk,"Nearest AQI station (豐原) AQI: 71, Indoor facility"
富春國小,臺中市豐原區,豐原區豐西里中山路455號,24.2524,120.7133,True,豐原,71,3.0065089421518043,Medium Risk,"Nearest AQI station (豐原) AQI: 71, Indoor facility"
中港國小視聽教室,臺中市梧棲區,梧棲區大村里文明街100號,24.2525,120.5328,True,沙鹿,92,4.716694566722397,Medium Risk,"Nearest AQI station (沙鹿) AQI: 92, Indoor facility"
臺中市立中山國小教室,臺中市東勢區,中泰街88號,24.253,120.8351,True,豐原,71,9.395797632536372,Medium Risk,"Nearest AQI station (豐原) AQI: 71, Indoor facility"
豐圳里活動中心新,臺中市豐原區,成功路520號,24.2537,120.7085,True,豐原,71,3.468766305390319,Medium Risk,"Nearest AQI station (豐原) AQI: 71, Indoor facility"
情人公園,臺中市梧棲區,雲集街,24.2545,120.5326,False,沙鹿,92,4.875847801209786,Warning,"Nearest AQI station (沙鹿) AQI: 92, Outdoor facility"
庄前里活動中心,臺中市神岡區,神岡區庄前里神林路35號,24.2545,120.6605,True,豐原,71,8.320138364341698,Medium Risk,"Nearest AQI station (豐原) AQI: 71, Indoor facility"
臺中市東勢區延平社區活動中心,臺中市東勢區,本街40號,24.255,120.8285,True,豐原,71,8.718935327735034,Medium Risk,"Nearest AQI station (豐原) AQI: 71, Indoor facility"
五里聯合活動中心,臺中市豐原區,豐原區豐榮里新生北路155號,24.2551,120.7202,True,豐原,71,2.2729995938298253,Medium Risk,"Nearest AQI station (豐原) AQI: 71, Indoor facility"
梧棲區公所四樓禮堂,臺中市梧棲區,中和街66號,24.2552,120.5317,False,沙鹿,92,4.995770248108239,Warning,"Nearest AQI station (沙鹿) AQI: 92, Outdoor facility"
豐村國小,臺中市豐原區,豐原區南村里水源路三四一號,24.2553,120.7367,True,豐原,71,0.6198723234027854,Medium Risk,"Nearest AQI station (豐原) AQI: 71, Indoor facility"
豐原國小,臺中市豐原區,豐原區豐榮里新生北路一五五號,24.2554,120.7211,True,豐原,71,2.1791945577119334,Medium Risk,"Nearest AQI station (豐原) AQI: 71, Indoor facility"
臺中市鹿峰國小禮堂,臺中市沙鹿區,沙鹿區鹿峰里星河路209號,24.255608,120.570016,True,沙鹿,92,3.3359255700537838,Medium Risk,"Nearest AQI station (沙鹿) AQI: 92, Indoor facility"
鹿峰國民小學操場,臺中市沙鹿區,星河路209號,24.255608,120.570016,False,沙鹿,92,3.3359255700537838,Warning,"Nearest AQI station (沙鹿) AQI: 92, Outdoor facility"
東勢區鯉魚伯公公園,臺中市東勢區,中正路東勢幼兒園旁,24.256186,120.825098,False,豐原,71,8.371663594929728,Warning,"Nearest AQI station (豐原) AQI: 71, Outdoor facility"
南村里活動中心,臺中市豐原區,豐原區南村里圓環東路918號,24.2566,120.7299,True,豐原,71,1.280571020187123,Medium Risk,"Nearest AQI station (豐原) AQI: 71, Indoor facility"
大甲溪河濱公園,臺中市東勢區,臺八線起點暨大甲溪旁,24.256973,120.824255,False,豐原,71,8.285690606666211,Warning,"Nearest AQI station (豐原) AQI: 71, Outdoor facility"
龍興活動中心,臺中市石岡區,石岡區龍興里萬仙街3號,24.257,120.7898,True,豐原,71,4.792719557598903,Medium Risk,"Nearest AQI station (豐原) AQI: 71, Indoor facility"
北庄社區活動中心,臺中市神岡區,神岡區北庄里中山路1244號,24.2574,120.6683,True,豐原,71,7.524796441166775,Medium Risk,"Nearest AQI station (豐原) AQI: 71, Indoor facility"
翁明里活動中心,臺中市豐原區,豐原區翁明里東仁街125號,24.2576,120.7259,True,豐原,71,1.6866455817651094,Medium Risk,"Nearest AQI station (豐原) AQI: 71, Indoor facility"
東勢客家文化園區,臺中市東勢區,中山路1號,24.25762,120.831861,False,豐原,71,9.057010885544484,Warning,"Nearest AQI station (豐原) AQI: 71, Outdoor facility"
圳寮里活動中心,臺中市豐原區,豐原區圳寮里圓環北路一段125號,24.2577,120.7186,True,豐原,71,2.4266267072239875,Medium Risk,"Nearest AQI station (豐原) AQI: 71, Indoor facility"
神岡區公所,臺中市神岡區,神岡區神岡里神岡路30號,24.2579,120.6614,False,豐原,71,8.224764788352733,Warning,"Nearest AQI station (豐原) AQI: 71, Outdoor facility"
梧棲綜合活動中心,臺中市梧棲區,梧棲區中正里臨港路三段246號,24.258,120.5289,True,沙鹿,92,5.414602065880455,Medium Risk,"Nearest AQI station (沙鹿) AQI: 92, Indoor facility"
臺中市東勢區中科國小,臺中市東勢區,東崎路4段92巷16號,24.258108,120.851671,True,豐原,71,11.065702096178837,Medium Risk,"Nearest AQI station (豐原) AQI: 71, Indoor facility"
大湳里活動中心,臺中市豐原區,豐原區大湳里圓環北路1段151號,24.2582,120.7193,True,豐原,71,2.3581946282298865,Medium Risk,"Nearest AQI station (豐原) AQI: 71, Indoor facility"
臺中市東勢區東勢國小禮堂,臺中市東勢區,第五橫街1號,24.2586,120.8296,True,豐原,71,8.829296401967826,Medium Risk,"Nearest AQI station (豐原) AQI: 71, Indoor facility"
南簡公園,臺中市梧棲區,梧棲區南簡里大仁路一段375巷,24.258654,120.544147,False,沙鹿,92,4.441925966705309,Warning,"Nearest AQI station (沙鹿) AQI: 92, Outdoor facility"
神岡國小中正體育館,臺中市神岡區,神岡區神岡村神圳路 1 號,24.2589,120.6611,True,豐原,71,8.257243924942074,Medium Risk,"Nearest AQI station (豐原) AQI: 71, Indoor facility"
南田里活動中心,臺中市豐原區,豐原區南田里水源路192巷80號旁,24.2591,120.7419,True,豐原,71,0.24221873644989952,Medium Risk,"Nearest AQI station (豐原) AQI: 71, Indoor facility"
石岡托兒所和盛分所,臺中市石岡區,石岡區和盛里和盛街9號2樓,24.2591,120.8154,False,豐原,71,7.391627257144812,Warning,"Nearest AQI station (豐原) AQI: 71, Outdoor facility"
三村里活動中心,臺中市豐原區,豐原區三村里豐原大道一段609號,24.2598,120.7093,True,豐原,71,3.382537997581869,Medium Risk,"Nearest AQI station (豐原) AQI: 71, Indoor facility"
東新國小教室,臺中市東勢區,東蘭路1之1號,24.2604,120.8274,True,豐原,71,8.612722039276301,Medium Risk,"Nearest AQI station (豐原) AQI: 71, Indoor facility"
公館國民小學操場,臺中市沙鹿區,中航路2段1號,24.260474,120.59561,False,沙鹿,92,4.733433966076737,Warning,"Nearest AQI station (沙鹿) AQI: 92, Outdoor facility"
頂寮社區活動中心,臺中市梧棲區,頂寮里八德東路100號,24.2605,120.5326,True,沙鹿,92,5.338741487337863,Medium Risk,"Nearest AQI station (沙鹿) AQI: 92, Indoor facility"
北湳里活動中心,臺中市豐原區,豐原區北湳里三環路72號,24.2608,120.7216,True,豐原,71,2.1629438853622633,Medium Risk,"Nearest AQI station (豐原) AQI: 71, Indoor facility"
葫蘆墩國小,臺中市豐原區,豐原區西湳里葫蘆墩一街250號,24.2611,120.7143,True,豐原,71,2.8973931244649975,Medium Risk,"Nearest AQI station (豐原) AQI: 71, Indoor facility"
豐陽國中,臺中市豐原區,豐原區南田里朝陽路33號,24.262,120.745,True,豐原,71,0.6102766073122323,Medium Risk,"Nearest AQI station (豐原) AQI: 71, Indoor facility"
豐洲國小教室,臺中市神岡區,神岡區豐洲里豐洲路482號,24.2623,120.704,True,豐原,71,3.949668668094754,Medium Risk,"Nearest AQI station (豐原) AQI: 71, Indoor facility"
社會福利館,臺中市石岡區,石岡區德興里豐勢路 134 號,24.2627,120.8134,False,豐原,71,7.213000008288845,Warning,"Nearest AQI station (豐原) AQI: 71, Outdoor facility"
翁子里活動中心,臺中市豐原區,豐原區翁子里豐勢路二段290巷12號,24.2629,120.7425,True,豐原,71,0.6563537437426683,Medium Risk,"Nearest AQI station (豐原) AQI: 71, Indoor facility"
東新國中教室,臺中市東勢區,東環街123號,24.2634,120.8295,True,豐原,71,8.845890011453774,Medium Risk,"Nearest AQI station (豐原) AQI: 71, Indoor facility"
?榔國小禮堂,臺中市清水區,中央路23-12號,24.2639,120.5451,True,沙鹿,92,4.886870293713208,Medium Risk,"Nearest AQI station (沙鹿) AQI: 92, Indoor facility"
清水國小活動中心,臺中市清水區,光華路125號,24.2668,120.5732,True,沙鹿,92,4.599859585342292,Medium Risk,"Nearest AQI station (沙鹿) AQI: 92, Indoor facility"
清水區公所,臺中市清水區,鎮政路101號,24.2683,120.5596,False,沙鹿,92,4.83560293791087,Warning,"Nearest AQI station (沙鹿) AQI: 92, Outdoor facility"
清水國中學生活動中心---培德樓,臺中市清水區,鰲峰路250號,24.2683,120.563,True,沙鹿,92,4.78113404798044,Medium Risk,"Nearest AQI station (沙鹿) AQI: 92, Indoor facility"
西湳里活動中心,臺中市豐原區,豐原區西湳里三豐路799巷133弄8號,24.2685,120.7177,True,豐原,71,2.8228928029178246,Medium Risk,"Nearest AQI station (豐原) AQI: 71, Indoor facility"
三叉坑社區活動中心,臺中市和平區,和平區自由里東崎路二段三叉巷8-31號,24.2686,120.8913,True,豐原,71,15.136952776702326,Medium Risk,"Nearest AQI station (豐原) AQI: 71, Indoor facility"
清水區老人文康活動中心1樓,臺中市清水區,清水街2號,24.269,120.5783,True,沙鹿,92,4.9181028078937645,Medium Risk,"Nearest AQI station (沙鹿) AQI: 92, Indoor facility"
鰲峰社區活動中心,臺中市清水區,大街路138-5號,24.2693,120.5791,True,沙鹿,92,4.967244969572713,Medium Risk,"Nearest AQI station (沙鹿) AQI: 92, Indoor facility"
吳厝國小地下室1 樓,臺中市清水區,吳厝路35號,24.2696,120.6047,True,沙鹿,92,6.095810676028738,Medium Risk,"Nearest AQI station (沙鹿) AQI: 92, Indoor facility"
東湳里活動中心,臺中市豐原區,豐原區東湳里三豐路742巷146弄14號,24.2704,120.7265,True,豐原,71,2.2044772926979013,Medium Risk,"Nearest AQI station (豐原) AQI: 71, Indoor facility"
金星活動中心,臺中市石岡區,石岡區金星里石岡街下坑巷153號,24.2708,120.7735,True,豐原,71,3.495104529916326,Medium Risk,"Nearest AQI station (豐原) AQI: 71, Indoor facility"
建國國小教學行政大樓地下室,臺中市清水區,建國路10號,24.2712,120.5629,True,沙鹿,92,5.102486663247557,Medium Risk,"Nearest AQI station (沙鹿) AQI: 92, Indoor facility"
大秀國小--國小禮堂及朝陽樓地下室1樓,臺中市清水區,武權路336號,24.2718,120.5729,True,沙鹿,92,5.150941143891895,Medium Risk,"Nearest AQI station (沙鹿) AQI: 92, Indoor facility"
清水紫雲巖文化大樓,臺中市清水區,光明路35號,24.2722,120.5789,False,沙鹿,92,5.27895539449382,Warning,"Nearest AQI station (沙鹿) AQI: 92, Outdoor facility"
圳堵國小學生活動中心,臺中市神岡區,神岡區圳堵里三民路639號,24.2725,120.6587,True,豐原,71,8.670471611810493,Medium Risk,"Nearest AQI station (豐原) AQI: 71, Indoor facility"
梅子活動中心,臺中市石岡區,石岡區梅子里梅子巷65之12號,24.2733,120.7996,True,豐原,71,6.0631858521358355,Medium Risk,"Nearest AQI station (豐原) AQI: 71, Indoor facility"
朴子里活動中心,臺中市豐原區,豐原區朴子里豐勢路二段535巷119號,24.2736,120.7484,True,豐原,71,1.9398463908582,Medium Risk,"Nearest AQI station (豐原) AQI: 71, Indoor facility"
石岡區公所,臺中市石岡區,石岡區九房里豐勢路1033號,24.2748,120.7803,False,豐原,71,4.310767136967889,Warning,"Nearest AQI station (豐原) AQI: 71, Outdoor facility"
萬興活動中心,臺中市石岡區,石岡區萬興里萬墩街105號,24.2753,120.791,True,豐原,71,5.31878607428335,Medium Risk,"Nearest AQI station (豐原) AQI: 71, Indoor facility"
HHH,臺中市石岡區,豐勢路1033號,24.2758,120.7803,False,豐原,71,4.362934590275242,Warning,"Nearest AQI station (豐原) AQI: 71, Outdoor facility"
西寧國小活動中心,臺中市清水區,五權東路50號,24.276,120.5754,True,沙鹿,92,5.641009317923224,Medium Risk,"Nearest AQI station (沙鹿) AQI: 92, Indoor facility"
萬安活動中心,臺中市石岡區,石岡區萬安里石岡街6號3樓,24.276,120.7776,True,豐原,71,4.136108686378867,Medium Risk,"Nearest AQI station (豐原) AQI: 71, Indoor facility"
石岡國小籃球場,臺中市石岡區,石岡區石岡里石岡街123號,24.2761,120.7733,False,豐原,71,3.774221924511733,Warning,"Nearest AQI station (豐原) AQI: 71, Outdoor facility"
東山國小教學大樓地下室,臺中市清水區,神清路6-1號,24.2763,120.6344,True,沙鹿,92,8.71705650490734,Medium Risk,"Nearest AQI station (沙鹿) AQI: 92, Indoor facility"
清海國中--弘德樓地下室,臺中市清水區,中央路51-60號,24.2764,120.5537,True,沙鹿,92,5.849306929382208,Medium Risk,"Nearest AQI station (沙鹿) AQI: 92, Indoor facility"
石城國小教室,臺中市東勢區,石城街182巷26號,24.286,120.7925,True,豐原,71,6.005269947531664,Medium Risk,"Nearest AQI station (豐原) AQI: 71, Indoor facility"
"三田國小禮堂1,2樓",臺中市清水區,三田路4號,24.2899,120.5811,True,沙鹿,92,7.254790443745487,Medium Risk,"Nearest AQI station (沙鹿) AQI: 92, Indoor facility"
雙崎社區活動中心,臺中市和平區,和平區自由里東崎路二段71-5號,24.2907,120.9085,True,豐原,71,17.236359067854192,Medium Risk,"Nearest AQI station (豐原) AQI: 71, Indoor facility"
大楊國小A棟地下室,臺中市清水區,鰲海路325號,24.2923,120.6101,True,沙鹿,92,8.51445669866956,Medium Risk,"Nearest AQI station (沙鹿) AQI: 92, Indoor facility"
舊社社區活動中心,臺中市后里區,舊社路93號,24.2949,120.7014,True,豐原,71,5.927792266610273,Medium Risk,"Nearest AQI station (豐原) AQI: 71, Indoor facility"
后里七星崗營區,臺中市后里區,寺山路121號,24.2957,120.7355,False,豐原,71,4.362040825995929,Warning,"Nearest AQI station (豐原) AQI: 71, Outdoor facility"
墩南社區活動中心,臺中市后里區,南村路303巷1-8號,24.2964,120.7149,True,豐原,71,5.199682675412597,Medium Risk,"Nearest AQI station (豐原) AQI: 71, Indoor facility"
七星國小,臺中市后里區,南村路389號,24.2966,120.7163,True,豐原,71,5.143686091311556,Medium Risk,"Nearest AQI station (豐原) AQI: 71, Indoor facility"
后里南營區,臺中市后里區,馬場路292號,24.2985,120.7279,False,豐原,71,4.847109380836927,Warning,"Nearest AQI station (豐原) AQI: 71, Outdoor facility"
上新社區籃槌球場,苗栗縣卓蘭鎮,"水廠段912,913,916,917,919,920地號",24.2991,120.8345,False,豐原,71,10.432222916515467,Warning,"Nearest AQI station (豐原) AQI: 71, Outdoor facility"
內灣國小操場,苗栗縣卓蘭鎮,內灣里120號,24.2991,120.8495,False,豐原,71,11.810666452161096,Warning,"Nearest AQI station (豐原) AQI: 71, Outdoor facility"
上新老人文康中心,苗栗縣卓蘭鎮,3鄰41-2號,24.302705,120.83172,False,豐原,71,10.371516788617994,Warning,"Nearest AQI station (豐原) AQI: 71, Outdoor facility"
甲南國小北棟地下室1樓,臺中市清水區,臨海路26號,24.3046,120.5958,True,沙鹿,92,9.198130689238438,Medium Risk,"Nearest AQI station (沙鹿) AQI: 92, Indoor facility"
清泉國中活動中心,臺中市清水區,臨海路27-2號,24.306,120.5918,True,沙鹿,92,9.236237294096817,Medium Risk,"Nearest AQI station (沙鹿) AQI: 92, Indoor facility"
后綜高中,臺中市后里區,三豐路80號,24.3062,120.7226,True,豐原,71,5.831902944931158,Medium Risk,"Nearest AQI station (豐原) AQI: 71, Indoor facility"
臺中市立后里幼兒園,臺中市后里區,三光路95號,24.3067,120.7112,False,豐原,71,6.3737407836749504,Warning,"Nearest AQI station (豐原) AQI: 71, Outdoor facility"
后里國中,臺中市后里區,中眉路169號,24.3071,120.695,True,豐原,71,7.3648344940695525,Medium Risk,"Nearest AQI station (豐原) AQI: 71, Indoor facility"
墩東社區活動中心,臺中市后里區,平安路130號,24.3071,120.7155,True,豐原,71,6.208106000460105,Medium Risk,"Nearest AQI station (豐原) AQI: 71, Indoor facility"
內埔國小,臺中市后里區,文化路30號,24.3075,120.7145,True,豐原,71,6.293143395939564,Medium Risk,"Nearest AQI station (豐原) AQI: 71, Indoor facility"
墩北社區活動中心,臺中市后里區,三光路139號,24.308,120.7119,True,豐原,71,6.465112273876206,Medium Risk,"Nearest AQI station (豐原) AQI: 71, Indoor facility"
后里社區活動中心,臺中市后里區,甲后路1段501巷48號,24.3082,120.7206,True,豐原,71,6.1117718151278035,Medium Risk,"Nearest AQI station (豐原) AQI: 71, Indoor facility"
義里社區活動中心,臺中市后里區,梅里路11-3號,24.3084,120.7314,True,豐原,71,5.825866414423108,Medium Risk,"Nearest AQI station (豐原) AQI: 71, Indoor facility"
后里區立活動中心,臺中市后里區,文化路32號,24.3089,120.7142,True,豐原,71,6.4459188336072115,Medium Risk,"Nearest AQI station (豐原) AQI: 71, Indoor facility"
明正國小教室,臺中市東勢區,東蘭路永盛巷57-1號,24.3094,120.7904,True,豐原,71,7.582882977306573,Medium Risk,"Nearest AQI station (豐原) AQI: 71, Indoor facility"
后里國小,臺中市后里區,甲后路110號,24.31,120.7294,True,豐原,71,6.041883592289164,Medium Risk,"Nearest AQI station (豐原) AQI: 71, Indoor facility"
育英國小,臺中市后里區,四月路23號,24.3113,120.6794,True,豐原,71,8.797400386710743,Medium Risk,"Nearest AQI station (豐原) AQI: 71, Indoor facility"
卓蘭國小活動中心,苗栗縣卓蘭鎮,中山路125號,24.3122,120.8248,True,三義,58,10.234724050993293,Medium Risk,"Nearest AQI station (三義) AQI: 58, Indoor facility"
卓蘭國小操場,苗栗縣卓蘭鎮,中山路125號,24.3122,120.8248,False,三義,58,10.234724050993293,Warning,"Nearest AQI station (三義) AQI: 58, Outdoor facility"
高美國小教學行政大樓地下室1樓,臺中市清水區,護岸路37號,24.3123,120.5622,True,沙鹿,92,9.660638549880279,Medium Risk,"Nearest AQI station (沙鹿) AQI: 92, Indoor facility"
臺中市立后里幼兒園-太平聯合分所,臺中市后里區,四月路23之6號,24.3131,120.6776,False,豐原,71,9.067447229206238,Warning,"Nearest AQI station (豐原) AQI: 71, Outdoor facility"
厚里社區活動中心,臺中市后里區,九甲路一路259號,24.3135,120.7157,True,豐原,71,6.8458323252303614,Medium Risk,"Nearest AQI station (豐原) AQI: 71, Indoor facility"
月眉國小,臺中市后里區,甲后路940號,24.3153,120.6909,True,豐原,71,8.331036482754895,Medium Risk,"Nearest AQI station (豐原) AQI: 71, Indoor facility"
泰安社區活動中心,臺中市后里區,福興路67-1號,24.3218,120.7435,True,三義,58,6.941334388534629,Medium Risk,"Nearest AQI station (三義) AQI: 58, Indoor facility"
泰安國小,臺中市后里區,安眉路5號,24.3253,120.7505,True,三義,58,6.424620902035818,Medium Risk,"Nearest AQI station (三義) AQI: 58, Indoor facility"
水美國小勤學樓,臺中市外埔區,水美路二崁路63號,24.328,120.6339,True,沙鹿,92,13.15783625794496,Medium Risk,"Nearest AQI station (沙鹿) AQI: 92, Indoor facility"
豐原國中,臺中市豐原區,豐原區西湳里三豐路467號,24.3323,120.7298,True,三義,58,6.342849580166866,Medium Risk,"Nearest AQI station (三義) AQI: 58, Indoor facility"
外埔老人文康活動中心,臺中市外埔區,甲后路499號,24.3324,120.651,True,三義,58,12.32732254826508,Medium Risk,"Nearest AQI station (三義) AQI: 58, Indoor facility"
農民研習中心大型收容所,臺中市外埔區,六分路499,24.3327,120.6512,False,三義,58,12.294183616785718,Warning,"Nearest AQI station (三義) AQI: 58, Outdoor facility"
公館社區活動中心,臺中市后里區,三豐路5段352巷163號,24.3329,120.7329,True,三義,58,6.139737781164542,Medium Risk,"Nearest AQI station (三義) AQI: 58, Indoor facility"
水美社區活動中心,臺中市外埔區,水美路129號,24.3337,120.6315,True,沙鹿,92,13.594359249336579,Medium Risk,"Nearest AQI station (沙鹿) AQI: 92, Indoor facility"
坪林社區活動中心,苗栗縣卓蘭鎮,2鄰8之1號,24.3358,120.8761,True,三義,58,12.895286427019094,Medium Risk,"Nearest AQI station (三義) AQI: 58, Indoor facility"
景山國小操場,苗栗縣卓蘭鎮,5鄰88號,24.3358,120.8763,False,三義,58,12.913834204098425,Warning,"Nearest AQI station (三義) AQI: 58, Outdoor facility"
文武國小體育教室,臺中市大甲區,大甲區武陵里文曲路61號,24.3364,120.6006,True,沙鹿,92,12.732181547611987,Medium Risk,"Nearest AQI station (沙鹿) AQI: 92, Indoor facility"
桃山社區活動中心,臺中市和平區,東崎路1段桃山巷39之7號,24.34,120.9357,True,三義,58,18.456069344341536,Medium Risk,"Nearest AQI station (三義) AQI: 58, Indoor facility"
豐原高中,臺中市豐原區,豐原區南田里水源路150號,24.3401,120.6253,True,沙鹿,92,13.95785497670728,Medium Risk,"Nearest AQI station (沙鹿) AQI: 92, Indoor facility"
大甲區長青活動中心,臺中市大甲區,大甲區中山里水源路167號,24.3409,120.6269,True,沙鹿,92,14.105952624274114,Medium Risk,"Nearest AQI station (沙鹿) AQI: 92, Indoor facility"
雙連國小操場,苗栗縣卓蘭鎮,雙連16-1號,24.3449,120.8419,False,三義,58,9.328216221167306,Warning,"Nearest AQI station (三義) AQI: 58, Outdoor facility"
大安國小體育館,臺中市大安區,大安區中庄里中山南路296號,24.3451,120.5882,True,沙鹿,92,13.429497843036916,Medium Risk,"Nearest AQI station (沙鹿) AQI: 92, Indoor facility"
老人文康活動中心,臺中市大安區,興安路376號,24.3459,120.5895,True,沙鹿,92,13.537299737209608,Medium Risk,"Nearest AQI station (沙鹿) AQI: 92, Indoor facility"
大安區公所禮堂,臺中市大安區,大安區中庄里中山南路356號,24.3462,120.5866,False,沙鹿,92,13.52791644828477,Warning,"Nearest AQI station (沙鹿) AQI: 92, Outdoor facility"
梅園村活動中心,苗栗縣泰安鄉,6鄰36號,24.3479,120.9304,True,三義,58,17.726014126330938,Medium Risk,"Nearest AQI station (三義) AQI: 58, Indoor facility"
新開國小操場,苗栗縣大湖鄉,新開25號,24.348257,120.826351,False,三義,58,7.761729805672071,Warning,"Nearest AQI station (三義) AQI: 58, Outdoor facility"
新開國小,苗栗縣大湖鄉,4鄰新開25號,24.348257,120.826351,True,三義,58,7.761729805672071,Medium Risk,"Nearest AQI station (三義) AQI: 58, Indoor facility"
文昌國小戶外空地,臺中市大甲區,大甲區孔門里育德路113號,24.3483,120.6242,False,三義,58,14.228657353620141,Warning,"Nearest AQI station (三義) AQI: 58, Outdoor facility"
大甲高工活動中心,臺中市大甲區,大甲區頂店里開元路71號,24.3499,120.6445,True,三義,58,12.205430217432719,Medium Risk,"Nearest AQI station (三義) AQI: 58, Indoor facility"
大甲國小禮堂,臺中市大甲區,大甲區文武里育德路233號,24.3508,120.6261,True,三義,58,13.970483401008314,Medium Risk,"Nearest AQI station (三義) AQI: 58, Indoor facility"
豐田國小操場,苗栗縣卓蘭鎮,3鄰36號,24.3517,120.8577,False,三義,58,10.512721973122295,Warning,"Nearest AQI station (三義) AQI: 58, Outdoor facility"
坪林國小操場,苗栗縣卓蘭鎮,7鄰86-2號,24.3526,120.8653,False,三義,58,11.213267485336926,Warning,"Nearest AQI station (三義) AQI: 58, Outdoor facility"
大甲國中活動中心,臺中市大甲區,大甲區文武里育英路186號,24.3536,120.6223,True,三義,58,14.26983984132436,Medium Risk,"Nearest AQI station (三義) AQI: 58, Indoor facility"
三光國小體育館,臺中市大安區,大安區龜殼里3鄰中松路297號,24.358,120.6005,True,沙鹿,92,15.065778967526299,Medium Risk,"Nearest AQI station (沙鹿) AQI: 92, Indoor facility"
景山社區活動中心,苗栗縣卓蘭鎮,5鄰78號,24.3587,120.8671,True,三義,58,11.208131888094483,Medium Risk,"Nearest AQI station (三義) AQI: 58, Indoor facility"
士林國小,苗栗縣泰安鄉,5鄰26號,24.3605,120.947,True,三義,58,19.141070749041532,Medium Risk,"Nearest AQI station (三義) AQI: 58, Indoor facility"
象鼻村活動中心,苗栗縣泰安鄉,1鄰7號,24.360527,120.94702,True,三義,58,19.142694722219158,Medium Risk,"Nearest AQI station (三義) AQI: 58, Indoor facility"
象鼻村活動中心戶外廣場,苗栗縣泰安鄉,1鄰7號,24.362245,120.938938,False,三義,58,18.306495117856496,Warning,"Nearest AQI station (三義) AQI: 58, Outdoor facility"
大安國中體育館,臺中市大安區,大安區松雅里大安港路691號,24.3652,120.6018,True,沙鹿,92,15.876097282644203,Medium Risk,"Nearest AQI station (沙鹿) AQI: 92, Indoor facility"
栗林國小操場,苗栗縣大湖鄉,5鄰四份61號,24.373502,120.842715,False,三義,58,8.480285316658264,Warning,"Nearest AQI station (三義) AQI: 58, Outdoor facility"
栗林社區活動中心,苗栗縣大湖鄉,5鄰四份61號之2,24.373511,120.842741,True,三義,58,8.482782229775603,Medium Risk,"Nearest AQI station (三義) AQI: 58, Indoor facility"
武榮社區活動中心,苗栗縣大湖鄉,水流東7號,24.3755,120.8646,True,三義,58,10.666024684720474,Medium Risk,"Nearest AQI station (三義) AQI: 58, Indoor facility"
日南國中體育館,臺中市大甲區,大甲區孟春里中山路二段69-11號,24.3783,120.652,True,三義,58,10.904276647612525,Medium Risk,"Nearest AQI station (三義) AQI: 58, Indoor facility"
海墘國小體育館,臺中市大安區,大安區海墘里大安港路1100號,24.3792,120.589,True,沙鹿,92,17.198763475445087,Medium Risk,"Nearest AQI station (沙鹿) AQI: 92, Indoor facility"
東興國小操場,苗栗縣大湖鄉,下湖37號,24.380718,120.882811,False,三義,58,12.483414355397432,Warning,"Nearest AQI station (三義) AQI: 58, Outdoor facility"
東興國小,苗栗縣大湖鄉,下湖37號,24.380728,120.882822,True,三義,58,12.484510338660588,Medium Risk,"Nearest AQI station (三義) AQI: 58, Indoor facility"
永安國小體育館,臺中市大安區,大安區永安里東西四路252號,24.3823,120.6063,True,三義,58,15.522568274217349,Medium Risk,"Nearest AQI station (三義) AQI: 58, Indoor facility"
武榮國小操場,苗栗縣大湖鄉,義和村淋漓坪77號,24.382508,120.867425,False,三義,58,10.923526529656128,Warning,"Nearest AQI station (三義) AQI: 58, Outdoor facility"
日南國小禮堂,臺中市大甲區,大甲區幸福里中山路二段568號,24.39,120.6551,True,三義,58,10.61284418422692,Medium Risk,"Nearest AQI station (三義) AQI: 58, Indoor facility"
細道邦長老教會,苗栗縣泰安鄉,1鄰長橋13號,24.3938,120.9203,True,三義,58,16.326399218758066,Medium Risk,"Nearest AQI station (三義) AQI: 58, Indoor facility"
梅園村活動中心戶外廣場,苗栗縣泰安鄉,6鄰36號,24.395274,120.96991,False,三義,58,21.349284969142953,Warning,"Nearest AQI station (三義) AQI: 58, Outdoor facility"
南湖國中操場,苗栗縣大湖鄉,蔗部坪1號,24.397403,120.867265,False,三義,58,11.032112030745,Warning,"Nearest AQI station (三義) AQI: 58, Outdoor facility"
南湖國中,苗栗縣大湖鄉,3鄰蔗篰坪12號,24.397403,120.867265,True,三義,58,11.032112030745,Medium Risk,"Nearest AQI station (三義) AQI: 58, Indoor facility"
華龍國小戶外空地,臺中市大甲區,大甲區日南里工二路1號,24.406,120.6482,False,三義,58,11.577125810688862,Warning,"Nearest AQI station (三義) AQI: 58, Outdoor facility"
大湖農工操場,苗栗縣大湖鄉,17鄰竹高屋68號,24.42,120.861173,False,三義,58,11.102316238051475,Warning,"Nearest AQI station (三義) AQI: 58, Outdoor facility"
大湖農工,苗栗縣大湖鄉,17鄰竹高屋68號,24.42,120.861173,False,三義,58,11.102316238051475,Warning,"Nearest AQI station (三義) AQI: 58, Outdoor facility"
西岐國小有晴館,臺中市大甲區,大甲區西岐里順帆路96號,24.4209,120.629,True,三義,58,13.894448710569092,Medium Risk,"Nearest AQI station (三義) AQI: 58, Indoor facility"
大興村活動中心,苗栗縣泰安鄉,1鄰22號,24.4211,120.9109,True,三義,58,15.914425836473692,Medium Risk,"Nearest AQI station (三義) AQI: 58, Indoor facility"
大湖國小操場,苗栗縣大湖鄉,中正路育英巷11號,24.421425,120.869809,False,三義,58,11.973597661310025,Warning,"Nearest AQI station (三義) AQI: 58, Outdoor facility"
大湖國小,苗栗縣大湖鄉,中正路育英巷11號,24.421425,120.869809,True,三義,58,11.973597661310025,Medium Risk,"Nearest AQI station (三義) AQI: 58, Indoor facility"
大南村辦公處,苗栗縣大湖鄉,小南勢71-1號,24.422399,120.8984,False,三義,58,14.742332912944017,Warning,"Nearest AQI station (三義) AQI: 58, Outdoor facility"
大湖鄉老人文康中心,苗栗縣大湖鄉,忠孝路69號,24.424989,120.866884,False,三義,58,11.85021201287862,Warning,"Nearest AQI station (三義) AQI: 58, Outdoor facility"
福興里民活動中心,苗栗縣通霄鎮,6鄰57-1號,24.4259,120.7277,True,三義,58,5.806769599005927,Medium Risk,"Nearest AQI station (三義) AQI: 58, Indoor facility"
鄉立武塔村幼兒園,宜蘭縣南澳鄉,南澳鄉武塔村新溪路溫泉巷7號,24.4259,121.7493,False,冬山,40,23.36053501439279,Low Risk,
大湖國中操場,苗栗縣大湖鄉,民族路80號,24.426432,120.870777,False,三義,58,12.27564838930254,Warning,"Nearest AQI station (三義) AQI: 58, Outdoor facility"
大湖國中,苗栗縣大湖鄉,民族路80號,24.426432,120.870777,True,三義,58,12.27564838930254,Medium Risk,"Nearest AQI station (三義) AQI: 58, Indoor facility"
新隆國小操場,苗栗縣銅鑼鄉,2鄰18號,24.4297,120.809,False,三義,58,7.253860215080444,Warning,"Nearest AQI station (三義) AQI: 58, Outdoor facility"
新隆國小,苗栗縣銅鑼鄉,2鄰18號,24.4297,120.809,True,三義,58,7.253860215080444,Medium Risk,"Nearest AQI station (三義) AQI: 58, Indoor facility"
金岳國小,宜蘭縣南澳鄉,南澳鄉金岳村金岳路2號,24.4456,121.7692,True,冬山,40,20.887660131565315,Low Risk,
武塔國小,宜蘭縣南澳鄉,南澳鄉武塔村新溪路1號,24.445655,121.777599,True,冬山,40,20.801062395429042,Low Risk,
清安村活動中心,苗栗縣泰安鄉,2鄰80號,24.4478,120.9074,True,苗栗,94,15.74176574067986,Medium Risk,"Nearest AQI station (苗栗) AQI: 94, Indoor facility"
南澳村辦公處,宜蘭縣南澳鄉,南澳鄉南澳村中正路25號,24.4488,121.7778,False,冬山,40,20.450811122075347,Low Risk,
富民社區活動中心戶外廣場,苗栗縣泰安鄉,2鄰80號,24.44902,120.899611,False,苗栗,94,15.19825505952112,Warning,"Nearest AQI station (苗栗) AQI: 94, Outdoor facility"
朝陽社區活動中心,宜蘭縣蘇澳鎮,朝陽路40號,24.4615,121.8158,True,冬山,40,19.121763309443637,Low Risk,
興隆國小操場,苗栗縣銅鑼鄉,117號,24.4629,120.812,False,三義,58,10.398864568576233,Warning,"Nearest AQI station (三義) AQI: 58, Outdoor facility"
興隆國小,苗栗縣銅鑼鄉,117號,24.4629,120.812,True,三義,58,10.398864568576233,Medium Risk,"Nearest AQI station (三義) AQI: 58, Indoor facility"
南強社區活動中心,宜蘭縣蘇澳鎮,南澳路1號,24.4635,121.8059,True,冬山,40,18.80474563910588,Low Risk,
通霄鎮綜合活動中心,苗栗縣通霄鎮,信義路248號,24.4638,120.7449,True,三義,58,9.163014529231834,Medium Risk,"Nearest AQI station (三義) AQI: 58, Indoor facility"
文峰國小操場,苗栗縣銅鑼鄉,樟樹12之1號,24.4645,120.7858,False,三義,58,9.498577644849577,Warning,"Nearest AQI station (三義) AQI: 58, Outdoor facility"
文峰國小,苗栗縣銅鑼鄉,樟樹12之1號,24.4645,120.7858,True,三義,58,9.498577644849577,Medium Risk,"Nearest AQI station (三義) AQI: 58, Indoor facility"
蓬萊國小,宜蘭縣蘇澳鎮,南澳路85號,24.4647,121.803,True,冬山,40,18.653322538338305,Low Risk,
錦水村活動中心,苗栗縣泰安鄉,5鄰29號,24.4652,120.9428,True,苗栗,94,16.649059870965296,Medium Risk,"Nearest AQI station (苗栗) AQI: 94, Indoor facility"
南澳鄉公所二樓,宜蘭縣南澳鄉,蘇花路二段381號,24.466067,121.803634,False,冬山,40,18.50518904649423,Low Risk,
錦水村活動中心戶外廣場,苗栗縣泰安鄉,5鄰29號,24.46710665,120.9346559,False,苗栗,94,15.898238569394964,Warning,"Nearest AQI station (苗栗) AQI: 94, Outdoor facility"
金洋社區活動中心,宜蘭縣南澳鄉,南澳鄉金洋村博愛路3號,24.4673,121.8006,True,冬山,40,18.35278857305482,Low Risk,
南澳國小,宜蘭縣南澳鄉,南澳鄉南澳村中正路15號,24.467509,121.801149,True,冬山,40,18.332004269783123,Low Risk,
南衡宮,苗栗縣獅潭鄉,5鄰北庄28號,24.4716,120.8865,False,苗栗,94,12.3672080655255,Warning,"Nearest AQI station (苗栗) AQI: 94, Outdoor facility"
九湖國小操場,苗栗縣銅鑼鄉,10鄰91之1號,24.473,120.7764,False,三義,58,10.208121066211632,Warning,"Nearest AQI station (三義) AQI: 58, Outdoor facility"
九湖國小,苗栗縣銅鑼鄉,10鄰91之1號,24.473,120.7764,True,三義,58,10.208121066211632,Medium Risk,"Nearest AQI station (三義) AQI: 58, Indoor facility"
碧候國小,宜蘭縣南澳鄉,南澳鄉碧候村信自覺巷38號,24.474443,121.784722,True,冬山,40,17.56173414819892,Low Risk,
豐林國小,苗栗縣獅潭鄉,4鄰八角林56號,24.4766,120.8913,False,苗栗,94,12.18467127472965,Warning,"Nearest AQI station (苗栗) AQI: 94, Outdoor facility"
新豐村活動中心,苗栗縣獅潭鄉,3鄰八角林39-1號,24.4789,120.8939,True,苗栗,94,12.13923039250982,Medium Risk,"Nearest AQI station (苗栗) AQI: 94, Indoor facility"
城南社區活動中心,苗栗縣通霄鎮,1鄰123-1號,24.4838,120.6826,True,三義,58,13.69788947189738,Medium Risk,"Nearest AQI station (三義) AQI: 58, Indoor facility"
銅鑼灣會館,苗栗縣銅鑼鄉,新興路78號,24.4851,120.7855,False,苗栗,94,9.54881144463577,Warning,"Nearest AQI station (苗栗) AQI: 94, Outdoor facility"
通霄國小,苗栗縣通霄鎮,中正路12號,24.4869,120.6786,False,三義,58,14.212343316175925,Warning,"Nearest AQI station (三義) AQI: 58, Outdoor facility"
豐林社區活動中心,苗栗縣獅潭鄉,10鄰24號,24.4884,120.9005,True,苗栗,94,11.775429675317634,Medium Risk,"Nearest AQI station (苗栗) AQI: 94, Indoor facility"
八卦村活動中心,苗栗縣泰安鄉,3鄰50號,24.4896,120.9325,True,苗栗,94,14.12559693471432,Medium Risk,"Nearest AQI station (苗栗) AQI: 94, Indoor facility"
中興國小操場,苗栗縣銅鑼鄉,150號,24.4899,120.8028,False,苗栗,94,8.531568811552718,Warning,"Nearest AQI station (苗栗) AQI: 94, Outdoor facility"
中興國小,苗栗縣銅鑼鄉,150號,24.4899,120.8028,True,苗栗,94,8.531568811552718,Medium Risk,"Nearest AQI station (苗栗) AQI: 94, Indoor facility"
通霄國中,苗栗縣通霄鎮,中山路190巷1號,24.4908,120.6833,False,三義,58,14.306401859137932,Warning,"Nearest AQI station (三義) AQI: 58, Outdoor facility"
銅鑼國小操場,苗栗縣銅鑼鄉,文化街1號,24.4908,120.7913,False,苗栗,94,8.749580657528252,Warning,"Nearest AQI station (苗栗) AQI: 94, Outdoor facility"
銅鑼國小,苗栗縣銅鑼鄉,文化街1號,24.4908,120.7913,True,苗栗,94,8.749580657528252,Medium Risk,"Nearest AQI station (苗栗) AQI: 94, Indoor facility"
八卦村活動中心戶外操場,苗栗縣泰安鄉,3鄰50號,24.49132664,120.9243031,False,苗栗,94,13.348476417950792,Warning,"Nearest AQI station (苗栗) AQI: 94, Outdoor facility"
苗栗縣青少年服務中心暨平安社區活動中心,苗栗縣通霄鎮,平元55-6號,24.495102,120.691288,True,三義,58,14.303498752113535,Medium Risk,"Nearest AQI station (三義) AQI: 58, Indoor facility"
竹森社區活動中心,苗栗縣銅鑼鄉,4鄰22-1號,24.5041,120.7829,True,苗栗,94,7.7469826603165775,Medium Risk,"Nearest AQI station (苗栗) AQI: 94, Indoor facility"
廣德宮廣場,苗栗縣銅鑼鄉,4鄰22號,24.5045,120.7828,False,苗栗,94,7.713081492250232,Warning,"Nearest AQI station (苗栗) AQI: 94, Outdoor facility"
公館鄉公所,苗栗縣公館鄉,14鄰368-10號,24.505958,120.828396,False,苗栗,94,6.617497261507523,Warning,"Nearest AQI station (苗栗) AQI: 94, Outdoor facility"
公館鄉老人文康中心,苗栗縣公館鄉,4鄰124號,24.515114,120.824346,False,苗栗,94,5.562651730178868,Warning,"Nearest AQI station (苗栗) AQI: 94, Outdoor facility"
東澳社區活動中心,宜蘭縣蘇澳鎮,東澳路103號,24.516,121.8346,True,冬山,40,13.590985558460313,Low Risk,
東澳國小,宜蘭縣南澳鄉,南澳鄉東岳村蘇花路3段209號,24.52148,121.832701,True,冬山,40,12.95210033845213,Low Risk,
東岳村災民收容中心,宜蘭縣南澳鄉,南澳鄉東岳村蘇花路3段139巷8弄7號1樓,24.5216,121.833,False,冬山,40,12.948846350896677,Low Risk,
南勢社區活動中心,苗栗縣苗栗市,8鄰新勝8-1號,24.5235,120.7924,True,苗栗,94,5.398552400605055,Medium Risk,"Nearest AQI station (苗栗) AQI: 94, Indoor facility"
五湖社區活動中心,苗栗縣西湖鄉,13鄰194-4號,24.5246,120.7704,True,苗栗,94,6.742261328139593,Medium Risk,"Nearest AQI station (苗栗) AQI: 94, Indoor facility"
和興社區活動中心,苗栗縣獅潭鄉,8鄰13號,24.5263,120.9146,True,苗栗,94,10.480615222977185,Medium Risk,"Nearest AQI station (苗栗) AQI: 94, Indoor facility"
四湖社區活動中心,苗栗縣西湖鄉,4鄰11號,24.5312,120.745,True,苗栗,94,8.475818974517923,Medium Risk,"Nearest AQI station (苗栗) AQI: 94, Indoor facility"
義民廟,苗栗縣獅潭鄉,4鄰46號,24.539236,120.920102,False,苗栗,94,10.510532072018618,Warning,"Nearest AQI station (苗栗) AQI: 94, Outdoor facility"
獅潭國小,苗栗縣獅潭鄉,11鄰129號,24.540041,120.921017,False,苗栗,94,10.575738657114321,Warning,"Nearest AQI station (苗栗) AQI: 94, Outdoor facility"
水源社區活動中心,苗栗縣苗栗市,中正路1151號,24.5405,120.8165,True,苗栗,94,2.747796533281506,Medium Risk,"Nearest AQI station (苗栗) AQI: 94, Indoor facility"
新店村活動中心,苗栗縣獅潭鄉,4鄰46-1號,24.5421,120.9215,True,苗栗,94,10.565320929339798,Medium Risk,"Nearest AQI station (苗栗) AQI: 94, Indoor facility"
蓬萊國小室外,苗栗縣南庄鄉,19鄰紅毛館118號,24.5428,120.9708,False,苗栗,94,15.438739770032626,Warning,"Nearest AQI station (苗栗) AQI: 94, Outdoor facility"
蓬萊國小室內,苗栗縣南庄鄉,19鄰紅毛館118號,24.542802,120.970819,True,苗栗,94,15.440601062397322,Medium Risk,"Nearest AQI station (苗栗) AQI: 94, Indoor facility"
勝利社區活動中心,苗栗縣苗栗市,復興路1段492號,24.5445,120.8234,True,苗栗,94,2.3026869263160075,Medium Risk,"Nearest AQI station (苗栗) AQI: 94, Indoor facility"
獅潭國中,苗栗縣獅潭鄉,21號,24.545,120.9229,True,苗栗,94,10.630605701038668,Medium Risk,"Nearest AQI station (苗栗) AQI: 94, Indoor facility"
恭敬社區活動中心,苗栗縣苗栗市,7鄰恭敬路77-1號,24.5461,120.8155,True,苗栗,94,2.1518983916174093,Medium Risk,"Nearest AQI station (苗栗) AQI: 94, Indoor facility"
國立聯合大學活動中心,苗栗縣苗栗市,聯大1號,24.5464,120.816,True,苗栗,94,2.1087869110427917,Medium Risk,"Nearest AQI station (苗栗) AQI: 94, Indoor facility"
國立聯合大學操場,苗栗縣苗栗市,聯大一號,24.5464,120.816,False,苗栗,94,2.1087869110427917,Warning,"Nearest AQI station (苗栗) AQI: 94, Outdoor facility"
高苗里活動中心,苗栗縣苗栗市,22鄰松園1號,24.549403,120.811818,True,苗栗,94,1.925814728382995,Medium Risk,"Nearest AQI station (苗栗) AQI: 94, Indoor facility"
大同國小活動中心,苗栗縣苗栗市,大同路80號,24.5528,120.815,True,苗栗,94,1.4510048250506826,Medium Risk,"Nearest AQI station (苗栗) AQI: 94, Indoor facility"
大同國小操場,苗栗縣苗栗市,大同路80號,24.5528,120.815,False,苗栗,94,1.4510048250506826,Warning,"Nearest AQI station (苗栗) AQI: 94, Outdoor facility"
維新社區活動中心,苗栗縣苗栗市,僑育北街62號1樓,24.5535,120.8256,True,苗栗,94,1.3930599436364435,Medium Risk,"Nearest AQI station (苗栗) AQI: 94, Indoor facility"
新英社區活動中心,苗栗縣苗栗市,15鄰新英108-2號,24.5548,120.8077,True,苗栗,94,1.6913736796999868,Medium Risk,"Nearest AQI station (苗栗) AQI: 94, Indoor facility"
苗栗市老人文康中心室外草皮,苗栗縣苗栗市,福星山21號,24.5556,120.8142,False,苗栗,94,1.203507134555969,Warning,"Nearest AQI station (苗栗) AQI: 94, Outdoor facility"
苗栗市老人文康中心室內空間,苗栗縣苗栗市,福星山21號,24.5556,120.8142,False,苗栗,94,1.203507134555969,Warning,"Nearest AQI station (苗栗) AQI: 94, Outdoor facility"
苗栗農工活動中心,苗栗縣苗栗市,經國路2段491號,24.5564,120.8341,True,苗栗,94,1.7068208822248656,Medium Risk,"Nearest AQI station (苗栗) AQI: 94, Indoor facility"
苗栗農工操場,苗栗縣苗栗市,經國路2段491號,24.5564,120.8341,False,苗栗,94,1.7068208822248656,Warning,"Nearest AQI station (苗栗) AQI: 94, Outdoor facility"
西湖鄉農特產品展售綜合活動中心,苗栗縣西湖鄉,1鄰店仔街4之1號,24.5589,120.7562,True,苗栗,94,6.499289685017703,Medium Risk,"Nearest AQI station (苗栗) AQI: 94, Indoor facility"
西湖鄉農特產品展售綜合活動中心戶外草坪,苗栗縣西湖鄉,店仔街4之1號,24.5589,120.7562,False,苗栗,94,6.499289685017703,Warning,"Nearest AQI station (苗栗) AQI: 94, Outdoor facility"
西湖鄉立體育館,苗栗縣西湖鄉,2鄰24-9號,24.559,120.7569,False,苗栗,94,6.427721623768074,Warning,"Nearest AQI station (苗栗) AQI: 94, Outdoor facility"
中苗社區活動中心,苗栗縣苗栗市,13鄰長春街42巷45號,24.5593,120.8204,True,苗栗,94,0.6335600619081768,Medium Risk,"Nearest AQI station (苗栗) AQI: 94, Indoor facility"
永興村活動中心,苗栗縣獅潭鄉,3鄰17-1號,24.5608,120.931,True,苗栗,94,11.223780577447286,Medium Risk,"Nearest AQI station (苗栗) AQI: 94, Indoor facility"
福麗社區活動中心,苗栗縣苗栗市,8鄰32-1號,24.5613,120.8163,True,苗栗,94,0.5633403160906573,Medium Risk,"Nearest AQI station (苗栗) AQI: 94, Indoor facility"
建功國小操場,苗栗縣苗栗市,中正路241號,24.5642,120.8243,False,苗栗,94,0.43232651369998804,Warning,"Nearest AQI station (苗栗) AQI: 94, Outdoor facility"
文山國小活動中心,苗栗縣苗栗市,6鄰41號,24.5671,120.8133,True,苗栗,94,0.7279448440682044,Medium Risk,"Nearest AQI station (苗栗) AQI: 94, Indoor facility"
文山國小操場,苗栗縣苗栗市,4鄰41號,24.5671,120.8133,False,苗栗,94,0.7279448440682044,Warning,"Nearest AQI station (苗栗) AQI: 94, Outdoor facility"
玉苗社區活動中心,苗栗縣苗栗市,13鄰光復路210號,24.5697,120.8244,True,苗栗,94,0.679622670092358,Medium Risk,"Nearest AQI station (苗栗) AQI: 94, Indoor facility"
北苗聯合社區活動中心室內空間,苗栗縣苗栗市,中華路45號2樓,24.5711,120.8248,True,苗栗,94,0.8281382290776886,Medium Risk,"Nearest AQI station (苗栗) AQI: 94, Indoor facility"
北苗聯合社區活動中心室外停車場,苗栗縣苗栗市,中華路45號,24.5711,120.8248,False,苗栗,94,0.8281382290776886,Warning,"Nearest AQI station (苗栗) AQI: 94, Outdoor facility"
永興國小,苗栗縣獅潭鄉,6鄰55-1號,24.5737,120.9365,True,苗栗,94,11.809484752333349,Medium Risk,"Nearest AQI station (苗栗) AQI: 94, Indoor facility"
南安國中,宜蘭縣蘇澳鎮,學府路117號,24.576,121.8689,True,冬山,40,9.901984419424755,Low Risk,
永樂社區活動中心,宜蘭縣蘇澳鎮,永樂路116巷6號,24.5762,121.8414,True,冬山,40,7.9242203890516985,Low Risk,
苗栗縣頭屋國小操場,苗栗縣頭屋鄉,中山街15號,24.5764,120.8509,False,苗栗,94,3.361722879080668,Warning,"Nearest AQI station (苗栗) AQI: 94, Outdoor facility"
苗栗縣頭屋國小活動中心,苗栗縣頭屋鄉,中山街15號?,24.5764,120.8509,True,苗栗,94,3.361722879080668,Medium Risk,"Nearest AQI station (苗栗) AQI: 94, Indoor facility"
苗栗縣頭屋國中操場,苗栗縣頭屋鄉,中正街86巷14號,24.577,120.8534,False,苗栗,94,3.6211720203838302,Warning,"Nearest AQI station (苗栗) AQI: 94, Outdoor facility"
苗栗縣頭屋國中活動中心,苗栗縣頭屋鄉,中正街86巷14號?,24.577,120.8534,True,苗栗,94,3.6211720203838302,Medium Risk,"Nearest AQI station (苗栗) AQI: 94, Indoor facility"
永樂國小,宜蘭縣蘇澳鎮,永樂路1號,24.5786,121.8461,True,冬山,40,8.026399031337597,Low Risk,
南安國小,宜蘭縣蘇澳鎮,學府路122號,24.5789,121.8684,True,冬山,40,9.661650350408847,Low Risk,
福星國小活動中心,苗栗縣苗栗市,中華東街62號,24.5791,120.826,True,苗栗,94,1.677857404834696,Medium Risk,"Nearest AQI station (苗栗) AQI: 94, Indoor facility"
福星國小操場,苗栗縣苗栗市,中華東街62號,24.5791,120.826,False,苗栗,94,1.677857404834696,Warning,"Nearest AQI station (苗栗) AQI: 94, Outdoor facility"
昭安社區活動中心,宜蘭縣蘇澳鎮,內埤路117巷2號,24.5794,121.8599,True,冬山,40,8.961934356339246,Low Risk,
南興社區活動中心,宜蘭縣蘇澳鎮,華山七巷16之2號,24.5798,121.8663,True,冬山,40,9.432712741734393,Low Risk,
百壽村活動中心,苗栗縣獅潭鄉,7鄰42-1號,24.5799,120.9415,True,苗栗,94,12.386481629043706,Medium Risk,"Nearest AQI station (苗栗) AQI: 94, Indoor facility"
頭屋鄉老人文康活動中心,苗栗縣頭屋鄉,7鄰象山路82-1號,24.581,120.8661,True,苗栗,94,4.979271423769484,Medium Risk,"Nearest AQI station (苗栗) AQI: 94, Indoor facility"
南寧社區活動中心,宜蘭縣蘇澳鎮,南新路9號,24.5812,121.8695,True,冬山,40,9.596330167256538,Low Risk,
白米社區活動中心,宜蘭縣蘇澳鎮,永春路134巷11之1號,24.5826,121.8454,True,冬山,40,7.652585166876174,Low Risk,
南成社區活動中心,宜蘭縣蘇澳鎮,民生路15號,24.583,121.864,True,冬山,40,9.031006974432879,Low Risk,
中和國小操場,苗栗縣後龍鎮,中和里14鄰152號,24.588097,120.734732,False,苗栗,94,9.008156307259595,Warning,"Nearest AQI station (苗栗) AQI: 94, Outdoor facility"
中和國小綜合教室,苗栗縣後龍鎮,中和里14鄰152號,24.5881,120.7347,True,苗栗,94,9.011352854509312,Medium Risk,"Nearest AQI station (苗栗) AQI: 94, Indoor facility"
士敏國小,宜蘭縣蘇澳鎮,光明路8號,24.5923,121.8537,True,冬山,40,7.57831356757043,Low Risk,
長安社區活動中心,宜蘭縣蘇澳鎮,勝利路1-1號,24.5928,121.8541,True,冬山,40,7.578845172772842,Low Risk,
蘇西社區活動中心,宜蘭縣蘇澳鎮,志成路62號,24.5939,121.8412,True,冬山,40,6.477146512659114,Low Risk,
永光社區活動中心,宜蘭縣蘇澳鎮,蘇港路85號,24.594,121.8521,True,冬山,40,7.336712319081694,Low Risk,
蘇澳海事,宜蘭縣蘇澳鎮,蘇港路213號,24.5941,121.8456,False,冬山,40,6.804667453160758,Low Risk,
南江村社區活動中心,苗栗縣南庄鄉,22鄰55-1號,24.5943,121.0001,True,頭份,108,15.336577530380799,High Risk,Nearest AQI station (頭份) AQI: 108
蘇澳鎮公所,宜蘭縣蘇澳鎮,蘇港路215號,24.5944,121.8422,False,冬山,40,6.517644239673032,Low Risk,
聖湖社區活動中心,宜蘭縣蘇澳鎮,全祿街10號,24.5947,121.8345,True,冬山,40,5.920452959185602,Low Risk,
桃山村辦公處,新竹縣五峰鄉,3鄰52-1號,24.5948,121.1088,False,竹東,75,16.370427873517713,Warning,"Nearest AQI station (竹東) AQI: 75, Outdoor facility"
蘇澳國中,宜蘭縣蘇澳鎮,中山路二段1號,24.5953,121.8354,True,冬山,40,5.93908130441905,Low Risk,
蘇東社區活動中心,宜蘭縣蘇澳鎮,蘇花路5段101巷1號,24.5956,121.8544,True,冬山,40,7.4285066253651975,Low Risk,
蘇澳國小,宜蘭縣蘇澳鎮,中山路一段366號,24.5967,121.8413,True,冬山,40,6.2846231969622535,Low Risk,
蘇北社區活動中心,宜蘭縣蘇澳鎮,新生路8號,24.5968,121.8505,True,冬山,40,7.026338191608306,Low Risk,
東村社區第二活動中心,苗栗縣南庄鄉,大同路1-1號,24.5969,121.0009,True,頭份,108,15.177573668202834,High Risk,Nearest AQI station (頭份) AQI: 108
鄉公所廣場後,苗栗縣南庄鄉,大同路1號,24.597,121.0003,False,頭份,108,15.128199478451773,High Risk,Nearest AQI station (頭份) AQI: 108
鄉公所廣場前,苗栗縣南庄鄉,大同路3號,24.597,121.0003,False,頭份,108,15.128199478451773,High Risk,Nearest AQI station (頭份) AQI: 108
蘇南社區活動中心,宜蘭縣蘇澳鎮,光復路27巷4號,24.5971,121.8526,True,冬山,40,7.184980189444547,Low Risk,
公有零售市場二樓,苗栗縣南庄鄉,民生街13號,24.5983,120.9991,False,頭份,108,14.939694287493818,High Risk,Nearest AQI station (頭份) AQI: 108
樂水活動中心,宜蘭縣大同鄉,大同鄉茂安村1鄰志航15-1號,24.599,121.5301,True,冬山,40,26.82452455042706,Low Risk,
龍德社區活動中心,宜蘭縣蘇澳鎮,福德路177巷27號,24.6,121.8,True,冬山,40,3.651477810912101,Low Risk,
南庄國小,苗栗縣南庄鄉,文化路3號,24.6004,120.9993,False,頭份,108,14.783004510737976,High Risk,Nearest AQI station (頭份) AQI: 108
龍坑國小教室,苗栗縣後龍鎮,龍坑里十班坑158號,24.6019,120.7782,True,苗栗,94,5.899616699612455,Medium Risk,"Nearest AQI station (苗栗) AQI: 94, Indoor facility"
龍坑國小操場,苗栗縣後龍鎮,龍坑里十班坑158號,24.601926,120.778154,False,苗栗,94,5.904969111061485,Warning,"Nearest AQI station (苗栗) AQI: 94, Outdoor facility"
同光國小操場,苗栗縣後龍鎮,龍津里10鄰同興94號,24.610127,120.761765,False,苗栗,94,7.745771143288364,Warning,"Nearest AQI station (苗栗) AQI: 94, Outdoor facility"
同光國小綜合教室,苗栗縣後龍鎮,龍津里10鄰同興94號,24.6105,120.7632,True,苗栗,94,7.663149392974519,Medium Risk,"Nearest AQI station (苗栗) AQI: 94, Indoor facility"
寒溪活動中心,宜蘭縣大同鄉,8鄰寒溪巷5號,24.611,121.6779,True,冬山,40,11.864221093864026,Low Risk,
維真國中活動中心,苗栗縣後龍鎮,中山路252號,24.6121,120.7946,True,苗栗,94,5.8390208511602655,Medium Risk,"Nearest AQI station (苗栗) AQI: 94, Indoor facility"
岳明社區活動中心,宜蘭縣蘇澳鎮,岳明新村91號,24.6122,121.8502,True,冬山,40,6.201881490869827,Low Risk,
維真國中操場,苗栗縣後龍鎮,中山路252號,24.612202,120.794682,False,苗栗,94,5.845545205860377,Warning,"Nearest AQI station (苗栗) AQI: 94, Outdoor facility"
新港國中小活動中心,苗栗縣後龍鎮,頂東路30號,24.6128,120.8194,True,苗栗,94,5.316517074794792,Medium Risk,"Nearest AQI station (苗栗) AQI: 94, Indoor facility"
新港國中小操場,苗栗縣後龍鎮,頂東路30號,24.612828,120.819422,False,苗栗,94,5.319600493074166,Warning,"Nearest AQI station (苗栗) AQI: 94, Outdoor facility"
苗栗縣後龍鎮公所,苗栗縣後龍鎮,中山路152號,24.613344,120.792076,False,苗栗,94,6.078181184422327,Warning,"Nearest AQI station (苗栗) AQI: 94, Outdoor facility"
岳明國小,宜蘭縣蘇澳鎮,嶺腳路140號,24.6135,121.8531,True,冬山,40,6.428137692863939,Low Risk,
苗栗縣老人福利服務中心,苗栗縣後龍鎮,中心路121-5號,24.61375,120.814498,False,苗栗,94,5.451323625502956,Warning,"Nearest AQI station (苗栗) AQI: 94, Outdoor facility"
後龍國小教室,苗栗縣後龍鎮,成功路254號,24.6138,120.7961,True,苗栗,94,5.945639663843608,Medium Risk,"Nearest AQI station (苗栗) AQI: 94, Indoor facility"
後龍國小操場,苗栗縣後龍鎮,成功路254號,24.613833,120.796137,False,苗栗,94,5.947463210398574,Warning,"Nearest AQI station (苗栗) AQI: 94, Outdoor facility"
中龍里活動中心,苗栗縣後龍鎮,13鄰中南街167號,24.614455,120.787967,True,苗栗,94,6.388754265150491,Medium Risk,"Nearest AQI station (苗栗) AQI: 94, Indoor facility"
北龍里活動中心,苗栗縣後龍鎮,7鄰東門街151號,24.6154,120.7908,True,苗栗,94,6.340576821648188,Medium Risk,"Nearest AQI station (苗栗) AQI: 94, Indoor facility"
隘丁社區活動中心,宜蘭縣蘇澳鎮,城中路40號,24.6158,121.837,True,冬山,40,4.813848739498996,Low Risk,
後龍國中操場,苗栗縣後龍鎮,23鄰勝利街250號,24.616631,120.784618,False,苗栗,94,6.771418173493404,Warning,"Nearest AQI station (苗栗) AQI: 94, Outdoor facility"
北埔社區活動中心,苗栗縣三灣鄉,3鄰下林坪40號,24.6167,120.9478,True,頭份,108,10.206300236880816,High Risk,Nearest AQI station (頭份) AQI: 108
後龍國中活動中心,苗栗縣後龍鎮,23鄰勝利街250號,24.616762,120.785149,True,苗栗,94,6.755522131412377,Medium Risk,"Nearest AQI station (苗栗) AQI: 94, Indoor facility"
文化國中,宜蘭縣蘇澳鎮,新馬路2號,24.6179,121.8328,True,冬山,40,4.332799769104553,Low Risk,
田美社區活動中心,苗栗縣南庄鄉,田美153號,24.6197,120.9948,True,頭份,108,12.962554362297844,High Risk,Nearest AQI station (頭份) AQI: 108
慶安廟活動中心,宜蘭縣蘇澳鎮,慶安路1號,24.6204,121.8272,True,冬山,40,3.704529670075943,Low Risk,
溪洲國小操場,苗栗縣後龍鎮,87-3號,24.620956,120.776741,False,苗栗,94,7.612941853339569,Warning,"Nearest AQI station (苗栗) AQI: 94, Outdoor facility"
永榮社區活動中心,宜蘭縣蘇澳鎮,和平路51號,24.6212,121.8362,True,冬山,40,4.541863011233038,Low Risk,
馬賽國小,宜蘭縣蘇澳鎮,大同路108號,24.6219,121.8349,True,冬山,40,4.394514534276286,Low Risk,
頂寮文教活動中心,宜蘭縣蘇澳鎮,頂寮路2號,24.623428,121.838037,True,冬山,40,4.662848518120939,Low Risk,
造橋鄉綜合活動中心-室內,苗栗縣造橋鄉,慈聖路二段322巷1號,24.6236,120.8875,True,頭份,108,8.2294432768132,High Risk,Nearest AQI station (頭份) AQI: 108
造橋鄉綜合活動中心-室外,苗栗縣造橋鄉,慈聖路二段322巷1號,24.6236,120.8875,False,頭份,108,8.2294432768132,High Risk,Nearest AQI station (頭份) AQI: 108
福德社區活動中心,宜蘭縣蘇澳鎮,思村路9號,24.6249,121.832,True,冬山,40,4.031994787184628,Low Risk,
大興社區活動中心,宜蘭縣冬山鄉,振安路5號2樓,24.6253,121.8106,True,冬山,40,1.94420762523067,Low Risk,
竹林村辦公處,新竹縣五峰鄉,1鄰13號,24.6254,121.1486,False,竹東,75,14.18798369510999,Warning,"Nearest AQI station (竹東) AQI: 75, Outdoor facility"
存仁社區活動中心,宜蘭縣蘇澳鎮,存仁路199之1號,24.6262,121.8419,True,冬山,40,4.994835870136403,Low Risk,
大河社區活動中心,苗栗縣三灣鄉,7鄰60-1號,24.6266,120.9064,True,頭份,108,7.856456905056907,High Risk,Nearest AQI station (頭份) AQI: 108
香和社區活動中心,宜蘭縣冬山鄉,香和路138巷24號,24.6276,121.7975,True,冬山,40,0.6895898838937535,Low Risk,
南富社區活動中心,苗栗縣南庄鄉,13鄰14號,24.6297,120.9708,True,頭份,108,10.437424932591634,High Risk,Nearest AQI station (頭份) AQI: 108
東城社區活動中心,宜蘭縣冬山鄉,東城路280號,24.6297,121.8063,True,冬山,40,1.379965506189654,Low Risk,
員林社區活動中心,苗栗縣南庄鄉,15鄰52號,24.6318,120.9634,True,頭份,108,9.75527331080168,High Risk,Nearest AQI station (頭份) AQI: 108
復興活動中心,宜蘭縣大同鄉,大同鄉樂水村5鄰碼崙46號,24.6318,121.6064,True,冬山,40,18.853662853310052,Low Risk,
五峰活動中心,新竹縣五峰鄉,6鄰98號2樓,24.6321,121.1194,True,竹東,75,12.484433615022908,Medium Risk,"Nearest AQI station (竹東) AQI: 75, Indoor facility"
成功國小操場,苗栗縣後龍鎮,水尾里12鄰104-1號,24.63268,120.761747,False,苗栗,94,9.564163427802994,Warning,"Nearest AQI station (苗栗) AQI: 94, Outdoor facility"
太和社區活動中心,宜蘭縣冬山鄉,太和路248號,24.6327,121.7734,True,冬山,40,1.974589712737498,Low Risk,
大進社區活動中心,宜蘭縣冬山鄉,大進九路50號,24.6332,121.7121,True,冬山,40,8.170523517364948,Low Risk,
南興社區活動中心,宜蘭縣冬山鄉,冬山路98之2號,24.6333,121.7938,True,冬山,40,0.1504914410828443,Low Risk,
獅山社區第二活動中心,苗栗縣南庄鄉,15鄰166-2號,24.6343,121.0135,True,頭份,108,13.529628927030581,High Risk,Nearest AQI station (頭份) AQI: 108
安平社區活動中心,宜蘭縣冬山鄉,安平路23號,24.6346,121.7893,True,冬山,40,0.4533328100759001,Low Risk,
濫坑社區活動中心,苗栗縣頭份市,4鄰藤坪44號,24.6354,120.8836,True,頭份,108,7.007226802161516,High Risk,Nearest AQI station (頭份) AQI: 108
冬山社區活動中心,宜蘭縣冬山鄉,中正路20號,24.6359,121.7903,True,冬山,40,0.48943807152594127,Low Risk,
八寶社區活動中心,宜蘭縣冬山鄉,八寶路29號,24.638,121.7675,True,冬山,40,2.6497127289187805,Low Risk,
造橋鄉造橋國中-室外,苗栗縣造橋鄉,1鄰老庄27號,24.6392,120.8563,False,頭份,108,7.715182943232787,High Risk,Nearest AQI station (頭份) AQI: 108
造橋鄉造橋國中-室內,苗栗縣造橋鄉,1鄰老庄27號,24.6392,120.8563,True,頭份,108,7.715182943232787,High Risk,Nearest AQI station (頭份) AQI: 108
育英國小,宜蘭縣蘇澳鎮,福德路134號,24.6402,121.833,True,冬山,40,4.146670622458614,Low Risk,
丸山社區活動中心,宜蘭縣冬山鄉,港尾路98號,24.6425,121.7662,True,冬山,40,2.934083562522737,Low Risk,
珍珠社區活動中心,宜蘭縣冬山鄉,富農路1段383巷50號,24.6434,121.7942,True,冬山,40,1.251669703565312,Low Risk,
三奇社區活動中心,宜蘭縣冬山鄉,成興路812號,24.6435,121.814,True,冬山,40,2.472639969393714,Low Risk,
補城社區活動中心,宜蘭縣冬山鄉,建進2路29號,24.6436,121.8023,True,冬山,40,1.5821799082028432,Low Risk,
梅花社區活動中心,宜蘭縣冬山鄉,下湖路398號,24.6447,121.7529,True,冬山,40,4.277681266165793,Low Risk,
成興社區老人活動中心,宜蘭縣五結鄉,蘇澳鎮頂寮路20巷2號,24.6447,121.8327,True,冬山,40,4.253218577748181,Low Risk,
大山國小操場,苗栗縣後龍鎮,7鄰龍山路109號,24.645529,120.809726,False,苗栗,94,9.016702371661784,Warning,"Nearest AQI station (苗栗) AQI: 94, Outdoor facility"
大山國小教室,苗栗縣後龍鎮,7鄰龍山路109號,24.6457,120.8095,True,苗栗,94,9.038271767733047,Medium Risk,"Nearest AQI station (苗栗) AQI: 94, Indoor facility"
花園村集會所,新竹縣五峰鄉,8鄰177號,24.6464,121.1597,False,竹東,75,12.709478617047361,Warning,"Nearest AQI station (竹東) AQI: 75, Outdoor facility"
中山社區活動中心,苗栗縣頭份市,11鄰尖豐路578巷56弄1號,24.6485,120.8826,True,頭份,108,5.62284698427242,High Risk,Nearest AQI station (頭份) AQI: 108
外埔國小教室,苗栗縣後龍鎮,6鄰外埔18-9號,24.6508,120.779,True,苗栗,94,10.407482978356018,Medium Risk,"Nearest AQI station (苗栗) AQI: 94, Indoor facility"
外埔國小操場,苗栗縣後龍鎮,6鄰外埔18-9號,24.650822,120.77902,False,苗栗,94,10.408918426862758,Warning,"Nearest AQI station (苗栗) AQI: 94, Outdoor facility"
永和社區活動中心,苗栗縣三灣鄉,石馬店17號,24.6527,120.9564,True,頭份,108,7.626370897716896,High Risk,Nearest AQI station (頭份) AQI: 108
成興村老人福利中心,宜蘭縣五結鄉,利成路一段185號,24.6532,121.8263,False,冬山,40,4.102090080480491,Low Risk,
順安社區活動中心,宜蘭縣冬山鄉,義成路2段378巷87號,24.6533,121.7647,True,冬山,40,3.6935672904060097,Low Risk,
獅山遊客中心,新竹縣峨眉鄉,六寮60-8號,24.65533,121.02454,False,竹東,75,11.528668208155745,Warning,"Nearest AQI station (竹東) AQI: 75, Outdoor facility"
文英國中操場,苗栗縣頭份市,200號,24.655468,120.880566,False,頭份,108,4.958452419936701,High Risk,Nearest AQI station (頭份) AQI: 108
永美社區活動中心,宜蘭縣冬山鄉,永興路1段189號,24.6555,121.771,True,冬山,40,3.4091437636200435,Low Risk,
松羅活動中心,宜蘭縣大同鄉,大同鄉松羅村南巷81-10號,24.6556,121.5789,True,宜蘭,38,19.790626521056705,Low Risk,
內灣社區活動中心,苗栗縣三灣鄉,9鄰16-1號,24.6557,120.955,True,頭份,108,7.3049900051338374,High Risk,Nearest AQI station (頭份) AQI: 108
鹿埔社區活動中心,宜蘭縣冬山鄉,鹿埔路490號,24.6557,121.7506,True,冬山,40,5.012722683703156,Low Risk,
三灣國小操場室外收容,苗栗縣三灣鄉,中山路49號,24.655737,120.955046,False,頭份,108,7.306031191073109,High Risk,Nearest AQI station (頭份) AQI: 108
三灣國小室內活動中心,苗栗縣三灣鄉,中山路49號,24.655737,120.955046,True,頭份,108,7.306031191073109,High Risk,Nearest AQI station (頭份) AQI: 108
廣興社區活動中心,苗栗縣頭份市,5鄰廣興126-1號,24.6583,120.8869,True,頭份,108,4.455176165437724,High Risk,Nearest AQI station (頭份) AQI: 108
豐鄉村集會所,新竹縣橫山鄉,大山背32號,24.6592,121.1225,False,竹東,75,9.697558453586186,Warning,"Nearest AQI station (竹東) AQI: 75, Outdoor facility"
瑞峰國小操場,新竹縣竹東鎮,上坪里43號,24.6592,121.1225,False,竹東,75,9.697558453586186,Warning,"Nearest AQI station (竹東) AQI: 75, Outdoor facility"
瑞峰國小禮堂,新竹縣竹東鎮,43號,24.6592,121.1225,True,竹東,75,9.697558453586186,Medium Risk,"Nearest AQI station (竹東) AQI: 75, Indoor facility"
武淵社區活動中心,宜蘭縣冬山鄉,富農路2段325號,24.6606,121.7976,True,冬山,40,3.1927107618844905,Low Risk,
員山社區臨時收容站,宜蘭縣三星鄉,泰雅一路203巷清水66號,24.6608,121.6229,False,宜蘭,38,15.794484234144537,Low Risk,
海寶國小教室,苗栗縣後龍鎮,5鄰52-2號,24.6618,120.8217,True,頭份,108,8.703743636563333,High Risk,Nearest AQI station (頭份) AQI: 108
海寶國小操場,苗栗縣後龍鎮,5鄰52-2號,24.661823,120.821739,False,頭份,108,8.699074032296199,High Risk,Nearest AQI station (頭份) AQI: 108
竹東瑞峰國小,新竹縣橫山鄉,竹東鎮上坪里43號,24.66186,121.1215,True,竹東,75,9.385117070675385,Medium Risk,"Nearest AQI station (竹東) AQI: 75, Indoor facility"
大義社區臨時收容站,宜蘭縣三星鄉,上將路3段375巷31號,24.6634,121.6103,False,宜蘭,38,16.652976054760913,Low Risk,
湖光社區活動中心,新竹縣峨眉鄉,11鄰湖農新村32號,24.66422,120.98775,True,頭份,108,9.704429728647282,High Risk,Nearest AQI station (頭份) AQI: 108
清溝社區活動中心,宜蘭縣冬山鄉,光明路51號,24.6643,121.7611,True,冬山,40,4.804658637653816,Low Risk,
利澤社區活動中心,宜蘭縣五結鄉,下福路156號,24.6649,121.8238,True,冬山,40,4.790944521885848,Low Risk,
二次收容 三星鄉公所臨時辦公處原三星社區,宜蘭縣三星鄉,集義路168號,24.6654,121.6538,False,宜蘭,38,13.102554356823116,Low Risk,
三星國中臨時收容站,宜蘭縣三星鄉,月眉街54號,24.6654,121.6538,True,宜蘭,38,13.102554356823116,Low Risk,
大坪社區活動中心,苗栗縣三灣鄉,大坪村9鄰下雙坑43之4號,24.6663,120.9744,True,頭份,108,8.37212665490251,High Risk,Nearest AQI station (頭份) AQI: 108
大洲多功能館臨時收容站,宜蘭縣三星鄉,五分路2段180號,24.6663,121.6507,False,宜蘭,38,13.259183190263835,Low Risk,
新群社區活動中心,宜蘭縣羅東鎮,羅東鎮新群里月眉路300號,24.6673,121.7922,True,冬山,40,3.9033017930417446,Low Risk,
群英社區活動中心,宜蘭縣冬山鄉,冬山路5段51號,24.6674,121.7735,True,冬山,40,4.378623719267321,Low Risk,
維安社區活動中心,宜蘭縣羅東鎮,羅東鎮西安里西安街468號,24.6675,121.7544,True,冬山,40,5.528606937404817,Low Risk,
港墘社區活動中心,苗栗縣竹南鎮,5鄰光明街2號,24.6677,120.861,True,頭份,108,5.005056158450781,High Risk,Nearest AQI station (頭份) AQI: 108
憲明國小臨時收容站,宜蘭縣三星鄉,福山街119號,24.6681,121.6391,True,宜蘭,38,14.008525132025076,Low Risk,
三星國小臨時收容站,宜蘭縣三星鄉,三星路5段86號,24.6685,121.6538,True,宜蘭,38,12.863433716952159,Low Risk,
第三公園管理站南昌社區活動中心,宜蘭縣羅東鎮,站前南路1號,24.669,121.7725,True,冬山,40,4.582969862948861,Low Risk,
廣興社區活動中心,宜蘭縣冬山鄉,永興路2段916號,24.6691,121.7492,True,冬山,40,6.0301000294852125,Low Risk,
成功國小體育館,宜蘭縣羅東鎮,興東南路100號,24.6707,121.7687,False,冬山,40,4.931460858223046,Low Risk,
雙義社區社區二次收容,宜蘭縣三星鄉,三星路6段2巷22號,24.6708,121.7147,False,冬山,40,8.995603300807602,Low Risk,
廣安社區活動中心,宜蘭縣冬山鄉,廣安路195號,24.6709,121.7457,True,冬山,40,6.426163863054685,Low Risk,
羅莊社區活動中心,宜蘭縣羅東鎮,羅莊街357號,24.6716,121.7797,True,冬山,40,4.580180001741655,Low Risk,
阿束社社區活動中心,宜蘭縣羅東鎮,清潭路146號2樓,24.6725,121.7709,True,冬山,40,5.003350668437472,Low Risk,
仁和社區活動中心,宜蘭縣羅東鎮,清潭路146號2樓,24.6725,121.7709,True,冬山,40,5.003350668437472,Low Risk,
第二公園管理站羅東鎮老人館,宜蘭縣羅東鎮,公園路13號,24.6733,121.7682,True,冬山,40,5.2084452675450645,Low Risk,
仁德社區活動中心,宜蘭縣羅東鎮,羅東鎮忠義巷92之1號,24.6736,121.7663,True,冬山,40,5.332019750903085,Low Risk,
漢民社區活動中心,宜蘭縣羅東鎮,羅東鎮漢民里純精路一段219號,24.6737,121.7635,True,冬山,40,5.4896200764900405,Low Risk,
東安社區活動中心,宜蘭縣羅東鎮,羅東鎮東安里天祥路171號,24.6745,121.7766,True,冬山,40,4.984277140263496,Low Risk,
新興國小操場,苗栗縣頭份市,水源路157號,24.675131,120.912927,False,頭份,108,2.8162293468238064,High Risk,Nearest AQI station (頭份) AQI: 108
海口國小-操場,苗栗縣竹南鎮,7鄰保福路20號,24.6755,120.8616,False,頭份,108,4.439638942268534,High Risk,Nearest AQI station (頭份) AQI: 108
北成國小自強館,宜蘭縣羅東鎮,北成路一段125號,24.6756,121.7586,False,冬山,40,5.943121405523987,Low Risk,
天送埤社區二次收容,宜蘭縣三星鄉,福山街30-1號,24.6758,121.6565,False,宜蘭,38,12.114372838347114,Low Risk,
聖安宮,宜蘭縣羅東鎮,忠孝路48號,24.676,121.7649,False,冬山,40,5.633812501414481,Low Risk,
大新社區活動中心,宜蘭縣羅東鎮,中正路128號2樓,24.676,121.7714,True,冬山,40,5.3338671519209955,Low Risk,
三灣鄉活動中心,苗栗縣三灣鄉,親民路15號,24.6763,120.9551,True,頭份,108,6.142342359406099,High Risk,Nearest AQI station (頭份) AQI: 108
下興社區活動中心,苗栗縣頭份市,7鄰下東興78-7號,24.6765,120.9107,True,頭份,108,2.5730508392557763,High Risk,Nearest AQI station (頭份) AQI: 108
柯林社區活動中心,宜蘭縣冬山鄉,光華路209號,24.6765,121.7298,True,冬山,40,8.059845001879554,Low Risk,
羅東鎮展演廳,宜蘭縣羅東鎮,羅東鎮中興路1號,24.6765,121.7669,False,冬山,40,5.583931762027592,Low Risk,
季新社區活動中心,宜蘭縣五結鄉,季新村季水路北巷6-1號,24.6766,121.8317,True,冬山,40,6.302682305547637,Low Risk,
國華國中自強館,宜蘭縣羅東鎮,國華街101號,24.6767,121.7608,False,冬山,40,5.918011956428982,Low Risk,
北成社區活動中心,宜蘭縣羅東鎮,北成路二段57巷6號,24.6789,121.7527,True,冬山,40,6.594599403758026,Low Risk,
大洲社區二次收容,宜蘭縣三星鄉,大洲原路17號,24.6791,121.6759,False,宜蘭,38,10.452660741288648,Low Risk,
公正國小體育館,宜蘭縣羅東鎮,公正路199號,24.6793,121.7667,True,冬山,40,5.86949225979894,Low Risk,
新店社區活動中心,宜蘭縣五結鄉,新店路99號,24.6797,121.8178,True,冬山,40,5.849026283621871,Low Risk,
崙埤活動中心,宜蘭縣大同鄉,大同鄉崙埤村朝陽10-8號,24.6804,121.6007,True,宜蘭,38,16.520900389974553,Low Risk,
斗煥國小操場,苗栗縣頭份市,中正二路221號,24.680477,120.94751,False,頭份,108,5.259515200125481,High Risk,Nearest AQI station (頭份) AQI: 108
田寮社區活動中心,苗栗縣頭份市,7鄰南田街213號,24.6807,120.8871,True,頭份,108,2.1492785248993567,High Risk,Nearest AQI station (頭份) AQI: 108
永貞國小操場,苗栗縣頭份市,永貞路1段335號,24.680886,120.884654,False,頭份,108,2.2771078857288596,High Risk,Nearest AQI station (頭份) AQI: 108
羅東國中自強館,宜蘭縣羅東鎮,中華路99號,24.6825,121.7683,False,冬山,40,6.121540459930593,Low Risk,
大成高中操場,苗栗縣頭份市,大成街下新店65號,24.683093,120.939582,False,頭份,108,4.40733961986047,High Risk,Nearest AQI station (頭份) AQI: 108
第五公園管理站樹林社區活動中心,宜蘭縣羅東鎮,文林路130號,24.6833,121.7614,True,冬山,40,6.514074098647185,Low Risk,
第一公園管理站信義社區活動中心,宜蘭縣羅東鎮,中華路189號,24.6835,121.7686,True,冬山,40,6.211228755123387,Low Risk,
竹南國小-操場,苗栗縣竹南鎮,中正路146號,24.6837,120.8698,False,頭份,108,3.2676129575456403,High Risk,Nearest AQI station (頭份) AQI: 108
竹南鎮公所三樓演藝廳,苗栗縣竹南鎮,中正路112號,24.6838,120.8734,False,頭份,108,2.941717599631468,High Risk,Nearest AQI station (頭份) AQI: 108
民族社區活動中心室內,苗栗縣頭份市,東興路108號,24.683856,120.904449,True,頭份,108,1.5633667208679358,High Risk,Nearest AQI station (頭份) AQI: 108
珊湖社區活動中心,苗栗縣頭份市,中正三路103號,24.6844,120.9596,True,頭份,108,6.308586070095684,High Risk,Nearest AQI station (頭份) AQI: 108
行健社區二次收容,宜蘭縣三星鄉,行健三路2段13號,24.6844,121.7041,False,宜蘭,38,8.25427725278092,Low Risk,
五結鄉公所,宜蘭縣五結鄉,五結路二段343號,24.6847,121.7984,False,冬山,40,5.863533029085289,Low Risk,
五結社區活動中心,宜蘭縣五結鄉,五結中路12號3樓,24.6852,121.7979,True,冬山,40,5.914378335534417,Low Risk,
六合國小操場,苗栗縣頭份市,民族路252號,24.685661,120.901362,False,頭份,108,1.2792198392654681,High Risk,Nearest AQI station (頭份) AQI: 108
新華社區活動中心,苗栗縣頭份市,13鄰崎仔頭313號,24.6863,120.9283,True,頭份,108,3.2152866370226643,High Risk,Nearest AQI station (頭份) AQI: 108
頭份市公所中正館,苗栗縣頭份市,中山路234號,24.6864,120.913,False,頭份,108,1.8585435257149165,High Risk,Nearest AQI station (頭份) AQI: 108
頭份市公所中山堂,苗栗縣頭份市,中山路232號,24.6864,120.913,False,頭份,108,1.8585435257149165,High Risk,Nearest AQI station (頭份) AQI: 108
正勉堂,宜蘭縣五結鄉,興盛北路182巷16號,24.6865,121.7798,False,冬山,40,6.181585705314743,Low Risk,
峨眉鄉老人文康中心,新竹縣峨眉鄉,獅山街7鄰28號,24.68655,121.01747,False,竹東,75,9.417054419894953,Warning,"Nearest AQI station (竹東) AQI: 75, Outdoor facility"
信德國小操場,苗栗縣頭份市,信德路58號,24.686799,120.960531,False,頭份,108,6.347685635632752,High Risk,Nearest AQI station (頭份) AQI: 108
富興國小,新竹縣峨眉鄉,太平街8號,24.6868,120.9885,True,頭份,108,9.14238078452174,High Risk,Nearest AQI station (頭份) AQI: 108
東庄社區活動中心,苗栗縣頭份市,7鄰八德一路66號,24.6871,120.8933,True,頭份,108,1.2189971455012503,High Risk,Nearest AQI station (頭份) AQI: 108
竹興國小-操場,苗栗縣竹南鎮,竹圍街27號,24.687124,120.864955,False,頭份,108,3.5778419662559053,High Risk,Nearest AQI station (頭份) AQI: 108
四結社區活動中心,宜蘭縣五結鄉,光榮北路198號,24.6873,121.7739,True,冬山,40,6.4211733935671695,Low Risk,
頭份國小操場,苗栗縣頭份市,中正路219號,24.688116,120.912124,False,頭份,108,1.6723363057154275,High Risk,Nearest AQI station (頭份) AQI: 108
新南國小-操場,苗栗縣竹南鎮,五谷街2號,24.688226,120.884878,False,頭份,108,1.6969538482372633,High Risk,Nearest AQI station (頭份) AQI: 108
竹林社區活動中心,宜蘭縣羅東鎮,復興路二段122號,24.6883,121.7658,True,冬山,40,6.8135244007639635,Low Risk,
協和社區活動中心,宜蘭縣五結鄉,五結路2段199號,24.6883,121.8045,True,冬山,40,6.346369419535836,Low Risk,
竹林國小體育館,宜蘭縣羅東鎮,復興路二段128號,24.6887,121.7661,True,冬山,40,6.842196498488617,Low Risk,
峨眉國小,新竹縣峨眉鄉,峨眉街4號,24.68874,121.02014,True,竹東,75,9.05390283207033,Medium Risk,"Nearest AQI station (竹東) AQI: 75, Indoor facility"
李科永圖書館,苗栗縣竹南鎮,永貞路二段196號,24.689053,120.886019,True,頭份,108,1.5498681719241287,High Risk,Nearest AQI station (頭份) AQI: 108
竹南運動公園,苗栗縣竹南鎮,17鄰永貞路二段196號,24.689128,120.886045,False,頭份,108,1.5430082033314418,High Risk,Nearest AQI station (頭份) AQI: 108
義興分校,新竹縣尖石鄉,8鄰51號,24.6895,121.1778,False,竹東,75,10.640468241695634,Warning,"Nearest AQI station (竹東) AQI: 75, Outdoor facility"
建國國中操場,苗栗縣頭份市,建國路119號,24.68975,120.874545,False,頭份,108,2.5660990079172086,High Risk,Nearest AQI station (頭份) AQI: 108
富興社區活動中心,新竹縣峨眉鄉,1鄰33號,24.69036,120.98663,True,頭份,108,8.913771263413242,High Risk,Nearest AQI station (頭份) AQI: 108
峨眉國中,新竹縣峨眉鄉,峨眉街54號,24.6908,121.0181,True,竹東,75,9.0705049844575,Medium Risk,"Nearest AQI station (竹東) AQI: 75, Indoor facility"
竹興社區活動中心-竹南鎮老人文康活動中心,苗栗縣竹南鎮,新興街48巷6號,24.6909,120.8605,True,頭份,108,3.9158727118170216,High Risk,Nearest AQI station (頭份) AQI: 108
頭份國中操場,苗栗縣頭份市,中央路275號,24.6921,120.901115,False,頭份,108,0.5878417079527886,High Risk,Nearest AQI station (頭份) AQI: 108
中盛社區活動中心,新竹縣峨眉鄉,5鄰283號,24.6922,121.03017,True,竹東,75,8.037298739731892,Medium Risk,"Nearest AQI station (竹東) AQI: 75, Indoor facility"
蟠桃國小操場,苗栗縣頭份市,信東路285號,24.692772,120.906679,False,頭份,108,0.9286124282349958,High Risk,Nearest AQI station (頭份) AQI: 108
大隱社區臨時收容站,宜蘭縣三星鄉,三星路1段533巷48號,24.6929,121.7274,False,宜蘭,38,6.411377627747616,Low Risk,
八大庄一百甲城煌廟,宜蘭縣五結鄉,五結路一段120號,24.6929,121.828,False,冬山,40,7.623139427322656,Low Risk,
上埔社區活動中心室內,苗栗縣頭份市,上埔路85號,24.69297,120.922781,True,頭份,108,2.472577652659795,High Risk,Nearest AQI station (頭份) AQI: 108
萬德社區二次收容,宜蘭縣三星鄉,楓林九路61號,24.6931,121.7282,False,宜蘭,38,6.366367865611723,Low Risk,
萬富社區臨時收容站,宜蘭縣三星鄉,7鄰萬富路59-2號,24.6931,121.7282,False,宜蘭,38,6.366367865611723,Low Risk,
蟠桃社區活動中心,苗栗縣頭份市,22鄰中興街150號,24.6937,120.9028,True,頭份,108,0.5470934584901672,High Risk,Nearest AQI station (頭份) AQI: 108
忠孝社區活動中心,苗栗縣頭份市,2鄰忠孝2路83號,24.6937,120.9114,True,頭份,108,1.3323452425797766,High Risk,Nearest AQI station (頭份) AQI: 108
照南國小活動中心,苗栗縣竹南鎮,光復路331號,24.694078,120.87945,True,頭份,108,1.969295839700324,High Risk,Nearest AQI station (頭份) AQI: 108
佳興社區活動中心,苗栗縣竹南鎮,光復路452號,24.6953,120.8797,True,頭份,108,1.927047678985544,High Risk,Nearest AQI station (頭份) AQI: 108
建國國小操場,苗栗縣頭份市,建國路80號,24.695407,120.909781,False,頭份,108,1.1325211466173348,High Risk,Nearest AQI station (頭份) AQI: 108
孝威社區活動中心,宜蘭縣五結鄉,孝威路322號,24.6961,121.8117,True,冬山,40,7.353886686003911,Low Risk,
后庄國小操場,苗栗縣頭份市,文化街20號,24.696211,120.897894,False,頭份,108,0.11179908310870308,High Risk,Nearest AQI station (頭份) AQI: 108
五結國中五動館,宜蘭縣五結鄉,大吉五路58號,24.6963,121.8002,True,冬山,40,7.165042965872877,Low Risk,
信義國小操場,苗栗縣頭份市,信中路36號,24.69706,120.890744,False,頭份,108,0.8032058970553371,High Risk,Nearest AQI station (頭份) AQI: 108
興隆社區活動中心室內,苗栗縣頭份市,興隆路一段24-26號?,24.697341,120.931057,False,頭份,108,3.2699059229624687,High Risk,Nearest AQI station (頭份) AQI: 108
四結福德廟,宜蘭縣五結鄉,孝威路322號,24.6974,121.7652,False,宜蘭,38,5.929695143278443,Low Risk,
石井集會所,新竹縣峨眉鄉,4鄰34-7號,24.69814,121.00073,False,竹東,75,10.101079062333564,Warning,"Nearest AQI station (竹東) AQI: 75, Outdoor facility"
嘉樂村集會所,新竹縣尖石鄉,6鄰9號,24.6986,121.1913,False,竹東,75,11.357823103957001,Warning,"Nearest AQI station (竹東) AQI: 75, Outdoor facility"
北埔鄉圓樓市場,新竹縣北埔鄉,光復街30號,24.699071,121.056026,False,竹東,75,5.719284938683269,Warning,"Nearest AQI station (竹東) AQI: 75, Outdoor facility"
開基灶君廟省民堂,宜蘭縣五結鄉,三結東路14號,24.6994,121.7867,False,宜蘭,38,6.7585039043827475,Low Risk,
北埔鄉老人文康中心,新竹縣北埔鄉,北埔街90號3樓,24.700345,121.055108,False,竹東,75,5.660152152245962,Warning,"Nearest AQI station (竹東) AQI: 75, Outdoor facility"
埔尾活動中心二次避難所,新竹縣北埔鄉,埔心街132號,24.700742,121.054377,True,竹東,75,5.670206559169439,Medium Risk,"Nearest AQI station (竹東) AQI: 75, Indoor facility"
北埔國小二次避難所,新竹縣北埔鄉,埔心街24號,24.700797,121.053448,True,竹東,75,5.723711456791193,Medium Risk,"Nearest AQI station (竹東) AQI: 75, Indoor facility"
北埔鄉立幼兒園,新竹縣北埔鄉,中興街2號,24.701165,121.05916,False,竹東,75,5.347157075118448,Warning,"Nearest AQI station (竹東) AQI: 75, Outdoor facility"
仁愛社區活動中心,宜蘭縣羅東鎮,羅東鎮仁愛里復興路三段557號,24.7014,121.756,True,宜蘭,38,5.2626620628542335,Low Risk,
山下社區活動中心,苗栗縣頭份市,7鄰山下62-7號,24.7018,120.9012,True,頭份,108,0.6001615298796408,High Risk,Nearest AQI station (頭份) AQI: 108
關西國小,新竹縣關西鎮,7鄰中山路126號,24.7029,121.0541,True,竹東,75,5.501005611301273,Medium Risk,"Nearest AQI station (竹東) AQI: 75, Indoor facility"
水?社區活動中心,新竹縣北埔鄉,8鄰中豐路1巷9號,24.703765,121.05927,True,竹東,75,5.104222850825707,Medium Risk,"Nearest AQI station (竹東) AQI: 75, Indoor facility"
豐田村集會所,新竹縣橫山鄉,3鄰油羅63-1號,24.70432,121.1569,False,竹東,75,7.9783182990349575,Warning,"Nearest AQI station (竹東) AQI: 75, Outdoor facility"
北埔國中二次避難所,新竹縣北埔鄉,埔心街141號,24.704374,121.047608,True,竹東,75,5.826571807954692,Medium Risk,"Nearest AQI station (竹東) AQI: 75, Indoor facility"
田寮村集會所,新竹縣橫山鄉,田洋街132號,24.70463,121.1058,False,竹東,75,4.378677260510538,Warning,"Nearest AQI station (竹東) AQI: 75, Outdoor facility"
三興社區活動中心,宜蘭縣五結鄉,三結路43-1號,24.7056,121.7739,True,宜蘭,38,5.464335763027301,Low Risk,
廣濟宮活動中心,新竹縣橫山鄉,大同路1號,24.70628,121.1807,True,竹東,75,10.034872075364266,Medium Risk,"Nearest AQI station (竹東) AQI: 75, Indoor facility"
大同高中-操場,苗栗縣竹南鎮,公義路890號,24.707893,120.895333,False,頭份,108,1.2678853215858867,High Risk,Nearest AQI station (頭份) AQI: 108
大埔社區活動中心,苗栗縣竹南鎮,公義路936號,24.709181,120.896939,True,頭份,108,1.3762815697345991,High Risk,Nearest AQI station (頭份) AQI: 108
中華村集會所,宜蘭縣員山鄉,粗坑路304號,24.709398,121.646633,False,宜蘭,38,10.94826631339508,Low Risk,
二結社區活動中心,宜蘭縣五結鄉,學進路83號,24.7095,121.762,True,宜蘭,38,4.5532848402343715,Low Risk,
內城國民中小學化育分校,宜蘭縣員山鄉,員山路三段256號,24.71129,121.652657,False,宜蘭,38,10.306069292778508,Low Risk,
蓁巷社區活動中心,宜蘭縣員山鄉,成功路45號,24.713572,121.695581,True,宜蘭,38,6.396988918915241,Low Risk,
員崠國小活動中心,新竹縣竹東鎮,東峰路281號,24.7137,121.0988,True,竹東,75,3.185248570519513,Medium Risk,"Nearest AQI station (竹東) AQI: 75, Indoor facility"
七賢村民眾活動中心,宜蘭縣員山鄉,賢德路一段61巷25號,24.714634,121.735106,True,宜蘭,38,3.8725143104424626,Low Risk,
深溝村集會所,宜蘭縣員山鄉,深洲一路37巷7號,24.715727,121.71978,False,宜蘭,38,4.4762319150766645,Low Risk,
力行村集會所,新竹縣橫山鄉,中山街1段177號,24.71575,121.1681,False,竹東,75,8.469123401010076,Warning,"Nearest AQI station (竹東) AQI: 75, Outdoor facility"
橫山社區長壽俱樂部,新竹縣橫山鄉,橫山96號,24.71819,121.1153,False,竹東,75,3.6694027366139665,Warning,"Nearest AQI station (竹東) AQI: 75, Outdoor facility"
內城社區活動中心,宜蘭縣員山鄉,榮光路321號,24.720881,121.688913,True,宜蘭,38,6.537440155689798,Low Risk,
雙溪國小三峰分校,新竹縣寶山鄉,7鄰新湖路4段90號,24.72123556,120.9970159,False,竹東,75,9.539838652071696,Warning,"Nearest AQI station (竹東) AQI: 75, Outdoor facility"
老人文康活動中心,新竹縣橫山鄉,永昌街53號,24.72184,121.1345,True,竹東,75,5.065294603387951,Medium Risk,"Nearest AQI station (竹東) AQI: 75, Indoor facility"
油田社區活動中心,新竹縣寶山鄉,8鄰新湖路3段172號,24.724414,121.01329,False,竹東,75,7.858944170425739,Warning,"Nearest AQI station (竹東) AQI: 75, Outdoor facility"
凱旋國民中學樂活館,宜蘭縣宜蘭市,縣政七街50巷1號,24.7256,121.757,False,宜蘭,38,2.7028355031345646,Low Risk,
凱旋國小展藝館,宜蘭縣宜蘭市,凱旋路130號,24.7256,121.7636,True,宜蘭,38,3.0294386022940873,Low Risk,
南隘國小,新竹市香山區,新竹市南隘路二段31號,24.727235,120.929301,False,頭份,108,4.5751288848777545,High Risk,Nearest AQI station (頭份) AQI: 108
凱旋社區活動中心,宜蘭縣宜蘭市,旋流路3之5號,24.7276,121.7682,True,宜蘭,38,3.1549105568325526,Low Risk,
大崎村集會所,新竹縣寶山鄉,雙園路1段6巷32號,24.7288,120.9534,False,頭份,108,6.566099596371843,High Risk,Nearest AQI station (頭份) AQI: 108
寶斗集會所,新竹縣寶山鄉,6鄰寶斗路110號,24.72880207,120.9533615,False,頭份,108,6.5629513571145885,High Risk,Nearest AQI station (頭份) AQI: 108
新南活動中心,宜蘭縣壯圍鄉,壯圍鄉新南村美福路一段76號,24.7294,121.7873,True,宜蘭,38,4.615784954944475,Low Risk,
紅葉活動中心,宜蘭縣壯圍鄉,壯圍鄉復興村紅葉路69-4號,24.7297,121.8225,True,宜蘭,38,7.948393679395645,Low Risk,
南橋社區活動中心,宜蘭縣宜蘭市,南橋路240號,24.7307,121.7412,True,宜蘭,38,1.9850023632361615,Low Risk,
建業社區活動中心,宜蘭縣宜蘭市,建業路86巷57號、59號,24.7315,121.7566,True,宜蘭,38,2.096363163430566,Low Risk,
惠好社區活動中心,宜蘭縣員山鄉,賢德路二段66巷50號,24.731738,121.730742,True,宜蘭,38,2.394794395276587,Low Risk,
樹杞林文化館,新竹縣竹東鎮,新生路377號,24.7325,121.0946,False,竹東,75,1.0956153608658787,Warning,"Nearest AQI station (竹東) AQI: 75, Outdoor facility"
育才國小中興堂,宜蘭縣宜蘭市,進士路8號,24.7332,121.7369,True,宜蘭,38,1.896643670724498,Low Risk,
新城國小,新竹縣寶山鄉,10鄰寶新路2段475號,24.733474,120.967436,False,新竹,94,8.039437331240352,Warning,"Nearest AQI station (新竹) AQI: 94, Outdoor facility"
中山國小禮堂,新竹縣竹東鎮,中山路70號,24.7335,121.0947,True,竹東,75,1.0081087158448374,Medium Risk,"Nearest AQI station (竹東) AQI: 75, Indoor facility"
秀湖社區活動中心,新竹縣芎林鄉,4鄰五和街3號,24.734,121.1168,True,竹東,75,2.9153045117627507,Medium Risk,"Nearest AQI station (竹東) AQI: 75, Indoor facility"
竹東國小體育館,新竹縣竹東鎮,康寧街1號,24.7352,121.0883,True,竹東,75,0.6388100614499495,Medium Risk,"Nearest AQI station (竹東) AQI: 75, Indoor facility"
湖北社區活動中心,宜蘭縣員山鄉,大湖五路80號,24.735298,121.718042,True,宜蘭,38,3.188545218253103,Low Risk,
福興社區活動中心,新竹縣橫山鄉,八十分31號,24.73543,121.1704,True,竹東,75,8.247753877746243,Medium Risk,"Nearest AQI station (竹東) AQI: 75, Indoor facility"
五龍社區活動中心,新竹縣芎林鄉,富林路1段138巷91號,24.7362,121.1223,True,竹東,75,3.4080779126004908,Medium Risk,"Nearest AQI station (竹東) AQI: 75, Indoor facility"
永鎮活動中心,宜蘭縣壯圍鄉,壯圍鄉永鎮村壯濱路四段375號,24.7366,121.8154,True,宜蘭,38,7.081429979520441,Low Risk,
竹東客家戲曲公園,新竹縣竹東鎮,原育樂公園,24.7373,121.0903,False,竹東,75,0.4242044543003432,Warning,"Nearest AQI station (竹東) AQI: 75, Outdoor facility"
尚德社區活動中心,宜蘭縣員山鄉,三鬮路35巷13號,24.737618,121.722128,True,宜蘭,38,2.7049303102474354,Low Risk,
逸仙社區活動中心,宜蘭縣員山鄉,大湖十六路181巷2號,24.738714,121.700435,True,宜蘭,38,4.752707278380312,Low Risk,
沙坑村集會所,新竹縣橫山鄉,沙坑街50號,24.73874,121.1611,False,竹東,75,7.289880695858082,Warning,"Nearest AQI station (竹東) AQI: 75, Outdoor facility"
大同國小禮堂,新竹縣竹東鎮,莊敬街111號,24.7403,121.0884,True,竹東,75,0.08833554596974219,Medium Risk,"Nearest AQI station (竹東) AQI: 75, Indoor facility"
寶山國小,新竹縣寶山鄉,8鄰寶山路2段130號,24.74037021,121.022112,False,竹東,75,6.75063909654051,Warning,"Nearest AQI station (竹東) AQI: 75, Outdoor facility"
進士里鎮興廟,宜蘭縣宜蘭市,進士路53號,24.7414,121.7465,False,宜蘭,38,0.7247363941136413,Low Risk,
內湖國中,新竹市香山區,新竹市五福路一段12號,24.741924,120.911092,False,頭份,108,5.159976024734766,High Risk,Nearest AQI station (頭份) AQI: 108
內湖國小,新竹市香山區,新竹市香山區內湖路109號,24.74193,120.90696,False,頭份,108,5.075513616729241,High Risk,Nearest AQI station (頭份) AQI: 108
黎明里慶安廟,宜蘭縣宜蘭市,黎明路481巷11號,24.7427,121.7712,False,宜蘭,38,2.5713189755764194,Low Risk,
黎明社區活動中心,宜蘭縣宜蘭市,黎明路326號,24.744,121.776,True,宜蘭,38,3.0212974625559297,Low Risk,
壯五活動中心,宜蘭縣壯圍鄉,壯圍鄉吉祥村壯五路63號,24.744488,121.789598,True,宜蘭,38,4.379541873641895,Low Risk,
老人文康中心,宜蘭縣員山鄉,文化路156號,24.745244,121.722886,False,宜蘭,38,2.3924590369217835,Low Risk,
國立宜蘭大學體育館,宜蘭縣宜蘭市,神農路一段1號,24.7453,121.7481,False,宜蘭,38,0.3381701981195204,Low Risk,
大湖國小,新竹市香山區,新竹市香山區大湖里五福路一段530號,24.745728,120.933483,False,頭份,108,6.466708115358616,High Risk,Nearest AQI station (頭份) AQI: 108
湖東社區活動中心,宜蘭縣員山鄉,茄苳路68-2號,24.746017,121.708869,True,宜蘭,38,3.7952861436739913,Low Risk,
壯圍鄉公所,宜蘭縣壯圍鄉,壯圍鄉壯志路1號,24.746835,121.785768,False,宜蘭,38,3.9779262756573255,Low Risk,
大福補天宮,宜蘭縣壯圍鄉,壯圍鄉大福村壯濱路6段279號,24.7469,121.7858,False,宜蘭,38,3.980943346567655,Low Risk,
思源社區活動中心,宜蘭縣宜蘭市,泰山路七結巷9之10號,24.7482,121.7374,True,宜蘭,38,0.9087815077422385,Low Risk,
雙湖社區活動中心,宜蘭縣員山鄉,隘界路131號,24.748286,121.68547,True,宜蘭,38,6.152391924197959,Low Risk,
永興社區活動中心,新竹縣芎林鄉,7鄰39之3號,24.7483,121.1104,True,竹東,75,2.3161342821983317,Medium Risk,"Nearest AQI station (竹東) AQI: 75, Indoor facility"
石潭社區活動中心,新竹縣芎林鄉,福昌街300巷47號,24.7484,121.1009,True,竹東,75,1.4656006487154751,Medium Risk,"Nearest AQI station (竹東) AQI: 75, Indoor facility"
三聖宮,宜蘭縣宜蘭市,女中路一段148號,24.7488,121.766,False,宜蘭,38,1.9822910416512016,Low Risk,
復興國中群育館,宜蘭縣宜蘭市,復興路二段77號,24.7489,121.7476,True,宜蘭,38,0.16364282104468938,Low Risk,
永和社區活動中心,宜蘭縣員山鄉,溫泉路62-1號,24.749471,121.711078,True,宜蘭,38,3.570463218131773,Low Risk,
華龍村集會所,新竹縣芎林鄉,6鄰176之1號,24.7502,121.1398,False,竹東,75,5.237357405998211,Warning,"Nearest AQI station (竹東) AQI: 75, Outdoor facility"
五大社區活動中心,宜蘭縣宜蘭市,東港路二巷14弄21號,24.7504,121.7838,True,宜蘭,38,3.7873946098998337,Low Risk,
中華國中,宜蘭縣宜蘭市,女中路一段100號,24.7505,121.7669,True,宜蘭,38,2.0905518250310093,Low Risk,
國立宜蘭高中體育館,宜蘭縣宜蘭市,復興路三段8號,24.7511,121.7428,True,宜蘭,38,0.50693666101163,Low Risk,
美城活動中心,宜蘭縣壯圍鄉,壯圍鄉美城村永美路2段121號,24.7513,121.8017,True,宜蘭,38,5.597522294485456,Low Risk,
黎明國小體育館,宜蘭縣宜蘭市,校舍路1號,24.7517,121.7643,True,宜蘭,38,1.8564521940204797,Low Risk,
社福大樓2樓,宜蘭縣宜蘭市,民權路一段65號,24.7526,121.7539,False,宜蘭,38,0.919598022412258,Low Risk,
宜蘭國小活動中心,宜蘭縣宜蘭市,崇聖街2號,24.7532,121.7547,True,宜蘭,38,1.024001968833765,Low Risk,
東嶽廟,宜蘭縣宜蘭市,中山路二段293號295號,24.7534,121.7526,False,宜蘭,38,0.8743254537095682,Low Risk,
南屏國小活動中心,宜蘭縣宜蘭市,泰山路98號,24.754,121.7426,True,宜蘭,38,0.7773642256619695,Low Risk,
中山國小五育館,宜蘭縣宜蘭市,崇聖街4號,24.754,121.7546,True,宜蘭,38,1.0696562303351935,Low Risk,
光復國小五育館,宜蘭縣宜蘭市,泰山路60號,24.7545,121.747,True,宜蘭,38,0.7345496074228891,Low Risk,
國立宜蘭高商四維堂,宜蘭縣宜蘭市,延平路50號,24.7549,121.7655,False,宜蘭,38,2.0797080908059944,Low Risk,
茄冬國小,新竹市香山區,新竹市香山區茄苳里茄苳路70號,24.755627,120.944631,False,新竹,94,6.2259421667546775,Warning,"Nearest AQI station (新竹) AQI: 94, Outdoor facility"
美福活動中心,宜蘭縣壯圍鄉,壯圍鄉美福村美福路3段92巷6號,24.7569,121.791,True,宜蘭,38,4.613691943324459,Low Risk,
中華大學,新竹市香山區,新竹市五福路二段707號,24.758944,120.954072,False,新竹,94,5.510624231385992,Warning,"Nearest AQI station (新竹) AQI: 94, Outdoor facility"
碧霞宮,宜蘭縣宜蘭市,城隍街52號,24.7593,121.7511,False,宜蘭,38,1.3519964562276279,Low Risk,
過嶺活動中心,宜蘭縣壯圍鄉,壯圍鄉過村壯濱路3段295號,24.759471,121.815365,True,宜蘭,38,7.082054384260658,Low Risk,
結頭份社區活動中心,宜蘭縣員山鄉,永同路2段186之1號,24.759721,121.719624,True,宜蘭,38,3.0049849406303246,Low Risk,
梅洲里鎮平宮,宜蘭縣宜蘭市,鎮平路98號,24.7608,121.7442,False,宜蘭,38,1.4495542758458322,Low Risk,
東園社區活動中心,宜蘭縣宜蘭市,宜蘭市新興路111號,24.7608,121.7575,True,宜蘭,38,1.8192818139759068,Low Risk,
宜蘭縣社會福利館多功能劇場,宜蘭縣宜蘭市,同慶街95號,24.7617,121.7506,False,宜蘭,38,1.5903583680991098,Low Risk,
同樂社區活動中心,宜蘭縣員山鄉,同新路182號,24.762017,121.729673,True,宜蘭,38,2.3041179230110984,Low Risk,
慶和社區活動中心1樓,宜蘭縣宜蘭市,碧霞街136號,24.7622,121.7524,True,宜蘭,38,1.7000505808327344,Low Risk,
慶和里慶和廟,宜蘭縣宜蘭市,慶和街慶和巷16號,24.7626,121.7518,False,宜蘭,38,1.721514645087183,Low Risk,
梅洲社區活動中心,宜蘭縣宜蘭市,金同春路48號1樓,24.7631,121.7443,True,宜蘭,38,1.7014620532522788,Low Risk,
力行國小英才館,宜蘭縣宜蘭市,力行路１５２號,24.7638,121.755,True,宜蘭,38,1.968325025370432,Low Risk,
宜蘭國中活動中心,宜蘭縣宜蘭市,樹人路37號,24.7639,121.75,True,宜蘭,38,1.8141456550804946,Low Risk,
七張社區活動中心,宜蘭縣宜蘭市,七張路62之11號,24.764,121.7752,True,宜蘭,38,3.414501638905176,Low Risk,
富禮國中,新竹市香山區,新竹市富禮街16號,24.764361,120.912421,False,新竹,94,7.595222688928508,Warning,"Nearest AQI station (新竹) AQI: 94, Outdoor facility"
新生社區活動中心,宜蘭縣宜蘭市,大福路1段243號,24.7646,121.7642,True,宜蘭,38,2.583405156022893,Low Risk,
雙溪國小,新竹縣寶山鄉,9鄰雙園路2段310號,24.7647,120.9913,True,新竹,94,4.936815608350687,Medium Risk,"Nearest AQI station (新竹) AQI: 94, Indoor facility"
七張里慈雲寺,宜蘭縣宜蘭市,七張路539號,24.7648,121.7695,False,宜蘭,38,2.994634941900624,Low Risk,
順和活動中心,宜蘭縣壯圍鄉,壯圍鄉忠孝村順和路47-4號,24.764974,121.799791,True,宜蘭,38,5.715660511676359,Low Risk,
寶山鄉綜合行政大樓,新竹縣寶山鄉,雙園路2段325號5樓,24.76552459,120.9912736,False,新竹,94,4.851353819597662,Warning,"Nearest AQI station (新竹) AQI: 94, Outdoor facility"
朝山國小,新竹市香山區,新竹市中華路五段648巷126號,24.765725,120.913409,False,新竹,94,7.424322835362062,Warning,"Nearest AQI station (新竹) AQI: 94, Outdoor facility"
寶山鄉老人文康中心,新竹縣寶山鄉,雙園路二段283號,24.766487,120.993005,False,新竹,94,4.825992376582816,Warning,"Nearest AQI station (新竹) AQI: 94, Outdoor facility"
二重國小禮堂,新竹縣竹東鎮,光明路32號,24.767497,121.05731,True,竹東,75,4.352930829963931,Medium Risk,"Nearest AQI station (竹東) AQI: 75, Indoor facility"
北津社區活動中心,宜蘭縣宜蘭市,金同春路231號,24.7675,121.7499,True,宜蘭,38,2.2061201470373675,Low Risk,
新鳳村集會所,新竹縣芎林鄉,文衡路200號,24.7679,121.0878,False,竹東,75,3.0029627849349247,Warning,"Nearest AQI station (竹東) AQI: 75, Outdoor facility"
枕山社區活動中心,宜蘭縣員山鄉,枕山路43-1號,24.768291,121.718546,True,宜蘭,38,3.611009801776722,Low Risk,
北津里帝王廟,宜蘭縣宜蘭市,北津路31-5號,24.7686,121.7546,False,宜蘭,38,2.4445559938743937,Low Risk,
青草湖國小,新竹市東區,新竹市東區明湖路 1211 號,24.768845,120.979086,False,新竹,94,4.146769212640701,Warning,"Nearest AQI station (新竹) AQI: 94, Outdoor facility"
深井社區活動中心,新竹縣寶山鄉,7鄰雙林路2段18號,24.7698,121.0039,True,新竹,94,5.1000944945281885,Medium Risk,"Nearest AQI station (新竹) AQI: 94, Indoor facility"
?後活動中心,宜蘭縣壯圍鄉,壯圍鄉東港村?後路50-1號,24.7706,121.8,True,宜蘭,38,5.971586742610899,Low Risk,
新生國小體育館,宜蘭縣宜蘭市,大坡路一段100號,24.7707,121.7545,True,宜蘭,38,2.6622938176967708,Low Risk,
古亭活動中心,宜蘭縣壯圍鄉,壯圍鄉古亭村古亭路48-16號,24.7719,121.8003,True,宜蘭,38,6.0612271521317,Low Risk,
玄奘大學,新竹市香山區,新竹市玄奘路48號,24.774677,120.943099,False,新竹,94,4.5365279190458185,Warning,"Nearest AQI station (新竹) AQI: 94, Outdoor facility"
文林村集會所,新竹縣芎林鄉,7鄰文山路327號,24.7747,121.0814,False,竹東,75,3.8334928227114227,Warning,"Nearest AQI station (竹東) AQI: 75, Outdoor facility"
芎林村公有零售市場,新竹縣芎林鄉,文化街30巷3號之1,24.7749,121.0792,False,竹東,75,3.905320961425792,Warning,"Nearest AQI station (竹東) AQI: 75, Outdoor facility"
中坑社區活動中心,新竹縣芎林鄉,2鄰7之3號,24.775,121.0925,True,竹東,75,3.8070475786665505,Medium Risk,"Nearest AQI station (竹東) AQI: 75, Indoor facility"
壯六活動中心,宜蘭縣壯圍鄉,壯圍鄉忠孝村壯六路47號,24.7751,121.8148,True,宜蘭,38,7.53947379037123,Low Risk,
元培科技大學,新竹市香山區,新竹市元培街306號,24.775832,120.94033,False,新竹,94,4.630568875476109,Warning,"Nearest AQI station (新竹) AQI: 94, Outdoor facility"
茭白社區活動中心,宜蘭縣宜蘭市,茭白路39-10號,24.7763,121.7506,True,宜蘭,38,3.184490638270782,Low Risk,
東光國小,新竹縣關西鎮,5鄰十六張190號,24.7765,121.1759,True,竹東,75,9.629724331547862,Medium Risk,"Nearest AQI station (竹東) AQI: 75, Indoor facility"
新社活動中心,宜蘭縣壯圍鄉,壯圍鄉新社村新社路54之3號,24.7774,121.7889,True,宜蘭,38,5.400711420310275,Low Risk,
新竹實驗中學,新竹市東區,新竹市介壽路300號,24.777965,121.015882,False,新竹,94,5.363047984293394,Warning,"Nearest AQI station (新竹) AQI: 94, Outdoor facility"
新科國中,新竹市東區,新竹市光復路一段89巷88號,24.780004,121.023052,False,新竹,94,5.8566750913317165,Warning,"Nearest AQI station (新竹) AQI: 94, Outdoor facility"
龍潭國小,宜蘭縣礁溪鄉,育龍路71號,24.7802,121.7447,True,宜蘭,38,3.5937784187552113,Low Risk,
竹中國小禮堂,新竹縣竹東鎮,竹中路104巷14號,24.7805,121.03,True,新竹,94,6.454309180418794,Medium Risk,"Nearest AQI station (新竹) AQI: 94, Indoor facility"
水坑社區活動中心,新竹縣芎林鄉,4鄰文華街183巷,24.7817,121.098,True,竹東,75,4.6262333166725815,Medium Risk,"Nearest AQI station (竹東) AQI: 75, Indoor facility"
科園國小,新竹市東區,新竹市東區科園里7鄰科學園路171號,24.781902,121.011818,False,新竹,94,4.777411295843939,Warning,"Nearest AQI station (新竹) AQI: 94, Outdoor facility"
鄉立幼兒園,宜蘭縣礁溪鄉,武暖路10之3號,24.7829,121.7672,False,宜蘭,38,4.420940535253671,Low Risk,
關東國小,新竹市東區,新竹市關東路53號,24.783923,121.022153,False,新竹,94,5.575423814831591,Warning,"Nearest AQI station (新竹) AQI: 94, Outdoor facility"
古結活動中心,宜蘭縣壯圍鄉,壯圍鄉古結村古結路237號,24.7846,121.8094,True,宜蘭,38,7.556952043965259,Low Risk,
香山高中,新竹市香山區,新竹市元培街124號,24.785082,120.929526,False,新竹,94,4.891363396122181,Warning,"Nearest AQI station (新竹) AQI: 94, Outdoor facility"
交通大學,新竹市東區,新竹市大學路1001號,24.785604,120.997073,False,新竹,94,3.343759875779916,Warning,"Nearest AQI station (新竹) AQI: 94, Outdoor facility"
上山村集會所,新竹縣芎林鄉,5鄰綠獅三街6號,24.7857,121.0721,False,竹東,75,5.262731685178899,Warning,"Nearest AQI station (竹東) AQI: 75, Outdoor facility"
吳沙國中,宜蘭縣礁溪鄉,育英路79號,24.786,121.7596,True,宜蘭,38,4.439597498218201,Low Risk,
光武國中,新竹市東區,新竹市光復路1段512號,24.78629,121.011858,False,新竹,94,4.529682997356812,Warning,"Nearest AQI station (新竹) AQI: 94, Outdoor facility"
四結國小,宜蘭縣礁溪鄉,育英路46號,24.7865,121.7598,True,宜蘭,38,4.498692942780251,Low Risk,
新竹縣農會,新竹縣芎林鄉,文山路989號,24.7875,121.0687,False,竹東,75,5.569216104334485,Warning,"Nearest AQI station (竹東) AQI: 75, Outdoor facility"
大庄國小,新竹市香山區,新竹市香山里大庄路48號,24.789125,120.927189,False,新竹,94,4.91609686499626,Warning,"Nearest AQI station (新竹) AQI: 94, Outdoor facility"
關西高中,新竹縣關西鎮,10鄰中山東路2號,24.7898,121.1861,True,龍潭,77,8.801152399655981,Medium Risk,"Nearest AQI station (龍潭) AQI: 77, Indoor facility"
育賢國中,新竹市東區,新竹市南大路569號,24.789997,120.965592,False,新竹,94,1.8685969642355973,Warning,"Nearest AQI station (新竹) AQI: 94, Outdoor facility"
陽光國小,新竹市東區,新竹市明湖路200號,24.790196,120.967491,False,新竹,94,1.7859802942159917,Warning,"Nearest AQI station (新竹) AQI: 94, Outdoor facility"
東安國小,新竹縣關西鎮,中山東路40號,24.7903,121.1839,True,龍潭,77,8.82924524235331,Medium Risk,"Nearest AQI station (龍潭) AQI: 77, Indoor facility"
龍山國小,新竹市東區,新竹市東區光復路一段574號,24.790362,121.006933,False,新竹,94,3.8804937853017716,Warning,"Nearest AQI station (新竹) AQI: 94, Outdoor facility"
成德高中,新竹市北區,新竹市北區曲溪里崧嶺路128巷38號,24.79067,120.951558,False,新竹,94,2.6798381879847755,Warning,"Nearest AQI station (新竹) AQI: 94, Outdoor facility"
龍潭國小匏崙分校,宜蘭縣礁溪鄉,匏杓崙路95之2號,24.7924,121.7294,True,宜蘭,38,5.235423939519761,Low Risk,
建華國中,新竹市東區,新竹市學府路2號,24.792771,120.976649,False,新竹,94,1.494337480683841,Warning,"Nearest AQI station (新竹) AQI: 94, Outdoor facility"
新竹教育大學,新竹市東區,新竹市南大路521號,24.792904,120.964058,False,新竹,94,1.6455124810657713,Warning,"Nearest AQI station (新竹) AQI: 94, Outdoor facility"
培英國中,新竹市東區,新竹市學府路4號,24.794134,120.978043,False,新竹,94,1.401368036053357,Warning,"Nearest AQI station (新竹) AQI: 94, Outdoor facility"
清華大學,新竹市東區,新竹市光復路101號,24.794199,120.991267,False,新竹,94,2.2927263226194365,Warning,"Nearest AQI station (新竹) AQI: 94, Outdoor facility"
新竹高中,新竹市東區,新竹市學府路36號,24.795254,120.981495,False,新竹,94,1.4769695856423586,Warning,"Nearest AQI station (新竹) AQI: 94, Outdoor facility"
新竹高商,新竹市東區,新竹市學府路128號,24.79558,120.984561,False,新竹,94,1.662860215665675,Warning,"Nearest AQI station (新竹) AQI: 94, Outdoor facility"
新竹國小,新竹市東區,新竹市興學街106號,24.796326,120.966471,False,新竹,94,1.194090091353624,Warning,"Nearest AQI station (新竹) AQI: 94, Outdoor facility"
香山國小,新竹市香山區,新竹市牛埔東路260號,24.796942,120.943643,False,新竹,94,3.056333293601604,Warning,"Nearest AQI station (新竹) AQI: 94, Outdoor facility"
頂埔國小,新竹市香山區,新竹市頂埔路23號,24.796972,120.95023,False,新竹,94,2.433356499435424,Warning,"Nearest AQI station (新竹) AQI: 94, Outdoor facility"
建功高中,新竹市東區,新竹市建功二路17號,24.797422,121.001296,False,新竹,94,3.0595108095836734,Warning,"Nearest AQI station (新竹) AQI: 94, Outdoor facility"
光復中學,新竹市東區,新竹市光復路二段153號,24.79763,120.994016,False,新竹,94,2.3595360750449776,Warning,"Nearest AQI station (新竹) AQI: 94, Outdoor facility"
玉田活動中心,宜蘭縣礁溪鄉,礁溪鄉玉田村玉龍路一段479巷6號,24.7979,121.7856,True,宜蘭,38,6.823351042336354,Low Risk,
關西國中,新竹縣關西鎮,12鄰北門口41號,24.7981,121.1729,True,龍潭,77,8.545066352747574,Medium Risk,"Nearest AQI station (龍潭) AQI: 77, Indoor facility"
玉田國小,宜蘭縣礁溪鄉,茅埔路24號,24.7982,121.7832,True,宜蘭,38,6.713451824864156,Low Risk,
新竹教育大學附設實驗小學,新竹市北區,新竹市四維路47號,24.79934,120.960921,False,新竹,94,1.3509195389192672,Warning,"Nearest AQI station (新竹) AQI: 94, Outdoor facility"
東園國小,新竹市東區,新竹市園後街25號,24.799643,120.985352,False,新竹,94,1.470294423638028,Warning,"Nearest AQI station (新竹) AQI: 94, Outdoor facility"
建功國小,新竹市東區,新竹市建功1路104巷22號,24.800239,120.998724,False,新竹,94,2.727203731019665,Warning,"Nearest AQI station (新竹) AQI: 94, Outdoor facility"
坪林國小,新竹縣關西鎮,11鄰坪林11號,24.801,121.1402,True,竹東,75,8.450345689560343,Medium Risk,"Nearest AQI station (竹東) AQI: 75, Indoor facility"
西門國小,新竹市北區,新竹市北大路450號,24.802744,120.959338,False,新竹,94,1.3538923126936415,Warning,"Nearest AQI station (新竹) AQI: 94, Outdoor facility"
壯圍鄉立幼兒園,宜蘭縣壯圍鄉,壯圍鄉古亭村永美路1段180號,24.8028,121.8162,False,宜蘭,38,9.322672953367414,Low Risk,
虎林國小,新竹市香山區,新竹市延平路二段78號,24.805193,120.940899,False,新竹,94,3.1766828176509265,Warning,"Nearest AQI station (新竹) AQI: 94, Outdoor facility"
虎林國中,新竹市香山區,新竹市延平路二段76號,24.805194,120.941997,False,新竹,94,3.0658672502135262,Warning,"Nearest AQI station (新竹) AQI: 94, Outdoor facility"
新竹女中,新竹市東區,新竹市中華路二段270號,24.805546,120.975885,False,新竹,94,0.3551790644552304,Warning,"Nearest AQI station (新竹) AQI: 94, Outdoor facility"
東區區公所,新竹市東區,新竹市民族路40號,24.805564,120.973293,False,新竹,94,0.09375262642405205,Warning,"Nearest AQI station (新竹) AQI: 94, Outdoor facility"
東門國小,新竹市東區,新竹市民族路33號,24.80578,120.97267,False,新竹,94,0.03449572080104056,Warning,"Nearest AQI station (新竹) AQI: 94, Outdoor facility"
東海國小,新竹縣竹北市,東興路一段839號,24.8058,121.0498,True,新竹,94,7.81571472458192,Medium Risk,"Nearest AQI station (新竹) AQI: 94, Indoor facility"
竹光國中,新竹市北區,新竹市和平路一號,24.807347,120.955548,False,新竹,94,1.7083100329429532,Warning,"Nearest AQI station (新竹) AQI: 94, Outdoor facility"
民富國小,新竹市北區,新竹市西大路561號,24.807709,120.959098,False,新竹,94,1.3590548492953431,Warning,"Nearest AQI station (新竹) AQI: 94, Outdoor facility"
南和國小,新竹縣關西鎮,南和里69號,24.8087,121.1204,True,竹東,75,8.178752331816709,Medium Risk,"Nearest AQI station (竹東) AQI: 75, Indoor facility"
新竹高工,新竹市東區,新竹市中華路二段2號,24.809466,120.983471,False,新竹,94,1.198925178646531,Warning,"Nearest AQI station (新竹) AQI: 94, Outdoor facility"
三民活動中心,宜蘭縣礁溪鄉,十六結路101之1號,24.8099,121.7646,True,宜蘭,38,7.133071565666771,Low Risk,
磐石中學,新竹市北區,新竹市西大路683號,24.810797,120.956991,False,新竹,94,1.6547239470073474,Warning,"Nearest AQI station (新竹) AQI: 94, Outdoor facility"
曙光女中,新竹市東區,新竹市北大路61號,24.811459,120.972659,False,新竹,94,0.6482005271890987,Warning,"Nearest AQI station (新竹) AQI: 94, Outdoor facility"
曙光國小,新竹市東區,新竹市北大路70號,24.812434,120.971126,False,新竹,94,0.7662632743854417,Warning,"Nearest AQI station (新竹) AQI: 94, Outdoor facility"
三民國中,新竹市東區,新竹市自由路95巷15號,24.812643,120.980285,False,新竹,94,1.1161304757780928,Warning,"Nearest AQI station (新竹) AQI: 94, Outdoor facility"
水源國小,新竹市東區,新竹市仰德路11號,24.812834,121.002681,False,新竹,94,3.1625891037088496,Warning,"Nearest AQI station (新竹) AQI: 94, Outdoor facility"
三民國小,宜蘭縣礁溪鄉,礁溪鄉十六結路100號,24.8133,121.7596,True,宜蘭,38,7.391491001849104,Low Risk,
三民國小,新竹市東區,新竹市自由路66號,24.813321,120.981423,False,新竹,94,1.2512733657252453,Warning,"Nearest AQI station (新竹) AQI: 94, Outdoor facility"
六家國小,新竹縣竹北市,嘉興路62號,24.8137,121.0254,True,新竹,94,5.427286970181686,Medium Risk,"Nearest AQI station (新竹) AQI: 94, Indoor facility"
石光國小,新竹縣關西鎮,9鄰石岡子386號,24.8138,121.129,True,竹東,75,9.056967259316579,Medium Risk,"Nearest AQI station (竹東) AQI: 75, Indoor facility"
港南國小,新竹市香山區,新竹市港南里海埔路171巷91號,24.813817,120.923258,False,新竹,94,5.039530092693473,Warning,"Nearest AQI station (新竹) AQI: 94, Outdoor facility"
北門國小,新竹市北區,新竹市水田街33號,24.814158,120.965902,False,新竹,94,1.150606598882307,Warning,"Nearest AQI station (新竹) AQI: 94, Outdoor facility"
寶石國小,新竹縣新埔鎮,關埔路672號,24.8162,121.0791,True,竹東,75,8.430328126832139,Medium Risk,"Nearest AQI station (竹東) AQI: 75, Indoor facility"
北區區公所,新竹市北區,新竹市國華街69號,24.816533,120.970462,False,新竹,94,1.2269036714610961,Warning,"Nearest AQI station (新竹) AQI: 94, Outdoor facility"
佛光大學,宜蘭縣礁溪鄉,林尾路160號,24.8169,121.7189,False,宜蘭,38,8.157308845262692,Low Risk,
礁溪國中,宜蘭縣礁溪鄉,礁溪路四段23號,24.8172,121.7677,True,宜蘭,38,7.998554630660053,Low Risk,
光華國中,新竹市北區,新竹市光華北街10號,24.818393,120.973409,False,新竹,94,1.4224474831356488,Warning,"Nearest AQI station (新竹) AQI: 94, Outdoor facility"
成功國中,新竹縣竹北市,成功八路99號,24.818666,121.017037,True,新竹,94,4.735608073392875,Medium Risk,"Nearest AQI station (新竹) AQI: 94, Indoor facility"
載熙國小,新竹市北區,新竹市北區東大路二段386號,24.819403,120.963378,False,新竹,94,1.779540443643753,Warning,"Nearest AQI station (新竹) AQI: 94, Outdoor facility"
六家高中,新竹縣竹北市,嘉興路356號,24.820934,121.031998,False,新竹,94,6.254257999984601,Warning,"Nearest AQI station (新竹) AQI: 94, Outdoor facility"
礁溪國小,宜蘭縣礁溪鄉,礁溪路四段135號,24.8217,121.7685,True,宜蘭,38,8.502397266702323,Low Risk,
淡江大學蘭陽校園,宜蘭縣礁溪鄉,礁溪鄉林美村林尾路180號,24.8222,121.729,False,宜蘭,38,8.444480128449113,Low Risk,
舊社國小,新竹市北區,新竹市北區金竹路99號,24.822754,120.973497,False,新竹,94,1.9068897423885236,Warning,"Nearest AQI station (新竹) AQI: 94, Outdoor facility"
十興國小,新竹縣竹北市,莊敬北路66號,24.824104,121.024088,True,新竹,94,5.609472649375207,Medium Risk,"Nearest AQI station (新竹) AQI: 94, Indoor facility"
竹安里-竹安國小五育樓,宜蘭縣頭城鎮,頭城鎮竹安里頭濱路一段601號,24.8252,121.8206,True,宜蘭,38,11.40024900825659,Low Risk,
復興社區活動中心,桃園市大溪區,復興路二段275巷16號,24.825594,121.310479,True,龍潭,77,10.403995875505313,Medium Risk,"Nearest AQI station (龍潭) AQI: 77, Indoor facility"
龍源國小操場,桃園市龍潭區,深窩子16之1號,24.82605,121.212164,False,龍潭,77,4.242083225122022,Warning,"Nearest AQI station (龍潭) AQI: 77, Outdoor facility"
太平國小,新竹縣關西鎮,5鄰大旱坑27號,24.8263,121.1194,True,竹東,75,9.979569702111352,Medium Risk,"Nearest AQI station (竹東) AQI: 75, Indoor facility"
文山國小,新竹縣新埔鎮,國校路160號,24.82632,121.0474,True,新竹,94,7.914393116117545,Medium Risk,"Nearest AQI station (新竹) AQI: 94, Indoor facility"
高原里集會所,桃園市龍潭區,中原路3段135號,24.826594,121.192084,False,龍潭,77,4.832110966603124,Warning,"Nearest AQI station (龍潭) AQI: 77, Outdoor facility"
高平社區活動中心,桃園市龍潭區,高平村龍源路11號,24.826772,121.206349,True,龍潭,77,4.263431006478783,Medium Risk,"Nearest AQI station (龍潭) AQI: 77, Indoor facility"
新埔國中,新竹縣新埔鎮,中正路792號,24.8279,121.0709,True,湖口,104,8.653940151406363,High Risk,Nearest AQI station (湖口) AQI: 104
新埔鎮公所,新竹縣新埔鎮,中正路776號,24.828171,121.071269,False,湖口,104,8.640007660956355,High Risk,Nearest AQI station (湖口) AQI: 104
新埔國小,新竹縣新埔鎮,中正路366號,24.8286,121.0791,True,湖口,104,8.926260173442767,High Risk,Nearest AQI station (湖口) AQI: 104
德陽宮弘道大樓,宜蘭縣礁溪鄉,中山路二段133號,24.8287,121.7651,False,宜蘭,38,9.179003360811162,Low Risk,
大平里集會所,桃園市龍潭區,大平24-1號,24.828866,121.24615,False,龍潭,77,4.9233170370318735,Warning,"Nearest AQI station (龍潭) AQI: 77, Outdoor facility"
大東茶?,新竹縣關西鎮,15鄰大東坑67號,24.829077,121.165982,False,龍潭,77,6.404683771545197,Warning,"Nearest AQI station (龍潭) AQI: 77, Outdoor facility"
玉石活動中心,宜蘭縣礁溪鄉,礁溪鄉公園路2號,24.8298,121.7768,True,宜蘭,38,9.608442498644456,Low Risk,
新星國小,新竹縣新埔鎮,民生街28號,24.83002,121.0735,True,湖口,104,8.539629672004263,High Risk,Nearest AQI station (湖口) AQI: 104
高原國小操場,桃園市龍潭區,橫岡下36號,24.830482,121.194407,False,龍潭,77,4.340690382621388,Warning,"Nearest AQI station (龍潭) AQI: 77, Outdoor facility"
博愛國小,新竹縣竹北市,光明六路72號,24.8311,121.0057,True,新竹,94,4.397108588543891,Medium Risk,"Nearest AQI station (新竹) AQI: 94, Indoor facility"
新峰社區活動中心,桃園市大溪區,復興路二段758巷48號,24.831286,121.329588,True,龍潭,77,11.980614477755044,Medium Risk,"Nearest AQI station (龍潭) AQI: 77, Indoor facility"
溪洲福山巖,桃園市大溪區,福山一路3號,24.831873,121.262147,False,龍潭,77,5.832253434579731,Warning,"Nearest AQI station (龍潭) AQI: 77, Outdoor facility"
中崙里-中崙社區活動中心,宜蘭縣頭城鎮,頭城鎮中崙里路31號,24.8348,121.8027,True,宜蘭,38,11.208972727933041,Low Risk,
竹仁國小,新竹縣竹北市,仁和街1號,24.8363,121.0131,True,新竹,94,5.340910615026429,Medium Risk,"Nearest AQI station (新竹) AQI: 94, Indoor facility"
三坑國小操場,桃園市龍潭區,永昌路51巷85號,24.836645,121.248866,False,龍潭,77,4.466004947497794,Warning,"Nearest AQI station (龍潭) AQI: 77, Outdoor facility"
竹北高中暫代竹北國小,新竹縣竹北市,中央路3號,24.836963,121.00412,True,新竹,94,4.733240531803176,Medium Risk,"Nearest AQI station (新竹) AQI: 94, Indoor facility"
下埔里-下埔社區活動中心,宜蘭縣頭城鎮,頭城鎮下埔里路48-3號,24.837,121.8078,True,宜蘭,38,11.685226122207483,Low Risk,
南寮國小,新竹市北區,新竹市東大路三段465號,24.838589,120.939241,False,新竹,94,4.960215542334674,Warning,"Nearest AQI station (新竹) AQI: 94, Outdoor facility"
二城里-二城社區活動中心,宜蘭縣頭城鎮,頭城鎮二城里青雲路一段143號,24.8388,121.7928,True,宜蘭,38,11.138677321751253,Low Risk,
枋寮國小,新竹縣新埔鎮,義民路二段350號,24.839011,121.043286,True,湖口,104,6.807049901499083,High Risk,Nearest AQI station (湖口) AQI: 104
竹北民眾活動中心,新竹縣竹北市,中正西路50號,24.8396,121.0036,True,新竹,94,4.919205032863612,Medium Risk,"Nearest AQI station (新竹) AQI: 94, Indoor facility"
三林社區活動中心,桃園市龍潭區,三角林37號,24.840368,121.229961,True,龍潭,77,2.9600111467580597,Medium Risk,"Nearest AQI station (龍潭) AQI: 77, Indoor facility"
龍潭高中操場,桃園市龍潭區,神龍路155號,24.84158,121.212445,False,龍潭,77,2.5257054759554785,Warning,"Nearest AQI station (龍潭) AQI: 77, Outdoor facility"
石門國小禮堂,桃園市龍潭區,文化路188號,24.84158,121.241766,True,龍潭,77,3.568726618198632,Medium Risk,"Nearest AQI station (龍潭) AQI: 77, Indoor facility"
石門國小操場,桃園市龍潭區,文化路188號,24.84158,121.241766,False,龍潭,77,3.568726618198632,Warning,"Nearest AQI station (龍潭) AQI: 77, Outdoor facility"
豐田國小,新竹縣竹北市,中正西路1377號,24.842245,120.964241,False,新竹,94,4.152573504922163,Warning,"Nearest AQI station (新竹) AQI: 94, Outdoor facility"
新社國小,新竹縣竹北市,5鄰40號,24.8428,120.9981,True,新竹,94,4.880734519613855,Medium Risk,"Nearest AQI station (新竹) AQI: 94, Indoor facility"
南華國中,新竹市北區,新竹市海濱里海濱路55號,24.843514,120.92882,False,新竹,94,6.08723887635932,Warning,"Nearest AQI station (新竹) AQI: 94, Outdoor facility"
義民廟,新竹縣新埔鎮,義民路3段360號,24.84384,121.0363,False,湖口,104,6.260854584108046,High Risk,Nearest AQI station (湖口) AQI: 104
建林里集會所,桃園市龍潭區,忠勇街97號,24.84417,121.234824,False,龍潭,77,2.8803078156837643,Warning,"Nearest AQI station (龍潭) AQI: 77, Outdoor facility"
照東國小,新竹縣新埔鎮,9鄰36號,24.84461,121.1415,True,龍潭,77,7.864275844501402,Medium Risk,"Nearest AQI station (龍潭) AQI: 77, Indoor facility"
頂埔里-順天府池府王爺廟,宜蘭縣頭城鎮,頭城鎮頂埔里路一段250號,24.8461,121.8149,False,宜蘭,38,12.92325173737608,Low Risk,
富林里集會所,桃園市龍潭區,建國路278號,24.846848,121.231628,False,龍潭,77,2.4454919619260123,Warning,"Nearest AQI station (龍潭) AQI: 77, Outdoor facility"
金盈里-金盈社區活動中心,宜蘭縣頭城鎮,頭城鎮金盈里路39號,24.8473,121.7966,True,宜蘭,38,12.157537062826519,Low Risk,
桃園縣三和國小,新竹縣關西鎮,龍潭區三合村直坑39號,24.847681,121.1677,True,龍潭,77,5.243415338044561,Medium Risk,"Nearest AQI station (龍潭) AQI: 77, Indoor facility"
三和國小操場,桃園市龍潭區,龍新路三和段1356號,24.847772,121.167639,False,龍潭,77,5.245698873541612,Warning,"Nearest AQI station (龍潭) AQI: 77, Outdoor facility"
照門國小,新竹縣新埔鎮,9鄰39號,24.8489,121.1113,True,湖口,104,9.262717000646981,High Risk,Nearest AQI station (湖口) AQI: 104
照門國中,新竹縣新埔鎮,照鏡7號,24.84908,121.1133,True,湖口,104,9.410605491751992,High Risk,Nearest AQI station (湖口) AQI: 104
頭寮社區活動中心,桃園市大溪區,復興路一段755號,24.849845,121.287861,True,龍潭,77,7.37409971178315,Medium Risk,"Nearest AQI station (龍潭) AQI: 77, Indoor facility"
上華里集會所,桃園市龍潭區,大順路209號,24.850738,121.217776,False,龍潭,77,1.4807062808584572,Warning,"Nearest AQI station (龍潭) AQI: 77, Outdoor facility"
北平國小,新竹縣新埔鎮,8鄰62號,24.8528,121.0858,True,湖口,104,7.0762042242643775,High Risk,Nearest AQI station (湖口) AQI: 104
新建里-新建社區活動中心,宜蘭縣頭城鎮,頭城鎮新建里新興路234-1號,24.8539,121.8196,True,宜蘭,38,13.909842794381701,Low Risk,
中正里集會所,桃園市龍潭區,龍華路526巷55-1號,24.854358,121.216678,False,龍潭,77,1.0724251666084603,Warning,"Nearest AQI station (龍潭) AQI: 77, Outdoor facility"
金面里-協天廟,宜蘭縣頭城鎮,頭城鎮金面里路354號,24.8549,121.7935,False,宜蘭,38,12.81103020043352,Low Risk,
上林社區活動中心,桃園市龍潭區,金龍路210號,24.855518,121.21206,True,龍潭,77,1.042355992230303,Medium Risk,"Nearest AQI station (龍潭) AQI: 77, Indoor facility"
城西里-城隍廟,宜蘭縣頭城鎮,頭城鎮新建里吉祥路1號,24.8557,121.8219,False,宜蘭,38,14.203005072541833,Low Risk,
內柵國小,桃園市大溪區,安和路38號,24.856082,121.282001,True,龍潭,77,6.671109784096772,Medium Risk,"Nearest AQI station (龍潭) AQI: 77, Indoor facility"
雙龍國小操場,桃園市龍潭區,神龍路346號,24.856647,121.215334,False,龍潭,77,0.8254920960839869,Warning,"Nearest AQI station (龍潭) AQI: 77, Outdoor facility"
大坑里-協天宮,宜蘭縣頭城鎮,頭城鎮大坑里協天路599號,24.8572,121.8315,False,宜蘭,38,14.881527638401778,Low Risk,
三層社區活動中心,桃園市大溪區,24鄰三層41號,24.858533,121.295778,True,龍潭,77,8.025708023707653,Medium Risk,"Nearest AQI station (龍潭) AQI: 77, Indoor facility"
凌雲國中禮堂,桃園市龍潭區,中豐路上林段418號,24.858616,121.202008,True,龍潭,77,1.575995155567469,Medium Risk,"Nearest AQI station (龍潭) AQI: 77, Indoor facility"
城東里-城東社區活動中心,宜蘭縣頭城鎮,頭城鎮城東里開蘭舊路6號,24.8591,121.825,True,宜蘭,38,14.69000517643537,Low Risk,
城北里-農會,宜蘭縣頭城鎮,西五巷3-1號,24.8592,121.8236,False,宜蘭,38,14.623570443141528,Low Risk,
鳳山社區活動中心,新竹縣湖口鄉,勝利路二段199號,24.8602,121.0223,True,湖口,104,4.740744016513616,High Risk,Nearest AQI station (湖口) AQI: 104
三和里集會所,桃園市龍潭區,龍新路竹窩段430號,24.860237,121.19293,False,龍潭,77,2.4103092065702345,Warning,"Nearest AQI station (龍潭) AQI: 77, Outdoor facility"
龍潭高中禮堂,桃園市龍潭區,神龍路155號,24.860466,121.212445,True,龍潭,77,0.5642325378609016,Medium Risk,"Nearest AQI station (龍潭) AQI: 77, Indoor facility"
鳳山村集會所,新竹縣湖口鄉,瑞安街22巷2號,24.8607,121.0218,False,湖口,104,4.706971396820815,High Risk,Nearest AQI station (湖口) AQI: 104
拔雅里-拔雅社區活動中心,宜蘭縣頭城鎮,頭城鎮拔雅里復興路12巷2號,24.861,121.8169,True,宜蘭,38,14.4484743279662,Low Risk,
福成里-福成社區活動中心,宜蘭縣頭城鎮,頭城鎮福成里宜三路二段378號,24.8618,121.8051,True,宜蘭,38,13.981031729483417,Low Risk,
武營里-頭城國小,宜蘭縣頭城鎮,頭城鎮武營里開蘭路282號,24.863,121.8274,True,宜蘭,38,15.185773514051794,Low Risk,
陸軍裝甲第542旅,新竹縣竹北市,,24.863184,121.02716,False,湖口,104,4.271094956915273,High Risk,Nearest AQI station (湖口) AQI: 104
鳳岡國中,新竹縣竹北市,鳳岡路三段100號,24.8639,120.9657,True,新竹,94,6.513549768613019,Medium Risk,"Nearest AQI station (新竹) AQI: 94, Indoor facility"
龍潭里活動中心,桃園市龍潭區,南龍路13號,24.863934,121.212839,True,龍潭,77,0.36516067237014965,Medium Risk,"Nearest AQI station (龍潭) AQI: 77, Indoor facility"
龍潭國小禮堂,桃園市龍潭區,南龍路13號,24.864047,121.214346,True,龍潭,77,0.21311014221550886,Medium Risk,"Nearest AQI station (龍潭) AQI: 77, Indoor facility"
九龍社區活動中心,桃園市龍潭區,五福街330號,24.864163,121.225512,True,龍潭,77,0.9136471382964915,Medium Risk,"Nearest AQI station (龍潭) AQI: 77, Indoor facility"
勝利村集會所,新竹縣湖口鄉,勝利路二段19巷10號,24.865579,121.028447,False,湖口,104,3.979592640649355,High Risk,Nearest AQI station (湖口) AQI: 104
運動公園,桃園市龍潭區,公園路67號,24.865755,121.219764,False,龍潭,77,0.3864260641048051,Warning,"Nearest AQI station (龍潭) AQI: 77, Outdoor facility"
湖口鄉老人文康活動中心,新竹縣湖口鄉,新生路122號,24.8661,121.026,True,湖口,104,3.996962533222119,High Risk,Nearest AQI station (湖口) AQI: 104
中興社區活動中心,新竹縣湖口鄉,工業一路85號,24.8678,121.0277,True,湖口,104,3.763832140270437,High Risk,Nearest AQI station (湖口) AQI: 104
中山社區活動中心,桃園市龍潭區,華南路1號旁,24.868209,121.214887,True,龍潭,77,0.4940679718676042,Medium Risk,"Nearest AQI station (龍潭) AQI: 77, Indoor facility"
瑞源社區活動中心,桃園市大溪區,番子寮59號,24.868543,121.252624,True,龍潭,77,3.683476018531278,Medium Risk,"Nearest AQI station (龍潭) AQI: 77, Indoor facility"
凌雲里集會所,桃園市龍潭區,干城路19巷28號,24.868638,121.207739,False,龍潭,77,1.0196115522824705,Warning,"Nearest AQI station (龍潭) AQI: 77, Outdoor facility"
龍祥里集會所,桃園市龍潭區,干城路19巷26號,24.868638,121.207739,False,龍潭,77,1.0196115522824705,Warning,"Nearest AQI station (龍潭) AQI: 77, Outdoor facility"
龍潭區婦幼館,桃園市龍潭區,干城路19巷30號,24.868638,121.207739,False,龍潭,77,1.0196115522824705,Warning,"Nearest AQI station (龍潭) AQI: 77, Outdoor facility"
龍潭鄉婦幼館前廣場,桃園市龍潭區,干城路19巷30號前,24.868638,121.207739,False,龍潭,77,1.0196115522824705,Warning,"Nearest AQI station (龍潭) AQI: 77, Outdoor facility"
松林國小,新竹縣新豐鄉,松林街33鄰99號,24.869,120.9907,True,湖口,104,5.96364898242717,High Risk,Nearest AQI station (湖口) AQI: 104
武漢國小操場,桃園市龍潭區,武漢路100號,24.870371,121.234685,False,龍潭,77,1.9705895236910838,Warning,"Nearest AQI station (龍潭) AQI: 77, Outdoor facility"
山崎國小,新竹縣新豐鄉,新興路291號,24.8721,120.9988,True,湖口,104,5.101696379857355,High Risk,Nearest AQI station (湖口) AQI: 104
鳳凰社區活動中心,新竹縣湖口鄉,仁和路100號,24.8728,121.0145,True,湖口,104,3.905783919299886,High Risk,Nearest AQI station (湖口) AQI: 104
八德里集會所,桃園市龍潭區,梅龍路2號,24.873178,121.201718,False,龍潭,77,1.8034957874069464,Warning,"Nearest AQI station (龍潭) AQI: 77, Outdoor facility"
美華社區活動中心,桃園市大溪區,美山路一段660號,24.874405,121.300457,True,龍潭,77,8.552779899951805,Medium Risk,"Nearest AQI station (龍潭) AQI: 77, Indoor facility"
黃唐社區活動中心,桃園市龍潭區,成功路190巷10號,24.875343,121.228034,True,龍潭,77,1.7188916611204363,Medium Risk,"Nearest AQI station (龍潭) AQI: 77, Indoor facility"
中興里活動中心,桃園市龍潭區,中興路240巷38號,24.875467,121.234709,True,龍潭,77,2.23961594744935,Medium Risk,"Nearest AQI station (龍潭) AQI: 77, Indoor facility"
港口里-港口社區活動中心,宜蘭縣頭城鎮,頭城鎮港口里（路）60-3號,24.8762,121.8403,True,宜蘭,38,17.12616572721392,Low Risk,
湖南村集會所,新竹縣湖口鄉,7鄰鐵騎路1巷11號,24.877,121.0495,False,湖口,104,2.783142953594023,High Risk,Nearest AQI station (湖口) AQI: 104
湖鏡村集會所,新竹縣湖口鄉,八德路二段78巷36弄50號,24.8775,121.0556,False,湖口,104,3.0268099162004964,High Risk,Nearest AQI station (湖口) AQI: 104
一德社區活動中心,桃園市大溪區,康莊路251號3樓,24.878311,121.287976,True,龍潭,77,7.388317771311481,Medium Risk,"Nearest AQI station (龍潭) AQI: 77, Indoor facility"
員山綜合活動中心,新竹縣新豐鄉,忠一街216號,24.8792,120.9977,True,湖口,104,4.75849947701377,High Risk,Nearest AQI station (湖口) AQI: 104
武漢國中操場,桃園市龍潭區,成功路190巷227號,24.879482,121.231839,False,龍潭,77,2.317583018880066,Warning,"Nearest AQI station (龍潭) AQI: 77, Outdoor facility"
潛龍國小操場,桃園市龍潭區,中豐路401號,24.880771,121.210569,False,龍潭,77,1.9571345977436,Warning,"Nearest AQI station (龍潭) AQI: 77, Outdoor facility"
烏林社區活動中心,桃園市龍潭區,中豐路401號,24.881096,121.209566,True,龍潭,77,2.024084722862959,Medium Risk,"Nearest AQI station (龍潭) AQI: 77, Indoor facility"
下田心社區活動中心,桃園市大溪區,民權東路94巷29號,24.881411,121.29121,True,龍潭,77,7.785620441434462,Medium Risk,"Nearest AQI station (龍潭) AQI: 77, Indoor facility"
八德社區活動中心,桃園市龍潭區,聖亭路八德段451巷140號,24.881998,121.195097,True,龍潭,77,2.9408270752900325,Medium Risk,"Nearest AQI station (龍潭) AQI: 77, Indoor facility"
三元社區活動中心,桃園市大溪區,員林路2段450號,24.882515,121.265796,True,龍潭,77,5.386238640754101,Medium Risk,"Nearest AQI station (龍潭) AQI: 77, Indoor facility"
德龍國小操場,桃園市龍潭區,聖亭路八德段451巷140號,24.882832,121.195124,False,龍潭,77,3.0027447767988265,Warning,"Nearest AQI station (龍潭) AQI: 77, Outdoor facility"
長安社區活動中心,新竹縣湖口鄉,8鄰長安路381號,24.8829,121.0996,True,湖口,104,6.417202213555698,High Risk,Nearest AQI station (湖口) AQI: 104
外澳里-外澳社區活動中心,宜蘭縣頭城鎮,頭城鎮外澳里濱海路二段212號,24.8833,121.8458,True,宜蘭,38,18.09079999947037,Low Risk,
大溪國小,桃園市大溪區,登龍路19號,24.884168,121.286797,True,龍潭,77,7.441742656363004,Medium Risk,"Nearest AQI station (龍潭) AQI: 77, Indoor facility"
波羅村集會所,新竹縣湖口鄉,千禧路32號,24.884806,121.027932,False,湖口,104,2.026792743218702,High Risk,Nearest AQI station (湖口) AQI: 104
興福社區活動中心,桃園市大溪區,仁愛路11號,24.88515,121.285874,True,龍潭,77,7.387019858516453,Medium Risk,"Nearest AQI station (龍潭) AQI: 77, Indoor facility"
愛勢村集會所,新竹縣湖口鄉,17鄰信義街59號,24.886026,121.060153,False,湖口,104,2.656463315945119,High Risk,Nearest AQI station (湖口) AQI: 104
湖口村集會所,新竹縣湖口鄉,中美東路358巷27號,24.886026,121.060153,False,湖口,104,2.656463315945119,High Risk,Nearest AQI station (湖口) AQI: 104
月眉社區活動中心,桃園市大溪區,月眉105號,24.889615,121.287715,True,龍潭,77,7.7319747607227844,Medium Risk,"Nearest AQI station (龍潭) AQI: 77, Indoor facility"
新豐鄉中正堂,新竹縣新豐鄉,長春路89巷1號,24.8898,120.9876,False,湖口,104,5.296370384593144,High Risk,Nearest AQI station (湖口) AQI: 104
上坑社區活動中心,新竹縣新豐鄉,坑子口398之1號,24.8909,120.9741,True,湖口,104,6.61230898652322,High Risk,Nearest AQI station (湖口) AQI: 104
山子頂公園,桃園市平鎮區,自由街、湧光路136巷口,24.8931,121.2044,False,龍潭,77,3.4567836697710943,Warning,"Nearest AQI station (龍潭) AQI: 77, Outdoor facility"
祥安國小,桃園市平鎮區,湧安路45號,24.894,121.2032,True,龍潭,77,3.59390032755281,Medium Risk,"Nearest AQI station (龍潭) AQI: 77, Indoor facility"
中正村集會所,新竹縣湖口鄉,中正二路70號,24.894449,121.047063,False,湖口,104,1.0380036715820156,High Risk,Nearest AQI station (湖口) AQI: 104
信義村集會所,新竹縣湖口鄉,中山二街72號,24.895453,121.040252,False,湖口,104,0.5348947797393321,High Risk,Nearest AQI station (湖口) AQI: 104
大東社區活動中心,桃園市楊梅區,甡甡路440號二樓,24.895827,121.129569,True,湖口,104,9.160353433981609,High Risk,Nearest AQI station (湖口) AQI: 104
山豐國小,桃園市平鎮區,中豐路山頂段375巷45號,24.8964,121.2131,True,龍潭,77,3.618549355949256,Medium Risk,"Nearest AQI station (龍潭) AQI: 77, Indoor facility"
平鎮區幼兒園紹豐分班,桃園市平鎮區,湧光路110號,24.8967,121.2094,False,龍潭,77,3.705065906868135,Warning,"Nearest AQI station (龍潭) AQI: 77, Outdoor facility"
湧光里里民集會所,桃園市平鎮區,湧光里湧光路110號2樓,24.8967,121.2094,False,龍潭,77,3.705065906868135,Warning,"Nearest AQI station (龍潭) AQI: 77, Outdoor facility"
永揚社區活動中心,桃園市楊梅區,老莊路2-1號,24.897372,121.15188,True,龍潭,77,7.496998087482655,Medium Risk,"Nearest AQI station (龍潭) AQI: 77, Indoor facility"
仁和社區活動中心,桃園市大溪區,仁和七街159號,24.897578,121.273886,True,龍潭,77,6.891986606792596,Medium Risk,"Nearest AQI station (龍潭) AQI: 77, Indoor facility"
新豐鄉老人會館新豐鄉老人文康活動中心,新竹縣新豐鄉,新市路93號,24.8992,120.985,True,湖口,104,5.434081668742316,High Risk,Nearest AQI station (湖口) AQI: 104
山峰社區活動中心,桃園市平鎮區,福林里山子頂6號,24.8994,121.2126,True,龍潭,77,3.95543580015749,Medium Risk,"Nearest AQI station (龍潭) AQI: 77, Indoor facility"
大勇 大義活動中心,桃園市八德區,自強街60號,24.9018,121.2864,True,龍潭,77,8.212363768433852,Medium Risk,"Nearest AQI station (龍潭) AQI: 77, Indoor facility"
仁愛社區活動中心,桃園市大溪區,埔頂街15巷仁和宮旁）,24.901989,121.275658,True,龍潭,77,7.3146634449464,Medium Risk,"Nearest AQI station (龍潭) AQI: 77, Indoor facility"
龜山國小,新北市新店區,新北市新店區新烏路三段99巷10號,24.9022,121.5532,True,新店,68,8.485747199649287,Medium Risk,"Nearest AQI station (新店) AQI: 68, Indoor facility"
廣興里辦公處,新北市新店區,新北市新店區平廣路一段35巷3號,24.902531,121.533799,False,新店,68,8.314944320329653,Warning,"Nearest AQI station (新店) AQI: 68, Outdoor facility"
龜山市民活動中心,新北市新店區,新北市新店區新烏路3段136號,24.9031,121.552,True,新店,68,8.36579963438665,Medium Risk,"Nearest AQI station (新店) AQI: 68, Indoor facility"
楊梅國中綜合活動中心,桃園市楊梅區,貴山街1號,24.903472,121.150291,True,平鎮,106,7.706090733637385,High Risk,Nearest AQI station (平鎮) AQI: 106
莊敬公園,桃園市平鎮區,自強街、莊福路口,24.904,121.2148,False,龍潭,77,4.450885925403878,Warning,"Nearest AQI station (龍潭) AQI: 77, Outdoor facility"
莊敬里里民集會所,桃園市平鎮區,莊敬里自強街100號,24.9044,121.2147,False,龍潭,77,4.495719317776445,Warning,"Nearest AQI station (龍潭) AQI: 77, Outdoor facility"
南興社區活動中心,桃園市大溪區,仁和路二段190巷79號（永昌宮旁）,24.90441,121.26517,True,龍潭,77,6.658404388410129,Medium Risk,"Nearest AQI station (龍潭) AQI: 77, Indoor facility"
石里倉庫,新北市坪林區,石27之1號,24.904686,121.745228,False,宜蘭,38,17.432314610985514,Low Risk,
崎頂社區活動中心,桃園市大溪區,公園路30號2樓,24.904809,121.28385,True,龍潭,77,8.173305545077703,Medium Risk,"Nearest AQI station (龍潭) AQI: 77, Indoor facility"
鎮興里里民集會所,桃園市平鎮區,中興路平鎮段229號,24.9057,121.1943,False,龍潭,77,5.147352081461594,Warning,"Nearest AQI station (龍潭) AQI: 77, Outdoor facility"
楊梅區公所大禮堂,桃園市楊梅區,大成路2號,24.907477,121.14586,False,平鎮,106,7.728843628564273,High Risk,Nearest AQI station (平鎮) AQI: 106
竹崙市民活動中心,新北市三峽區,竹崙里146號,24.9088,121.4349,True,新北（樹林）,86,6.844157705545315,Medium Risk,"Nearest AQI station (新北（樹林）) AQI: 86, Indoor facility"
天津環保公園,桃園市平鎮區,天津街、漢口街121巷口,24.91,121.2072,False,平鎮,106,4.768611109693714,High Risk,Nearest AQI station (平鎮) AQI: 106
漢口環保公園,桃園市平鎮區,漢口街、大興街口,24.9101,121.205,False,平鎮,106,4.7475677477801685,High Risk,Nearest AQI station (平鎮) AQI: 106
長青文康中心,桃園市平鎮區,金星里64鄰開封街88號,24.9103,121.2041,False,平鎮,106,4.724241638107852,High Risk,Nearest AQI station (平鎮) AQI: 106
平鎮區幼兒園東勢分班,桃園市平鎮區,金陵路5段57號,24.9104,121.2313,False,中壢,104,4.865751173753198,High Risk,Nearest AQI station (中壢) AQI: 104
東勢社區活動中心,桃園市平鎮區,金陵路5段55號,24.9105,121.2315,True,中壢,104,4.858930847277209,High Risk,Nearest AQI station (中壢) AQI: 104
楊明公園,桃園市楊梅區,中山北路一段390巷、金山街口,24.910681,121.158918,False,平鎮,106,6.524628048792438,High Risk,Nearest AQI station (平鎮) AQI: 106
康橋高級中學,新北市新店區,新北市新店區華城路800號,24.9109,121.4978,False,新店,68,8.40429661516164,Warning,"Nearest AQI station (新店) AQI: 68, Outdoor facility"
大合社區活動中心,桃園市楊梅區,自立街2號,24.910932,121.149137,True,平鎮,106,7.228172131301901,High Risk,Nearest AQI station (平鎮) AQI: 106
三湖社區活動中心,桃園市楊梅區,楊湖路二段491號,24.911967,121.108509,True,湖口,104,7.146406355172616,High Risk,Nearest AQI station (湖口) AQI: 104
上湖社區活動中心,桃園市楊梅區,楊湖路三段679之1號,24.912185,121.082425,True,湖口,104,4.593830009854443,High Risk,Nearest AQI station (湖口) AQI: 104
長沙公園,桃園市平鎮區,開封街與長沙街口,24.9122,121.2042,False,平鎮,106,4.513008878773387,High Risk,Nearest AQI station (平鎮) AQI: 106
民俗文化公園,桃園市平鎮區,上海路長沙街對面,24.9122,121.2067,False,平鎮,106,4.521246778914535,High Risk,Nearest AQI station (平鎮) AQI: 106
屈尺國小廣興分校,新北市新店區,新店市廣興路57號。,24.9125,121.5396,True,新店,68,7.199102107622502,Medium Risk,"Nearest AQI station (新店) AQI: 68, Indoor facility"
埔心公園,桃園市楊梅區,五守街旁,24.913118,121.186092,False,平鎮,106,4.7656377985640255,High Risk,Nearest AQI station (平鎮) AQI: 106
瑞塘社區活動中心,桃園市楊梅區,四維路二段20號,24.913774,121.179329,True,平鎮,106,4.999889213169142,High Risk,Nearest AQI station (平鎮) AQI: 106
仁善社區活動中心,桃園市大溪區,仁德街19號,24.914076,121.281644,True,中壢,104,7.454817013065452,High Risk,Nearest AQI station (中壢) AQI: 104
金龍社區活動中心,桃園市楊梅區,中興路236之1號,24.914501,121.186274,True,平鎮,106,4.616535322662081,High Risk,Nearest AQI station (平鎮) AQI: 106
平鎮區幼兒園南勢分班,桃園市平鎮區,南安路93號,24.9149,121.2081,False,平鎮,106,4.23310489434575,High Risk,Nearest AQI station (平鎮) AQI: 106
東安國中,桃園市平鎮區,平東路168號,24.9166,121.2498,True,中壢,104,4.967898224631462,High Risk,Nearest AQI station (中壢) AQI: 104
水美社區活動中心,桃園市楊梅區,楊新路二段2之1號,24.918994,121.137079,True,平鎮,106,7.722037472588694,High Risk,Nearest AQI station (平鎮) AQI: 106
瑞興社區活動中心,桃園市大溪區,8鄰大鶯路936號,24.919559,121.3032,True,桃園,103,8.358469397468067,High Risk,Nearest AQI station (桃園) AQI: 103
屈尺國小,新北市新店區,新北市新店區屈尺路五十五號,24.9225,121.5463,True,新店,68,6.1451664960383825,Medium Risk,"Nearest AQI station (新店) AQI: 68, Indoor facility"
僑愛社區活動中心,桃園市大溪區,僑愛1街,24.922855,121.293733,True,中壢,104,8.015118851960832,High Risk,Nearest AQI station (中壢) AQI: 104
屈尺市民活動中心,新北市新店區,新北市新店區屈尺路125號,24.923518,121.544999,True,新店,68,6.015824336576535,Medium Risk,"Nearest AQI station (新店) AQI: 68, Indoor facility"
東社社區活動中心,桃園市平鎮區,圳南路50巷23號,24.9241,121.2437,True,中壢,104,3.9321227392126223,High Risk,Nearest AQI station (中壢) AQI: 104
大成國小,新北市三峽區,成福路215巷2號,24.9243,121.4275,True,新北（樹林）,86,5.217056811067428,Medium Risk,"Nearest AQI station (新北（樹林）) AQI: 86, Indoor facility"
龍岡公園,桃園市中壢區,龍岡圓環旁,24.925946,121.244033,False,中壢,104,3.7844423414759953,High Risk,Nearest AQI station (中壢) AQI: 104
中壢區龍岡里集會所,桃園市中壢區,龍岡路三段742號,24.926071,121.243388,False,中壢,104,3.734786059200513,High Risk,Nearest AQI station (中壢) AQI: 104
龍岡公園新,桃園市中壢區,龍岡路消防隊旁,24.926099,121.244013,False,中壢,104,3.7695869958365518,High Risk,Nearest AQI station (中壢) AQI: 104
建安國小,新北市三峽區,建安路67號,24.9264,121.4471,True,土城,82,6.259577936292881,Medium Risk,"Nearest AQI station (土城) AQI: 82, Indoor facility"
豐德公園,桃園市八德區,豐田一路地號︰豐田段1429-0000號,24.9267,121.2876,False,中壢,104,7.27507665174134,High Risk,Nearest AQI station (中壢) AQI: 104
貿七公園,桃園市平鎮區,貿一路、貿中街口,24.9269,121.2516,False,中壢,104,4.208506944376264,High Risk,Nearest AQI station (中壢) AQI: 104
龍友里集會所,桃園市八德區,龍宮街36巷1號,24.9271,121.2582,False,中壢,104,4.694790875741792,High Risk,Nearest AQI station (中壢) AQI: 104
獅子林社區活動中心,桃園市平鎮區,北貴里大仁街46號,24.9281,121.2256,True,中壢,104,2.8276099392946876,High Risk,Nearest AQI station (中壢) AQI: 104
中興社區活動中心,桃園市大溪區,大鶯路1450巷26號,24.928766,121.317064,True,新北（樹林）,86,7.069932357703935,Medium Risk,"Nearest AQI station (新北（樹林）) AQI: 86, Indoor facility"
瑞原社區活動中心,桃園市楊梅區,民豐路506之1號,24.929769,121.112014,True,湖口,104,8.080687719244061,High Risk,Nearest AQI station (湖口) AQI: 104
瑞祥里集會所,桃園市八德區,介壽路二段1233巷46-1號,24.9303,121.2988,False,桃園,103,7.189408609318982,High Risk,Nearest AQI station (桃園) AQI: 103
青少年活動中心,桃園市八德區,興豐路2207號,24.9308,121.2945,True,桃園,103,7.185018972312169,High Risk,Nearest AQI station (桃園) AQI: 103
陽光活力園區,桃園市八德區,興豐路2189巷地號︰大發段1219-0000號,24.9308,121.2945,False,桃園,103,7.185018972312169,High Risk,Nearest AQI station (桃園) AQI: 103
興豐公園三,桃園市八德區,豐田路與豐田五街,24.9311,121.2893,False,桃園,103,7.248208452113525,High Risk,Nearest AQI station (桃園) AQI: 103
大明活動中心,桃園市八德區,桃鶯路134號,24.9316,121.2838,True,中壢,104,6.712253736894872,High Risk,Nearest AQI station (中壢) AQI: 104
竹霄活動中心,桃園市八德區,廟前2鄰1-1號,24.9316,121.2838,True,中壢,104,6.712253736894872,High Risk,Nearest AQI station (中壢) AQI: 104
龍安公園,桃園市中壢區,龍江路國軍副食品後,24.931644,121.257829,False,中壢,104,4.368083971729536,High Risk,Nearest AQI station (中壢) AQI: 104
振興公園,桃園市中壢區,振興里龍陵路以西,24.931646,121.231332,False,中壢,104,2.595260634173368,High Risk,Nearest AQI station (中壢) AQI: 104
副食品公園,桃園市中壢區,龍江路旁,24.931675,121.257805,False,中壢,104,4.364165744810534,High Risk,Nearest AQI station (中壢) AQI: 104
富岡社區活動中心,桃園市楊梅區,新明街347巷2弄1號二樓,24.93201,121.075161,True,湖口,104,5.097759879316895,High Risk,Nearest AQI station (湖口) AQI: 104
興豐公園一,桃園市八德區,豐田七街地號︰豐田段1342-0000號,24.9321,121.2885,False,中壢,104,7.137991811406989,High Risk,Nearest AQI station (中壢) AQI: 104
建德公園,桃園市八德區,長興路與建德路口地號︰福興段0973-0000號,24.9327,121.2733,False,中壢,104,5.68650130954648,High Risk,Nearest AQI station (中壢) AQI: 104
龍岡萬坪公園,桃園市中壢區,龍岡路三段,24.93283,121.251014,False,中壢,104,3.731577042266663,High Risk,Nearest AQI station (中壢) AQI: 104
高山社區活動中心,桃園市楊梅區,幼獅路三段168號二樓,24.932923,121.156662,True,平鎮,106,5.25778000204362,High Risk,Nearest AQI station (平鎮) AQI: 106
成福國小,新北市三峽區,溪東路213號,24.9332,121.4057,True,新北（樹林）,86,2.8451749664447488,Medium Risk,"Nearest AQI station (新北（樹林）) AQI: 86, Indoor facility"
藝文廣場,桃園市八德區,興豐路825巷旁地號︰瑞豐段0975-0001號,24.9334,121.2999,False,桃園,103,6.836836512742915,High Risk,Nearest AQI station (桃園) AQI: 103
里昂社區公園,桃園市八德區,竹興街地號︰霄裡段0618-0000號,24.9339,121.2703,False,中壢,104,5.3558847353262,High Risk,Nearest AQI station (中壢) AQI: 104
龍岡森林公園,桃園市中壢區,龍岡路三段與龍岡路262巷,24.933902,121.235785,False,中壢,104,2.582256687819972,High Risk,Nearest AQI station (中壢) AQI: 104
楓樹腳休閒公園,桃園市八德區,介壽路二段946巷947號旁,24.9348,121.2967,False,桃園,103,6.714169090340231,High Risk,Nearest AQI station (桃園) AQI: 103
南亞公園,桃園市中壢區,龍福路與龍東路445巷,24.934965,121.25218,False,中壢,104,3.689282871571487,High Risk,Nearest AQI station (中壢) AQI: 104
溪濱公園,桃園市八德區,廣興五街,24.9353,121.2825,False,中壢,104,6.450893694924641,High Risk,Nearest AQI station (中壢) AQI: 104
瑞泰社區公園,桃園市八德區,介壽路二段933巷瑞豐國小旁地號︰瑞豐段0966-0000號,24.9356,121.2982,False,桃園,103,6.608512913277899,High Risk,Nearest AQI station (桃園) AQI: 103
新勢公園,桃園市平鎮區,延平路與中豐路口,24.9357,121.2005,False,平鎮,106,1.9321128386998414,High Risk,Nearest AQI station (平鎮) AQI: 106
龍和公園,桃園市中壢區,隆昌街以南,24.93578,121.249574,False,中壢,104,3.4208647915812818,High Risk,Nearest AQI station (中壢) AQI: 104
北勢國小,桃園市平鎮區,金陵路二段330號,24.9358,121.2238,True,中壢,104,1.9553271094662366,High Risk,Nearest AQI station (中壢) AQI: 104
瑞安公園,桃園市八德區,瑞安街底,24.9361,121.2967,False,桃園,103,6.570768066188083,High Risk,Nearest AQI station (桃園) AQI: 103
新北市坪林區公所,新北市坪林區,坪林101號,24.93614,121.711784,False,汐止,75,16.13803538816855,Warning,"Nearest AQI station (汐止) AQI: 75, Outdoor facility"
新北市坪林區坪林國民小學,新北市坪林區,坪林114號,24.936238,121.71088,False,汐止,75,16.08807265877725,Warning,"Nearest AQI station (汐止) AQI: 75, Outdoor facility"
豐野社區活動中心,桃園市楊梅區,信義街83巷25弄23號,24.936444,121.084322,True,湖口,104,6.11101436085768,High Risk,Nearest AQI station (湖口) AQI: 104
上田社區活動中心,桃園市楊梅區,和平路87號2樓,24.937104,121.125912,True,平鎮,106,8.0624026373168,High Risk,Nearest AQI station (平鎮) AQI: 106
北興社區活動中心,桃園市平鎮區,金陵路2段433號,24.9375,121.2248,True,中壢,104,1.7826422709235417,High Risk,Nearest AQI station (中壢) AQI: 104
中壢區台貿社區活動中心,桃園市中壢區,台貿一街100號,24.937684,121.255788,True,中壢,104,3.8524227735312153,High Risk,Nearest AQI station (中壢) AQI: 104
高榮社區活動中心,桃園市楊梅區,幼獅路二段390之2號,24.937725,121.16583,True,平鎮,106,4.195674338452068,High Risk,Nearest AQI station (平鎮) AQI: 106
龍德公園,桃園市中壢區,龍興國中旁,24.937741,121.237951,False,中壢,104,2.3833077871860184,High Risk,Nearest AQI station (中壢) AQI: 104
直潭國小,新北市新店區,新北市新店區直潭路92號,24.9378,121.5313,True,新店,68,4.431905710471026,Medium Risk,"Nearest AQI station (新店) AQI: 68, Indoor facility"
新北市立坪林國民中學,新北市坪林區,國中路4號,24.938007,121.712825,False,汐止,75,15.999490158047683,Warning,"Nearest AQI station (汐止) AQI: 75, Outdoor facility"
員本社區活動中心,桃園市楊梅區,2鄰員本路532之1號,24.938356,121.106168,True,湖口,104,8.009791375444953,High Risk,Nearest AQI station (湖口) AQI: 104
興豐公園二,桃園市八德區,廣豐路與豐田路口,24.9386,121.3083,False,桃園,103,6.248058368997075,High Risk,Nearest AQI station (桃園) AQI: 103
伯公岡公園,桃園市楊梅區,民生街、富豐北路口,24.939416,121.084716,False,湖口,104,6.363197386080886,High Risk,Nearest AQI station (湖口) AQI: 104
中壢區龍興社區活動中心,桃園市中壢區,龍岡路三段37巷92弄102號,24.939461,121.23325,True,中壢,104,1.9298283793734745,High Risk,Nearest AQI station (中壢) AQI: 104
黎明公園,桃園市中壢區,榮民南路消防隊旁,24.939842,121.256073,False,中壢,104,3.7768890040868324,High Risk,Nearest AQI station (中壢) AQI: 104
平鎮高中,桃園市平鎮區,南路三段100號,24.9399,121.2189,True,中壢,104,1.5134980601793697,High Risk,Nearest AQI station (中壢) AQI: 104
廣仁里里民集會所,桃園市平鎮區,新光路65巷50號,24.94,121.2059,False,平鎮,106,1.4347744282090134,High Risk,Nearest AQI station (平鎮) AQI: 106
新富公園,桃園市平鎮區,中豐路、環南路三段口,24.94,121.2165,False,中壢,104,1.5656537745583037,High Risk,Nearest AQI station (中壢) AQI: 104
廣仁公園,桃園市平鎮區,新光路65巷福壽5巷對面,24.9402,121.2064,False,平鎮,106,1.4205044100890214,High Risk,Nearest AQI station (平鎮) AQI: 106
仁福公園,桃園市中壢區,中山東路3段429巷87弄旁,24.940545,121.253749,False,中壢,104,3.530824532205114,High Risk,Nearest AQI station (中壢) AQI: 104
兒四十公園,桃園市中壢區,龍岡路2段306巷,24.941319,121.230266,False,中壢,104,1.5874254888780652,High Risk,Nearest AQI station (中壢) AQI: 104
宋屋國小,桃園市平鎮區,延平路二段389號,24.9419,121.2062,True,平鎮,106,1.2308768558113052,High Risk,Nearest AQI station (平鎮) AQI: 106
後寮公園,桃園市中壢區,後興路一段90巷,24.942039,121.247381,False,中壢,104,2.8779754165022116,High Risk,Nearest AQI station (中壢) AQI: 104
瑞泰里集會所,桃園市八德區,介壽路二段583巷12號,24.9422,121.2983,False,桃園,103,5.877915067912996,High Risk,Nearest AQI station (桃園) AQI: 103
八德埤塘生態公園,桃園市八德區,興豐路1315號,24.9423,121.3112,False,桃園,103,5.861162467142695,High Risk,Nearest AQI station (桃園) AQI: 103
583綠地,桃園市八德區,介壽路二段583巷地號︰麻園段0844-0000號,24.9426,121.2999,False,桃園,103,5.817253673775973,High Risk,Nearest AQI station (桃園) AQI: 103
大信里集會所,桃園市八德區,大興路992號,24.9431,121.3008,False,桃園,103,5.75448275636441,High Risk,Nearest AQI station (桃園) AQI: 103
大竹里集會所,桃園市八德區,竹高厝11-2號,24.9431,121.3152,False,桃園,103,5.830131852747925,High Risk,Nearest AQI station (桃園) AQI: 103
中壢區新振社區活動中心,桃園市中壢區,龍岡路2段232號,24.943244,121.229589,True,中壢,104,1.372136551322926,High Risk,Nearest AQI station (中壢) AQI: 104
北勢社區活動中心,桃園市平鎮區,振平街153號,24.9438,121.2196,True,中壢,104,1.074311136844844,High Risk,Nearest AQI station (中壢) AQI: 104
平鎮區幼兒園本園,桃園市平鎮區,振平街155號,24.9438,121.2196,False,中壢,104,1.074311136844844,High Risk,Nearest AQI station (中壢) AQI: 104
中壢區後寮里集會所,桃園市中壢區,龍興路107巷21號,24.944478,121.245972,False,中壢,104,2.638550195272329,High Risk,Nearest AQI station (中壢) AQI: 104
瑞泰鄰里公園,桃園市八德區,介壽路二段490巷地號︰ 大庄段2311-0000號,24.9446,121.2959,False,桃園,103,5.647142367100254,High Risk,Nearest AQI station (桃園) AQI: 103
新興公園,桃園市中壢區,林森國小旁,24.945306,121.225507,False,中壢,104,0.9672981973106775,High Risk,Nearest AQI station (中壢) AQI: 104
桃園市南區老人文康活動中心,桃園市中壢區,林森路90號,24.945355,121.225934,True,中壢,104,0.9804190560347122,High Risk,Nearest AQI station (中壢) AQI: 104
平興暨宋屋里里民集會所,桃園市平鎮區,平興里廣泰路85號,24.9454,121.2042,False,平鎮,106,0.8215690690404301,High Risk,Nearest AQI station (平鎮) AQI: 106
建國公園,桃園市八德區,建國路與同和街交匯地號︰大和段0162-0000號,24.9454,121.2887,False,桃園,103,5.724141416535683,High Risk,Nearest AQI station (桃園) AQI: 103
仁德公園,桃園市八德區,建國路與仁德路口,24.9454,121.2887,False,桃園,103,5.724141416535683,High Risk,Nearest AQI station (桃園) AQI: 103
福興活動中心,桃園市八德區,廣興路53號,24.9456,121.2837,True,桃園,103,5.867980626882828,High Risk,Nearest AQI station (桃園) AQI: 103
大竹埤塘公園,桃園市八德區,興豐路1810號,24.9456,121.3163,False,桃園,103,5.578281597742436,High Risk,Nearest AQI station (桃園) AQI: 103
平鎮國中,桃園市平鎮區,振興路2號,24.9457,121.216,True,中壢,104,1.0180666883088232,High Risk,Nearest AQI station (中壢) AQI: 104
福興社區公園,桃園市八德區,廣興路,24.9457,121.2832,False,桃園,103,5.876299319557823,High Risk,Nearest AQI station (桃園) AQI: 103
宋屋公園,桃園市平鎮區,平興里廣泰路壢新醫院旁,24.9464,121.2051,False,平鎮,106,0.7189177955392799,High Risk,Nearest AQI station (平鎮) AQI: 106
華勛公園,桃園市中壢區,華勛街363巷,24.94666,121.261776,False,中壢,104,4.11011651201457,High Risk,Nearest AQI station (中壢) AQI: 104
廣興活動中心,桃園市八德區,雙連坡1-1號,24.9468,121.2836,True,桃園,103,5.747784415438252,High Risk,Nearest AQI station (桃園) AQI: 103
客家文化廣場,桃園市八德區,大興路地號︰榮興段1405-0000號,24.9471,121.3023,False,桃園,103,5.3010869444691116,High Risk,Nearest AQI station (桃園) AQI: 103
義民公園,桃園市平鎮區,環南路、復旦路口,24.9474,121.207,False,平鎮,106,0.6715727611524168,High Risk,Nearest AQI station (平鎮) AQI: 106
大興活動中心,桃園市八德區,介壽路2段361巷96號,24.9474,121.2993,True,桃園,103,5.292051201850726,High Risk,Nearest AQI station (桃園) AQI: 103
大昌鄰里公園,桃園市八德區,鴻昌街底地號︰大庄段1135-0000號,24.9475,121.2969,False,桃園,103,5.312788271994918,High Risk,Nearest AQI station (桃園) AQI: 103
中壢區仁祥、華勛里集會所,桃園市中壢區,華祥一街21號,24.948055,121.261425,False,中壢,104,4.050148449944951,High Risk,Nearest AQI station (中壢) AQI: 104
平鎮區幼兒園義民分班,桃園市平鎮區,復旦路2段115號,24.9485,121.2037,False,平鎮,106,0.4774528964979328,High Risk,Nearest AQI station (平鎮) AQI: 106
普慶公園,桃園市中壢區,普慶路旁,24.948548,121.246511,False,中壢,104,2.5593244552062813,High Risk,Nearest AQI station (中壢) AQI: 104
仁祥公園,桃園市中壢區,華勛街,24.948742,121.260686,False,中壢,104,3.9659808453585317,High Risk,Nearest AQI station (中壢) AQI: 104
平興國中,桃園市平鎮區,環南路300號,24.9497,121.2063,True,平鎮,106,0.4149391225231625,High Risk,Nearest AQI station (平鎮) AQI: 106
義興里里民集會所,桃園市平鎮區,義興里25鄰義興街80號,24.9497,121.2092,False,平鎮,106,0.62774780099337,High Risk,Nearest AQI station (平鎮) AQI: 106
中壢區東興社區活動中心,桃園市中壢區,中北路二段76巷10號,24.950351,121.225243,True,中壢,104,0.48569864481714375,High Risk,Nearest AQI station (中壢) AQI: 104
義興公園,桃園市平鎮區,義興路義興國小對面,24.9504,121.2096,False,平鎮,106,0.6250821058477117,High Risk,Nearest AQI station (平鎮) AQI: 106
新勢國小,桃園市平鎮區,延平路一段181號,24.9505,121.2168,True,中壢,104,0.5798091088476781,High Risk,Nearest AQI station (中壢) AQI: 104
瑞聯社區公園,桃園市八德區,建安街底地號︰大發段1494-0000號,24.9508,121.3198,False,桃園,103,5.105310477614746,High Risk,Nearest AQI station (桃園) AQI: 103
莒光環保公園,桃園市中壢區,莒光路2側,24.951014,121.235903,False,中壢,104,1.4571286928238343,High Risk,Nearest AQI station (中壢) AQI: 104
新昇倉庫,新北市坪林區,大粗坑11之1號,24.951077,121.725304,False,汐止,75,15.377824501876045,Warning,"Nearest AQI station (汐止) AQI: 75, Outdoor facility"
雙峰國小,新北市新店區,新北市新店區北宜路三段66號,24.9515,121.5755,True,新店,68,4.758182333329493,Medium Risk,"Nearest AQI station (新店) AQI: 68, Indoor facility"
復興親子公園,桃園市平鎮區,育達路二段、文化街口,24.952,121.2105,False,平鎮,106,0.6625046396192157,High Risk,Nearest AQI station (平鎮) AQI: 106
景文科技大學,新北市新店區,新北市新店區安忠路99號,24.952,121.5093,False,新店,68,4.013320943485334,Warning,"Nearest AQI station (新店) AQI: 68, Outdoor facility"
雙城國小,新北市新店區,台北縣新店市安康路三段322號,24.9521,121.4865,True,土城,82,4.862086476337063,Medium Risk,"Nearest AQI station (土城) AQI: 82, Indoor facility"
華愛公園,桃園市中壢區,華愛街43號對面,24.952552,121.259728,False,中壢,104,3.8379844882263088,High Risk,Nearest AQI station (中壢) AQI: 104
祖田市民活動中心,新北市土城區,中央路4段285號2樓,24.952776,121.411937,True,新北（樹林）,86,2.8942998995427547,Medium Risk,"Nearest AQI station (新北（樹林）) AQI: 86, Indoor facility"
德和公園,桃園市中壢區,清潔隊對面,24.952781,121.262532,False,中壢,104,4.120188614122016,High Risk,Nearest AQI station (中壢) AQI: 104
新榮國小,桃園市平鎮區,中原路88號,24.9528,121.2184,True,中壢,104,0.3336247015467321,High Risk,Nearest AQI station (中壢) AQI: 104
新店國小,新北市新店區,新北市新店區新店路2號,24.9529,121.5402,True,新店,68,2.715481165262492,Medium Risk,"Nearest AQI station (新店) AQI: 68, Indoor facility"
文化國小,桃園市平鎮區,文化街189號,24.9531,121.2033,True,平鎮,106,0.0774731459323438,High Risk,Nearest AQI station (平鎮) AQI: 106
麗盛公園,桃園市八德區,文昌街97巷大和段0535-0000號,24.9531,121.2956,False,桃園,103,4.723025390264519,High Risk,Nearest AQI station (桃園) AQI: 103
青潭國小,新北市新店區,新北市新店區北宜路二段80號,24.9531,121.5523,True,新店,68,3.0557198478138754,Medium Risk,"Nearest AQI station (新店) AQI: 68, Indoor facility"
文昌休閒公園,桃園市八德區,文昌街與金和街交匯地號︰大和段0152-0000號,24.9533,121.2947,False,桃園,103,4.720371327862217,High Risk,Nearest AQI station (桃園) AQI: 103
雲海國小,新北市石碇區,坑內1號,24.9533,121.637,True,新店,68,10.349767981098376,Medium Risk,"Nearest AQI station (新店) AQI: 68, Indoor facility"
仁德公園,桃園市中壢區,仁美新村旁,24.95342,121.266276,False,中壢,104,4.497286568296336,High Risk,Nearest AQI station (中壢) AQI: 104
中壢區仁美社區活動中心,桃園市中壢區,榮民南路350巷內,24.953425,121.256945,True,中壢,104,3.5565910541691923,High Risk,Nearest AQI station (中壢) AQI: 104
達觀國民中小學,新北市新店區,僑信路1號,24.95362,121.49998,False,新店,68,4.626605210399515,Warning,"Nearest AQI station (新店) AQI: 68, Outdoor facility"
雙城活動中心,新北市新店區,新北市新店區安康路3段2號5樓,24.9538,121.4937,True,新店,68,5.150314367907697,Medium Risk,"Nearest AQI station (新店) AQI: 68, Indoor facility"
舊社公園,桃園市中壢區,舊明里義民路明德路口,24.953848,121.215935,False,中壢,104,0.5813363428697987,High Risk,Nearest AQI station (中壢) AQI: 104
中壢區舊明里集會所,桃園市中壢區,義民路70號,24.953916,121.216238,False,中壢,104,0.5519023518372407,High Risk,Nearest AQI station (中壢) AQI: 104
復旦暨復興里里民集會所,桃園市平鎮區,復興街55號,24.9544,121.2051,False,平鎮,106,0.21171210034007237,High Risk,Nearest AQI station (平鎮) AQI: 106
和盛公園,桃園市八德區,大和路96號對面地號︰大和段0280-0000號,24.9545,121.2964,False,桃園,103,4.554583900532464,High Risk,Nearest AQI station (桃園) AQI: 103
復旦國小,桃園市平鎮區,廣平街1號,24.9547,121.2078,True,平鎮,106,0.43947844988968965,High Risk,Nearest AQI station (平鎮) AQI: 106
同和公園,桃園市八德區,同和街與金和街交匯地號︰大和段0295-0000號,24.9548,121.2951,False,桃園,103,4.54879440314474,High Risk,Nearest AQI station (桃園) AQI: 103
大安里集會所,桃園市八德區,長安街65號,24.9551,121.216,False,中壢,104,0.6061736307516248,High Risk,Nearest AQI station (中壢) AQI: 104
高連社區活動中心,桃園市平鎮區,高雙里13鄰高雙路80號,24.9552,121.1895,True,平鎮,106,1.4848628827716275,High Risk,Nearest AQI station (平鎮) AQI: 106
樹梅嶺倉庫,新北市坪林區,樹梅嶺11號,24.955382,121.696956,False,汐止,75,13.563219214177163,Warning,"Nearest AQI station (汐止) AQI: 75, Outdoor facility"
平鎮區婦幼活動中心,桃園市平鎮區,廣達里廣成街10號,24.9558,121.2084,True,平鎮,106,0.5570814237867338,High Risk,Nearest AQI station (平鎮) AQI: 106
大和公園,桃園市八德區,銀和街又霸倫敦城對面地號︰大和段0264-0000號,24.9559,121.297,False,桃園,103,4.39034210599767,High Risk,Nearest AQI station (桃園) AQI: 103
頂埔國小,新北市土城區,中央路4段205號,24.95623,121.414403,True,新北（樹林）,86,3.214077664035006,Medium Risk,"Nearest AQI station (新北（樹林）) AQI: 86, Indoor facility"
廣達公園,桃園市平鎮區,環南路35巷、廣成街口,24.9564,121.2076,False,平鎮,106,0.5424345774846432,High Risk,Nearest AQI station (平鎮) AQI: 106
中央公園,桃園市中壢區,中央里公七停車場上,24.956471,121.226786,False,中壢,104,0.6264034092497727,High Risk,Nearest AQI station (中壢) AQI: 104
公七公園,桃園市中壢區,領航南路3段與高鐵站前東路2段,24.956529,121.226641,False,中壢,104,0.6181652534427372,High Risk,Nearest AQI station (中壢) AQI: 104
大忠里集會所,桃園市八德區,建國路1199號5樓,24.9567,121.2962,False,桃園,103,4.318780045236429,High Risk,Nearest AQI station (桃園) AQI: 103
大慶 大華里集會所,桃園市八德區,建國路1199號4樓,24.9567,121.2962,False,桃園,103,4.318780045236429,High Risk,Nearest AQI station (桃園) AQI: 103
大成活動中心,桃園市八德區,建國路1199號,24.9567,121.2962,True,桃園,103,4.318780045236429,High Risk,Nearest AQI station (桃園) AQI: 103
文山國中,新北市新店區,新北市新店區文中路38號,24.9567,121.5392,True,新店,68,2.286439995071352,Medium Risk,"Nearest AQI station (新店) AQI: 68, Indoor facility"
能仁家商,新北市新店區,新北市新店區文中路53巷10號,24.9569,121.5404,False,新店,68,2.2751082447777877,Warning,"Nearest AQI station (新店) AQI: 68, Outdoor facility"
福僑公園大成社區公園,桃園市八德區,福僑街80巷地號︰福國段0404-0000號,24.9573,121.295,False,桃園,103,4.280382529544409,High Risk,Nearest AQI station (桃園) AQI: 103
瑞發公園,桃園市八德區,瑞發街與興豐路825巷交匯地號︰瑞發段0973-0000號,24.9576,121.2988,False,桃園,103,4.173655037483851,High Risk,Nearest AQI station (桃園) AQI: 103
大安活動中心,桃園市八德區,和平路548號,24.9576,121.3042,True,桃園,103,4.127319852732882,High Risk,Nearest AQI station (桃園) AQI: 103
文中廣明活動中心,新北市新店區,新北市新店區北宜路一段39巷32號,24.9577,121.5399,True,新店,68,2.1812609773989653,Medium Risk,"Nearest AQI station (新店) AQI: 68, Indoor facility"
篤行公園,桃園市中壢區,永福路以北,24.958407,121.263193,False,中壢,104,4.225030653530506,High Risk,Nearest AQI station (中壢) AQI: 104
同福公園,桃園市八德區,和義街底地號︰同福段0424-0000號,24.9587,121.3077,False,桃園,103,4.01340863814272,High Risk,Nearest AQI station (桃園) AQI: 103
頂埔市民活動中心,新北市土城區,中央路4段55-12號,24.958966,121.417311,True,新北（樹林）,86,3.5806343583283473,Medium Risk,"Nearest AQI station (新北（樹林）) AQI: 86, Indoor facility"
新街溪公園,桃園市中壢區,溪州街旁,24.959085,121.230141,False,中壢,104,1.0708625250272474,High Risk,Nearest AQI station (中壢) AQI: 104
五權兒童公園,桃園市中壢區,正光街,24.959108,121.20439,False,平鎮,106,0.7041531849290028,High Risk,Nearest AQI station (平鎮) AQI: 106
中壢區婦幼館,桃園市中壢區,正大街55號,24.959254,121.204444,False,平鎮,106,0.7206893630124344,High Risk,Nearest AQI station (平鎮) AQI: 106
中正公園,桃園市中壢區,中央里中美路,24.959449,121.22659,False,中壢,104,0.8468544115860225,High Risk,Nearest AQI station (中壢) AQI: 104
新北市坪林區坪林國小漁光校區,新北市坪林區,大舌湖35號,24.959584,121.746242,True,汐止,75,15.922288447517674,Medium Risk,"Nearest AQI station (汐止) AQI: 75, Indoor facility"
過嶺里兒一公園,桃園市中壢區,民族路5段.文中一南側,24.95967,121.173807,False,平鎮,106,3.137243488619497,High Risk,Nearest AQI station (平鎮) AQI: 106
中壢區社福館,桃園市中壢區,元化路159號,24.959848,121.228005,False,中壢,104,0.9705463900872521,High Risk,Nearest AQI station (中壢) AQI: 104
中壢區過嶺社區活動中心,桃園市中壢區,雙福路9號,24.959978,121.176781,True,平鎮,106,2.856821713022006,High Risk,Nearest AQI station (平鎮) AQI: 106
普忠公園,桃園市中壢區,普忠里中原大學運動場旁,24.960062,121.243726,False,中壢,104,2.348278298571695,High Risk,Nearest AQI station (中壢) AQI: 104
中壢區聯合長壽俱樂部〈松鶴會館〉,桃園市中壢區,元化路182-2號,24.960342,121.227251,False,中壢,104,0.9663729429537707,High Risk,Nearest AQI station (中壢) AQI: 104
中壢區德義、仁義、忠義、普義里集會所,桃園市中壢區,中華路二段369-1號,24.960534,121.237458,False,中壢,104,1.7847126118331036,High Risk,Nearest AQI station (中壢) AQI: 104
大湳公園,桃園市八德區,福國北街與中路街交匯地號︰大智段0897-0000號,24.9607,121.2951,False,桃園,103,3.9113882521145973,High Risk,Nearest AQI station (桃園) AQI: 103
頂城市民活動中心,新北市新店區,新北市新店區安康路一段9-1號,24.960733,121.532147,True,新店,68,1.919345395942575,Medium Risk,"Nearest AQI station (新店) AQI: 68, Indoor facility"
八德市綜合大樓三樓,桃園市八德區,大智里福國北街220號,24.9608,121.295,False,桃園,103,3.903230148840344,High Risk,Nearest AQI station (桃園) AQI: 103
永寧市民活動中心,新北市土城區,永寧路32巷10弄10號,24.961098,121.42864,True,土城,82,3.3402107276204815,Medium Risk,"Nearest AQI station (土城) AQI: 82, Indoor facility"
白馬公園,桃園市中壢區,白馬街與王子二街,24.961274,121.21328,False,中壢,104,1.226951568757209,High Risk,Nearest AQI station (中壢) AQI: 104
安坑國小,新北市新店區,新北市新店區安忠路36號,24.9613,121.5142,True,新店,68,2.9636512515043063,Medium Risk,"Nearest AQI station (新店) AQI: 68, Indoor facility"
中壢區中正、中山里集會所,桃園市中壢區,榮民路396號,24.96168,121.261501,False,中壢,104,4.122977904700469,High Risk,Nearest AQI station (中壢) AQI: 104
中路休閒公園,桃園市八德區,國豐街國際路88號旁,24.9619,121.2897,False,桃園,103,3.961136491454149,High Risk,Nearest AQI station (桃園) AQI: 103
坤慶公園,桃園市中壢區,忠孝里天晟醫院後方,24.961985,121.229855,False,中壢,104,1.2722895638545821,High Risk,Nearest AQI station (中壢) AQI: 104
中壢區光明、新明、永光里集會所,桃園市中壢區,新明路223號,24.962185,121.216903,False,中壢,104,1.1007150410085549,High Risk,Nearest AQI station (中壢) AQI: 104
夢幻公園,桃園市中壢區,榮民路以西,24.962219,121.261867,False,中壢,104,4.172787303102377,High Risk,Nearest AQI station (中壢) AQI: 104
土城國中,新北市土城區,永寧路18號,24.962522,121.430192,True,土城,82,3.1176135797584728,Medium Risk,"Nearest AQI station (土城) AQI: 82, Indoor facility"
公十五公園,桃園市八德區,永福西街與福國北街交匯地號︰大智段0753-0000號,24.963,121.2984,False,桃園,103,3.5883730162184144,High Risk,Nearest AQI station (桃園) AQI: 103
公二公園,桃園市八德區,永福西街與福國北街交匯地號︰大智段0418-0000號,24.963,121.2984,False,桃園,103,3.5883730162184144,High Risk,Nearest AQI station (桃園) AQI: 103
地標公園,桃園市中壢區,延平路普義路橋旁,24.963076,121.229788,False,中壢,104,1.3628030746493591,High Risk,Nearest AQI station (中壢) AQI: 104
平鎮區幼兒園平鎮分班,桃園市平鎮區,新光路3段186號,24.9633,121.2759,False,桃園,103,4.561280556933406,High Risk,Nearest AQI station (桃園) AQI: 103
大智里集會所,桃園市八德區,福國北街221號,24.9634,121.2968,False,桃園,103,3.5784746608846376,High Risk,Nearest AQI station (桃園) AQI: 103
六和兒童公園,桃園市中壢區,六合路九合二路口,24.963452,121.225114,False,中壢,104,1.1834637006919904,High Risk,Nearest AQI station (中壢) AQI: 104
光明公園,桃園市中壢區,光明里中壢高商旁,24.963517,121.216424,False,中壢,104,1.2552313367287007,High Risk,Nearest AQI station (中壢) AQI: 104
沛陂市民活動中心,新北市土城區,三民路23巷8弄9號,24.963872,121.419474,True,土城,82,3.8679160795022205,Medium Risk,"Nearest AQI station (土城) AQI: 82, Indoor facility"
廣豐兒一公園,桃園市八德區,大智路明智段0030-0000號,24.9641,121.2996,False,桃園,103,3.447082124512792,High Risk,Nearest AQI station (桃園) AQI: 103
茄苳埤塘公園,桃園市八德區,東泰街地號︰白鷺段0559-0000號,24.9643,121.2759,False,桃園,103,4.476698706066978,High Risk,Nearest AQI station (桃園) AQI: 103
茄白活動中心,桃園市八德區,永豐路170號,24.9649,121.2786,True,桃園,103,4.25104320409166,High Risk,Nearest AQI station (桃園) AQI: 103
桃園市中壢區公所,桃園市中壢區,環北路380號,24.965503,121.224923,False,中壢,104,1.3984255831013963,High Risk,Nearest AQI station (中壢) AQI: 104
高明公園,桃園市八德區,高城五街底地號︰高城段0818-0000號,24.9656,121.3047,False,桃園,103,3.2371084247567854,High Risk,Nearest AQI station (桃園) AQI: 103
大勇兒童公園,桃園市八德區,忠勇一街與忠勇六街地號︰同福段0551-0000號,24.9656,121.3047,False,桃園,103,3.2371084247567854,High Risk,Nearest AQI station (桃園) AQI: 103
君臨休閒廣場,桃園市八德區,忠勇一街與忠勇六街交匯地號︰同福段0620-0000號,24.9656,121.3047,False,桃園,103,3.2371084247567854,High Risk,Nearest AQI station (桃園) AQI: 103
大千公園,桃園市八德區,忠勇街與永福街交匯地號︰永福段0457-0000號,24.9657,121.3036,False,桃園,103,3.2289509598688726,High Risk,Nearest AQI station (桃園) AQI: 103
忠勇公園,桃園市八德區,忠勇街與東勇街一路交匯地號︰同福段0653-0000號,24.9657,121.3036,False,桃園,103,3.2289509598688726,High Risk,Nearest AQI station (桃園) AQI: 103
及人高中,新北市新店區,新北市新店區安興路1號,24.9663,121.5149,True,新店,68,2.6063471707018953,Medium Risk,"Nearest AQI station (新店) AQI: 68, Indoor facility"
五峰國中,新北市新店區,新北市新店區中興路一段253號,24.9664,121.544,True,新店,68,1.3569841791236519,Medium Risk,"Nearest AQI station (新店) AQI: 68, Indoor facility"
廣豐綠一公園,桃園市八德區,廣豐路地號︰大智段0630-0000號,24.9665,121.2967,False,桃園,103,3.2466628320690054,High Risk,Nearest AQI station (桃園) AQI: 103
廣豐公一公園,桃園市八德區,廣豐路地號︰明智段0025-0000號,24.9665,121.2967,False,桃園,103,3.2466628320690054,High Risk,Nearest AQI station (桃園) AQI: 103
大明公園二,桃園市八德區,興隆街23巷底地號︰大明段1099-0000號,24.9673,121.3264,False,桃園,103,3.7336360950222494,High Risk,Nearest AQI station (桃園) AQI: 103
中壢區自強、自治里集會所,桃園市中壢區,強國路46號,24.967453,121.259528,False,中壢,104,4.129392580757799,High Risk,Nearest AQI station (中壢) AQI: 104
永福環保公園,桃園市中壢區,中園路114巷,24.967528,121.236409,False,中壢,104,2.172397669687259,High Risk,Nearest AQI station (中壢) AQI: 104
自強公園,桃園市中壢區,自強國中旁，強國路以北,24.967876,121.259385,False,中壢,104,4.134305836900121,High Risk,Nearest AQI station (中壢) AQI: 104
中鑄公園,桃園市中壢區,中華路2段,24.968046,121.249815,False,中壢,104,3.278475895104104,High Risk,Nearest AQI station (中壢) AQI: 104
廣豐生態綠地公園,桃園市八德區,介壽路一段與廣豐路交匯地號︰大智段0011-1002號,24.9681,121.3014,False,桃園,103,2.981204779884819,High Risk,Nearest AQI station (桃園) AQI: 103
文化公園,桃園市平鎮區,文化街、復興街口,24.9684,121.2484,False,中壢,104,3.176480435026527,High Risk,Nearest AQI station (中壢) AQI: 104
大明公園一,桃園市八德區,興隆街與13巷交匯地號︰大明段1096-0000號,24.9687,121.3273,False,桃園,103,3.6626104421808154,High Risk,Nearest AQI station (桃園) AQI: 103
安康高中,新北市新店區,新北市新店區安興路25號,24.9688,121.5149,True,新店,68,2.488975572993961,Medium Risk,"Nearest AQI station (新店) AQI: 68, Indoor facility"
圳邊公園,桃園市八德區,大明街大圳邊地號︰前埕段0564-0000號,24.9691,121.2977,False,桃園,103,2.941429789992073,High Risk,Nearest AQI station (桃園) AQI: 103
大仁里集會所,桃園市八德區,桃鶯路南僑巷76號,24.9696,121.3264,False,桃園,103,3.527938821971386,High Risk,Nearest AQI station (桃園) AQI: 103
大仁休閒公園,桃園市八德區,和平路頂僑巷,24.9704,121.3237,False,桃園,103,3.2951274970526856,High Risk,Nearest AQI station (桃園) AQI: 103
中壢區水尾社區活動中心,桃園市中壢區,新生路598巷22號,24.970735,121.224783,True,中壢,104,1.9663811726096807,High Risk,Nearest AQI station (中壢) AQI: 104
大正休閒廣場,桃園市八德區,正福五街與正福二街口地號︰大福段0603-0000號,24.9714,121.2979,False,桃園,103,2.6891443861177984,High Risk,Nearest AQI station (桃園) AQI: 103
高明里集會所,桃園市八德區,永豐路572巷21號2樓,24.9716,121.2759,False,桃園,103,3.899936806568193,High Risk,Nearest AQI station (桃園) AQI: 103
中正國小,新北市新店區,新北市新店區三民路３６號,24.9717,121.5366,True,新店,68,0.6253940431377303,Medium Risk,"Nearest AQI station (新店) AQI: 68, Indoor facility"
崇光女中,新北市新店區,新北市新店區三民路18號,24.9718,121.5391,False,新店,68,0.6174494798574611,Warning,"Nearest AQI station (新店) AQI: 68, Outdoor facility"
土城國小,新北市土城區,興城路17號,24.972383,121.441935,True,土城,82,1.507825050323525,Medium Risk,"Nearest AQI station (土城) AQI: 82, Indoor facility"
土城區公所,新北市土城區,金城路1段101號7樓,24.972533,121.442873,False,土城,82,1.4338536469323002,Warning,"Nearest AQI station (土城) AQI: 82, Outdoor facility"
泰平里活動中心,新北市雙溪區,溪尾寮46號,24.9727,121.827,True,基隆,91,18.659535713945363,Medium Risk,"Nearest AQI station (基隆) AQI: 91, Indoor facility"
中壢區永福、忠福、幸福里集會所,桃園市中壢區,南園二路90號,24.972729,121.233494,False,中壢,104,2.469692678665339,High Risk,Nearest AQI station (中壢) AQI: 104
復興公園,桃園市中壢區,復華里內壢國中旁,24.973494,121.248762,False,中壢,104,3.5374374053278563,High Risk,Nearest AQI station (中壢) AQI: 104
思源公園,桃園市八德區,思源街與正福里交匯地號︰大福段0583-0000號,24.9735,121.2989,False,桃園,103,2.4374755059686604,High Risk,Nearest AQI station (桃園) AQI: 103
北新國小　,新北市新店區,新北市新店區寶橋路8號,24.9737,121.5439,True,新店,68,0.7308620067384651,Medium Risk,"Nearest AQI station (新店) AQI: 68, Indoor facility"
鴻撫宮,桃園市桃園區,桃園市鴻撫街3號,24.9738,121.2645,False,桃園,103,4.698228607683936,High Risk,Nearest AQI station (桃園) AQI: 103
清化市民活動中心,新北市土城區,青雲路368號4樓,24.973802,121.458661,True,土城,82,1.1879543703095141,Medium Risk,"Nearest AQI station (土城) AQI: 82, Indoor facility"
清和市民活動中心,新北市土城區,青雲路368號1樓,24.973802,121.458661,True,土城,82,1.1879543703095141,Medium Risk,"Nearest AQI station (土城) AQI: 82, Indoor facility"
中園路環保公園,桃園市中壢區,中園路,24.97388,121.235833,False,中壢,104,2.699481517294336,High Risk,Nearest AQI station (中壢) AQI: 104
元生公園,桃園市中壢區,文化路,24.974152,121.253145,False,中壢,104,3.9314825400825475,High Risk,Nearest AQI station (中壢) AQI: 104
松柏會老人文康活動中心,桃園市新屋區,2鄰29-5號,24.974502,121.026312,True,湖口,104,8.369777894196014,High Risk,Nearest AQI station (湖口) AQI: 104
中山社區活動中心,桃園市桃園區,國際路一段575號,24.975,121.2892,True,桃園,103,2.70949173324308,High Risk,Nearest AQI station (桃園) AQI: 103
新店高中,新北市新店區,新北市新店區中央路93號,24.9756,121.5318,True,新店,68,0.6289729737895426,Medium Risk,"Nearest AQI station (新店) AQI: 68, Indoor facility"
常樂公園,桃園市中壢區,元化路元生國小旁,24.975768,121.250826,False,中壢,104,3.8592666177862545,High Risk,Nearest AQI station (中壢) AQI: 104
山佳國小,新北市樹林區,中山路三段5號,24.975774,121.401678,True,新北（樹林）,86,3.491800354159673,Medium Risk,"Nearest AQI station (新北（樹林）) AQI: 86, Indoor facility"
福豐國中,桃園市桃園區,延平路326號,24.976,121.3139,True,桃園,103,2.2654605888287893,High Risk,Nearest AQI station (桃園) AQI: 103
耕莘健康管理專科學校,新北市新店區,新北市新店區民族路112號,24.9761,121.5355,False,新店,68,0.2613186870943839,Warning,"Nearest AQI station (新店) AQI: 68, Outdoor facility"
忠孝公園,桃園市中壢區,忠孝路元生二街旁,24.976276,121.254187,False,中壢,104,4.15766604316578,High Risk,Nearest AQI station (中壢) AQI: 104
指南國小,臺北市文山區,文山區指南路3段38巷5-2號,24.9764,121.5836,True,新店,68,4.6195712309620145,Medium Risk,"Nearest AQI station (新店) AQI: 68, Indoor facility"
中壢區中原、忠孝、和平里原住民集會所,桃園市中壢區,元生二街126號,24.976697,121.209151,False,平鎮,106,2.709282122523974,High Risk,Nearest AQI station (平鎮) AQI: 106
大豐社福館,新北市新店區,新北市新店區民族路110號,24.9769,121.5376,False,新店,68,0.040048509660954766,Warning,"Nearest AQI station (新店) AQI: 68, Outdoor facility"
中壢區復興、復華里集會所,桃園市中壢區,長樂街55號,24.977376,121.249838,False,中壢,104,3.904420640924154,High Risk,Nearest AQI station (中壢) AQI: 104
建國國中,桃園市桃園區,介新街20號,24.9774,121.3077,True,桃園,103,1.943928138113913,High Risk,Nearest AQI station (桃園) AQI: 103
大豐國小,新北市新店區,新北市新店區23143民族路108號,24.9776,121.5382,True,新店,68,0.059799186344272656,Medium Risk,"Nearest AQI station (新店) AQI: 68, Indoor facility"
成功公園,桃園市中壢區,福得里內壢高中旁,24.977663,121.257876,False,中壢,104,4.546983054032351,High Risk,Nearest AQI station (中壢) AQI: 104
大林社區活動中心,桃園市桃園區,大原路31號,24.9778,121.3202,True,桃園,103,2.4251112488098525,High Risk,Nearest AQI station (桃園) AQI: 103
甲蟲兒童公園（文化兒2）,桃園市中壢區,文化路以東、元生一街以北,24.977813,121.252899,False,中壢,104,4.165929319135083,High Risk,Nearest AQI station (中壢) AQI: 104
中壢區內壢、成功、福德里集會所,桃園市中壢區,光華三街10號,24.97792,121.258069,False,中壢,104,4.579652962305887,High Risk,Nearest AQI station (中壢) AQI: 104
員林市民活動中心,新北市土城區,員林街15號1樓,24.978282,121.442984,True,土城,82,1.0116655582042455,Medium Risk,"Nearest AQI station (土城) AQI: 82, Indoor facility"
霖園兒童公園,桃園市八德區,介壽路一段16底地號︰力行段0029-0000號,24.9784,121.3022,False,桃園,103,1.8355737199947564,High Risk,Nearest AQI station (桃園) AQI: 103
高城公園,桃園市八德區,高城六街與48巷交匯地號︰高明段0146-0000號,24.979,121.2754,False,桃園,103,3.457627146556474,High Risk,Nearest AQI station (桃園) AQI: 103
陽明社區活動中心,桃園市桃園區,陽明三街33號,24.9794,121.3072,True,桃園,103,1.7167817753660826,High Risk,Nearest AQI station (桃園) AQI: 103
中壢區文化里集會所,桃園市中壢區,文化路383-20號,24.979431,121.250258,False,中壢,104,4.094316508987977,High Risk,Nearest AQI station (中壢) AQI: 104
竹林中學,新北市中和區,中和區華新街143巷12號,24.9799,121.506,False,新店,68,3.216856782045405,Warning,"Nearest AQI station (新店) AQI: 68, Outdoor facility"
開明工商,新北市新店區,新北市新店區寶中路49號,24.98,121.5462,False,新店,68,0.9033456481383698,Warning,"Nearest AQI station (新店) AQI: 68, Outdoor facility"
華梵大學于藝館3樓,新北市石碇區,華梵路1號,24.98,121.6921,False,汐止,75,10.893320757438838,Warning,"Nearest AQI station (汐止) AQI: 75, Outdoor facility"
文化公園,桃園市中壢區,內壢文化路,24.980065,121.249202,False,中壢,104,4.071378030880955,High Risk,Nearest AQI station (中壢) AQI: 104
青山市民活動中心,新北市土城區,明德路1段74-1號1樓,24.98031,121.464447,True,土城,82,1.292321002872643,Medium Risk,"Nearest AQI station (土城) AQI: 82, Indoor facility"
永富市民活動中心,新北市土城區,明德路1段74-1號2樓,24.98031,121.464447,True,土城,82,1.292321002872643,Medium Risk,"Nearest AQI station (土城) AQI: 82, Indoor facility"
景美女中,臺北市文山區,文山區木新路3段312號,24.9807,121.5562,False,新店,68,1.8966751738070091,Warning,"Nearest AQI station (新店) AQI: 68, Outdoor facility"
延平公園,桃園市桃園區,桃園市延平路、大豐路口,24.9808,121.3186,False,桃園,103,2.066384150551335,High Risk,Nearest AQI station (桃園) AQI: 103
廷寮市民活動中心,新北市土城區,永豐路240-1號,24.980803,121.467199,True,土城,82,1.5577994766748346,Medium Risk,"Nearest AQI station (土城) AQI: 82, Indoor facility"
南強工商,新北市新店區,新北市新店區文化路42號,24.9809,121.5448,False,新店,68,0.8174390279632506,Warning,"Nearest AQI station (新店) AQI: 68, Outdoor facility"
力行國小,臺北市文山區,文山區木新路3段155巷7號,24.9809,121.561,True,新店,68,2.3760992067431355,Medium Risk,"Nearest AQI station (新店) AQI: 68, Indoor facility"
三角公園,桃園市中壢區,文化路,24.980978,121.249318,False,中壢,104,4.154057501039441,High Risk,Nearest AQI station (中壢) AQI: 104
陽明公園,桃園市桃園區,桃園市長沙街十一號,24.9811,121.3073,False,桃園,103,1.531009744433947,High Risk,Nearest AQI station (桃園) AQI: 103
大同國小,新北市樹林區,大同街43號,24.981493,121.417421,True,土城,82,3.4731692012181656,Medium Risk,"Nearest AQI station (土城) AQI: 82, Indoor facility"
東陽市民活動中心,新北市樹林區,鎮前街467號,24.981593,121.410902,True,土城,82,4.129629476393152,Medium Risk,"Nearest AQI station (土城) AQI: 82, Indoor facility"
彭福國小,新北市樹林區,忠孝街30號,24.981755,121.42394,True,土城,82,2.815510965048754,Medium Risk,"Nearest AQI station (土城) AQI: 82, Indoor facility"
清水高中,新北市土城區,明德路1段72號,24.982013,121.465311,True,土城,82,1.3568528210425834,Medium Risk,"Nearest AQI station (土城) AQI: 82, Indoor facility"
福林、豐林、福安、大豐里聯合集會所（陽明公園管理中心）,桃園市桃園區,介壽路199號,24.9821,121.3081,True,桃園,103,1.4365154377232017,High Risk,Nearest AQI station (桃園) AQI: 103
華夏科技大學,新北市中和區,中和區工專路111號,24.9822,121.5076,False,新店,68,3.0916996716825795,Warning,"Nearest AQI station (新店) AQI: 68, Outdoor facility"
"青雲,柑林市民活動中心",新北市土城區,清水路141巷18號B1,24.98237,121.458501,True,土城,82,0.6694842511808788,Medium Risk,"Nearest AQI station (土城) AQI: 82, Indoor facility"
裕德高中,新北市土城區,擺接堡路1號,24.982977,121.439585,True,土城,82,1.238316819724883,Medium Risk,"Nearest AQI station (土城) AQI: 82, Indoor facility"
新北高工,新北市土城區,學府路1段241號,24.983308,121.45038,False,土城,82,0.17263935184596801,Warning,"Nearest AQI station (土城) AQI: 82, Outdoor facility"
建國國小,桃園市桃園區,昆明路95號,24.9834,121.3144,True,桃園,103,1.574267395430106,High Risk,Nearest AQI station (桃園) AQI: 103
實踐國中,臺北市文山區,文山區辛亥路7段67號,24.9834,121.5547,True,新店,68,1.8387637432576123,Medium Risk,"Nearest AQI station (新店) AQI: 68, Indoor facility"
中正國中,新北市土城區,金城路2段247號,24.983456,121.456842,True,土城,82,0.5125338478401835,Medium Risk,"Nearest AQI station (土城) AQI: 82, Indoor facility"
樹林高級中學,新北市樹林區,中華路8號,24.983502,121.422804,False,土城,82,2.930678820987486,Warning,"Nearest AQI station (土城) AQI: 82, Outdoor facility"
實踐國小,臺北市文山區,文山區忠順街1段4號,24.9836,121.5575,True,新店,68,2.1105600468592556,Medium Risk,"Nearest AQI station (新店) AQI: 68, Indoor facility"
東昇市民活動中心,新北市樹林區,中山路二段80號2樓,24.984222,121.415159,True,土城,82,3.704004078937306,Medium Risk,"Nearest AQI station (土城) AQI: 82, Indoor facility"
清水國小,新北市土城區,金城路2段356號,24.984402,121.461508,True,土城,82,0.9944031070728088,Medium Risk,"Nearest AQI station (土城) AQI: 82, Indoor facility"
吉林公園,桃園市中壢區,忠工路341-1地號,24.984425,121.250192,False,中壢,104,4.501434328744373,High Risk,Nearest AQI station (中壢) AQI: 104
新和國小,新北市新店區,新店市安和路三段100號,24.9846,121.5182,True,新店,68,2.137059319925031,Medium Risk,"Nearest AQI station (新店) AQI: 68, Indoor facility"
北政國中,臺北市文山區,臺北市文山區指南路3段2巷14號,24.9849,121.5783,True,新店,68,4.17258521637705,Medium Risk,"Nearest AQI station (新店) AQI: 68, Indoor facility"
中山公園,桃園市中壢區,內定里吉林北路以東,24.985413,121.251276,False,中壢,104,4.655772136424982,High Risk,Nearest AQI station (中壢) AQI: 104
樂利國小,新北市土城區,裕生路65號,24.985602,121.447559,True,土城,82,0.5521264333083246,Medium Risk,"Nearest AQI station (土城) AQI: 82, Indoor facility"
莊敬工家,新北市新店區,新北市新店區民生路45號,24.9858,121.5322,False,新店,68,1.10719490971531,Warning,"Nearest AQI station (新店) AQI: 68, Outdoor facility"
西園路環保公園,桃園市中壢區,永福里社區.新街溪綠地,24.985901,121.236845,False,中壢,104,3.936959380774739,High Risk,Nearest AQI station (中壢) AQI: 104
廣興市民活動中心,新北市土城區,學府路一段99巷底2樓,24.985909,121.457766,True,土城,82,0.7039588930550479,Medium Risk,"Nearest AQI station (土城) AQI: 82, Indoor facility"
廣福市民活動中心,新北市土城區,學府路一段99巷底1樓,24.985909,121.457766,True,土城,82,0.7039588930550479,Medium Risk,"Nearest AQI station (土城) AQI: 82, Indoor facility"
育林國小,新北市樹林區,復興路395號,24.986051,121.415677,True,土城,82,3.6679538569720904,Medium Risk,"Nearest AQI station (土城) AQI: 82, Indoor facility"
育林國中,新北市樹林區,復興路395號,24.986051,121.415677,True,土城,82,3.6679538569720904,Medium Risk,"Nearest AQI station (土城) AQI: 82, Indoor facility"
中和國中,新北市中和區,中和區興南路2段3巷17號,24.9862,121.5085,True,新店,68,3.1152719859510527,Medium Risk,"Nearest AQI station (新店) AQI: 68, Indoor facility"
中山國小,桃園市桃園區,國際路一段1070號,24.9864,121.2902,True,桃園,103,1.7551288258525595,High Risk,Nearest AQI station (桃園) AQI: 103
中山、中平、中原、中泰、中聖五里聯合集會所,桃園市桃園區,中平路118號,24.9867,121.2928,False,桃園,103,1.5187473648143501,High Risk,Nearest AQI station (桃園) AQI: 103
興南國小,新北市中和區,中和區興南路1段135巷24號,24.9867,121.5091,True,新店,68,3.0766408198372397,Medium Risk,"Nearest AQI station (新店) AQI: 68, Indoor facility"
廣福國小,新北市土城區,學府路1段127號,24.986953,121.454896,True,土城,82,0.579373021060181,Medium Risk,"Nearest AQI station (土城) AQI: 82, Indoor facility"
建國、雲林里聯合集會所建國公園管理中心,桃園市桃園區,建成街88號一、二樓,24.987,121.3155,True,桃園,103,1.3615611264551122,High Risk,Nearest AQI station (桃園) AQI: 103
市二簡易公園,桃園市桃園區,桃園市泰昌三街、宏昌七街口,24.9871,121.2931,False,桃園,103,1.468284238474906,High Risk,Nearest AQI station (桃園) AQI: 103
溪洲國小,新北市板橋區,金門街289號,24.9873,121.4309,True,土城,82,2.178260243788659,Medium Risk,"Nearest AQI station (土城) AQI: 82, Indoor facility"
明道國小,臺北市文山區,文山區木柵路2段138巷61號,24.9874,121.5626,True,新店,68,2.7459161221542887,Medium Risk,"Nearest AQI station (新店) AQI: 68, Indoor facility"
木柵國中,臺北市文山區,文山區木柵路3段102巷12號,24.9875,121.5677,True,新店,68,3.2251583284739427,Medium Risk,"Nearest AQI station (新店) AQI: 68, Indoor facility"
兔坑社區活動中心,桃園市龜山區,大同路918號,24.987578,121.35073,True,桃園,103,4.676073576890481,High Risk,Nearest AQI station (桃園) AQI: 103
永建國小,臺北市文山區,文山區試院路2號,24.9876,121.55,True,新店,68,1.6879506269730973,Medium Risk,"Nearest AQI station (新店) AQI: 68, Indoor facility"
幸福社區活動中心,桃園市龜山區,幸福一街38號1樓,24.988014,121.33609,True,桃園,103,3.220116871868309,High Risk,Nearest AQI station (桃園) AQI: 103
龍岡公園,桃園市桃園區,桃園市國強七街、國豐二街口,24.9882,121.2782,False,桃園,103,2.796862934018939,High Risk,Nearest AQI station (桃園) AQI: 103
南門國小,桃園市桃園區,復興路303號,24.9886,121.3044,True,桃園,103,0.6822119509654874,High Risk,Nearest AQI station (桃園) AQI: 103
山福集會所,桃園市龜山區,中興路152號,24.988719,121.331807,False,桃園,103,2.782123555596631,High Risk,Nearest AQI station (桃園) AQI: 103
建國公園,桃園市桃園區,桃園市桃鶯路、大林路口,24.9888,121.3173,False,桃園,103,1.4026191303061952,High Risk,Nearest AQI station (桃園) AQI: 103
安和國小,新北市土城區,延和路23號,24.988807,121.464774,True,土城,82,1.476933041893365,Medium Risk,"Nearest AQI station (土城) AQI: 82, Indoor facility"
龍祥公園,桃園市桃園區,龍城五街邊,24.9889,121.3111,False,桃園,103,0.8914975058991774,High Risk,Nearest AQI station (桃園) AQI: 103
汴洲社區活動中心,桃園市桃園區,水汴一路112號,24.9889,121.3111,True,桃園,103,0.8914975058991774,High Risk,Nearest AQI station (桃園) AQI: 103
溫州公園,桃園市桃園區,桃園市溫洲街、蓮華街口,24.9889,121.3111,False,桃園,103,0.8914975058991774,High Risk,Nearest AQI station (桃園) AQI: 103
景新國小,新北市中和區,中和區景新街467巷37號,24.9893,121.515,True,新店,68,2.659776831555918,Medium Risk,"Nearest AQI station (新店) AQI: 68, Indoor facility"
龍岡社區活動中心,桃園市桃園區,國豐二街6號,24.9895,121.2805,True,桃園,103,2.5367804564057113,High Risk,Nearest AQI station (桃園) AQI: 103
景美國小,臺北市文山區,文山區景文街108號,24.9895,121.5408,True,新店,68,1.398815740399122,Medium Risk,"Nearest AQI station (新店) AQI: 68, Indoor facility"
復興國小,新北市中和區,中和區復興路301巷6號,24.9896,121.5019,True,永和,78,3.374939174205721,Medium Risk,"Nearest AQI station (永和) AQI: 78, Indoor facility"
行政中心大禮堂,臺北市文山區,臺北市木柵路3段220號10樓,24.9896,121.5701,False,新店,68,3.5365689934415907,Warning,"Nearest AQI station (新店) AQI: 68, Outdoor facility"
沙崙國小,新北市板橋區,篤行路二段132號,24.9897,121.4305,True,土城,82,2.2958937686954908,Medium Risk,"Nearest AQI station (土城) AQI: 82, Indoor facility"
復興大樓圖書館,新北市中和區,南山路236號6樓,24.9897,121.5065,True,永和,78,3.192415788223304,Medium Risk,"Nearest AQI station (永和) AQI: 78, Indoor facility"
大同社區活動中心,桃園市龜山區,明德路203巷10號,24.989757,121.343269,True,桃園,103,3.8954774434820285,High Risk,Nearest AQI station (桃園) AQI: 103
中壢區內厝活動中心,桃園市中壢區,月眉路1段2號,24.989775,121.179172,True,平鎮,106,4.813832449973073,High Risk,Nearest AQI station (平鎮) AQI: 106
山德社區活動中心,桃園市龜山區,頂興路2巷14號,24.989945,121.328351,True,桃園,103,2.4117891640708526,High Risk,Nearest AQI station (桃園) AQI: 103
樹林區公所,新北市樹林區,鎮前街93號,24.989981,121.424633,False,土城,82,2.8666630218481566,Warning,"Nearest AQI station (土城) AQI: 82, Outdoor facility"
樹林國小,新北市樹林區,育英街176號,24.99003,121.418101,True,土城,82,3.503368075593948,Medium Risk,"Nearest AQI station (土城) AQI: 82, Indoor facility"
錦和國小,新北市中和區,中和區圓通路292號,24.9901,121.4893,True,土城,82,3.866197905172378,Medium Risk,"Nearest AQI station (土城) AQI: 82, Indoor facility"
木柵國小,臺北市文山區,文山區木柵路3段191號,24.9903,121.5702,True,新店,68,3.57677971716828,Medium Risk,"Nearest AQI station (新店) AQI: 68, Indoor facility"
石碇國小,新北市石碇區,石碇西街15號,24.9903,121.659,True,汐止,75,8.640738747845544,Medium Risk,"Nearest AQI station (汐止) AQI: 75, Indoor facility"
萬興國小,臺北市文山區,文山區秀明路2段114號,24.9904,121.5766,True,新店,68,4.178248432675284,Medium Risk,"Nearest AQI station (新店) AQI: 68, Indoor facility"
信義國小,新北市板橋區,四川路二段245巷60號,24.9917,121.4528,True,土城,82,1.024261466871879,Medium Risk,"Nearest AQI station (土城) AQI: 82, Indoor facility"
國強公園,桃園市桃園區,國強一街、益壽一街口,24.992,121.2827,False,桃園,103,2.268097312662938,High Risk,Nearest AQI station (桃園) AQI: 103
桃園國小,桃園市桃園區,民權路67號,24.9923,121.3102,True,桃園,103,0.5881672271453613,High Risk,Nearest AQI station (桃園) AQI: 103
錦和中學,新北市中和區,中和區錦和路163號,24.9925,121.4911,False,永和,78,3.7247412140759173,Warning,"Nearest AQI station (永和) AQI: 78, Outdoor facility"
龜山區公所本所（三樓禮堂）,桃園市龜山區,中山街26號,24.992506,121.337823,False,桃園,103,3.3165077400635457,High Risk,Nearest AQI station (桃園) AQI: 103
民族公園,桃園市桃園區,民族路與三民路三段口,24.9926,121.3086,False,桃園,103,0.43166027860292777,High Risk,Nearest AQI station (桃園) AQI: 103
市中心區聯合里集會所文明、文昌、文化、南華里,桃園市桃園區,民族路110號三、四樓,24.9926,121.3091,False,桃園,103,0.4747432788485326,High Risk,Nearest AQI station (桃園) AQI: 103
景美國中,臺北市文山區,文山區景中街27號,24.993,121.5429,True,新店,68,1.8288089882589709,Medium Risk,"Nearest AQI station (新店) AQI: 68, Indoor facility"
長青學苑,桃園市桃園區,民權路24號7樓,24.9934,121.3105,False,桃園,103,0.5726219384020645,High Risk,Nearest AQI station (桃園) AQI: 103
桃園市公所禮堂,桃園市桃園區,縣府路7號,24.9939,121.3015,False,桃園,103,0.3645904861855448,High Risk,Nearest AQI station (桃園) AQI: 103
中和高中,新北市中和區,中和區連城路460號,24.994,121.4783,True,板橋,92,2.8921988654604136,Medium Risk,"Nearest AQI station (板橋) AQI: 92, Indoor facility"
溪口國小,臺北市文山區,文山區景福街225號,24.9941,121.5387,True,新店,68,1.8790472030652636,Medium Risk,"Nearest AQI station (新店) AQI: 68, Indoor facility"
龜山社區活動中心,桃園市龜山區,中興路一段50號,24.994116,121.338374,True,桃園,103,3.363593693745501,High Risk,Nearest AQI station (桃園) AQI: 103
秀山國小,新北市中和區,中和區立人街2號,24.9942,121.5212,True,新店,68,2.5210827829937075,Medium Risk,"Nearest AQI station (新店) AQI: 68, Indoor facility"
重慶國小,新北市板橋區,廣和街31號,24.9945,121.4624,True,土城,82,1.7030564842910594,Medium Risk,"Nearest AQI station (土城) AQI: 82, Indoor facility"
新路社區活動中心,桃園市龜山區,永安街77號,24.994912,121.334421,True,桃園,103,2.9646295945166816,High Risk,Nearest AQI station (桃園) AQI: 103
壽山高級中學,桃園市龜山區,大同路23號,24.994986,121.341548,False,桃園,103,3.6829379815514534,High Risk,Nearest AQI station (桃園) AQI: 103
東門國小,桃園市桃園區,東國街14號,24.9952,121.3149,True,桃園,103,0.9986795627364126,High Risk,Nearest AQI station (桃園) AQI: 103
景華公園,臺北市文山區,臺北市文山區景興路與景華街交叉口,24.9956,121.5446,False,新店,68,2.1561116204945487,Warning,"Nearest AQI station (新店) AQI: 68, Outdoor facility"
智光商工,新北市永和區,永和區智光里中正路100號,24.9957,121.5143,False,永和,78,2.377062965115368,Warning,"Nearest AQI station (永和) AQI: 78, Outdoor facility"
中壢市芭里社區活動中心,桃園市中壢區,啟文路175號,24.995705,121.203831,True,平鎮,106,4.772400630793525,High Risk,Nearest AQI station (平鎮) AQI: 106
桃園國中,桃園市桃園區,莒光街2號,24.9958,121.3048,True,桃園,103,0.12287923470301125,High Risk,Nearest AQI station (桃園) AQI: 103
木柵高工,臺北市文山區,文山區木柵路4段77號,24.9959,121.5719,False,新店,68,4.017561447645996,Warning,"Nearest AQI station (新店) AQI: 68, Outdoor facility"
景興國小,臺北市文山區,文山區景華街150巷21號,24.9961,121.5482,True,新店,68,2.34728373985938,Medium Risk,"Nearest AQI station (新店) AQI: 68, Indoor facility"
景興國中,臺北市文山區,文山區景興路46巷2號,24.9962,121.5443,True,新店,68,2.2102666314739543,Medium Risk,"Nearest AQI station (新店) AQI: 68, Indoor facility"
臺北市文山運動中心,臺北市文山區,興隆路三段222號,24.9962,121.5443,False,新店,68,2.2102666314739543,Warning,"Nearest AQI station (新店) AQI: 68, Outdoor facility"
嶺頂社區活動中心,桃園市龜山區,西嶺頂24號,24.996761,121.342294,True,桃園,103,3.7648754066005083,High Risk,Nearest AQI station (桃園) AQI: 103
自強國小,桃園市龜山區,自強東路269號,24.997386,121.345413,True,桃園,103,4.083140716632502,High Risk,Nearest AQI station (桃園) AQI: 103
三民里集會所,桃園市桃園區,中山東路128號,24.9976,121.3207,False,桃園,103,1.6140093677324474,High Risk,Nearest AQI station (桃園) AQI: 103
文林國小,新北市樹林區,千歲街59號,24.997757,121.426072,True,土城,82,3.1021123148619942,Medium Risk,"Nearest AQI station (土城) AQI: 82, Indoor facility"
龜山國中,桃園市龜山區,自強西路66號,24.997776,121.338533,True,桃園,103,3.396065304493364,High Risk,Nearest AQI station (桃園) AQI: 103
北門、朝陽二里聯合活動中心,桃園市桃園區,朝陽街63號,24.9978,121.3129,True,桃園,103,0.8666158495456037,High Risk,Nearest AQI station (桃園) AQI: 103
民權市民活動中心,新北市永和區,永和區民族里民權路60號,24.998,121.5199,True,永和,78,2.1435212842241667,Medium Risk,"Nearest AQI station (永和) AQI: 78, Indoor facility"
青溪、成功、東門里集會所,桃園市桃園區,鎮撫街41號,24.9981,121.3145,False,桃園,103,1.0284156038976278,High Risk,Nearest AQI station (桃園) AQI: 103
重慶國中,新北市板橋區,國慶路221號,24.9982,121.4632,True,板橋,92,1.7049069672472916,Medium Risk,"Nearest AQI station (板橋) AQI: 92, Indoor facility"
中和區公所,新北市中和區,中和區景平路634之2號,24.9982,121.5002,False,永和,78,2.646546349941834,Warning,"Nearest AQI station (永和) AQI: 78, Outdoor facility"
成功國小,桃園市桃園區,三民路3段22號,24.9983,121.3078,True,桃園,103,0.4884833122008907,High Risk,Nearest AQI station (桃園) AQI: 103
阿柔市民活動中心,新北市深坑區,阿柔里阿柔洋62號,24.9983,121.6072,True,松山,76,6.430083012713728,Medium Risk,"Nearest AQI station (松山) AQI: 76, Indoor facility"
溪崑國中,新北市板橋區,大觀路三段50巷30號,24.9984,121.4313,True,土城,82,2.7219427433750774,Medium Risk,"Nearest AQI station (土城) AQI: 82, Indoor facility"
自強國小,新北市中和區,中和區莒光路200號,24.9985,121.4719,True,板橋,92,2.089936678268187,Medium Risk,"Nearest AQI station (板橋) AQI: 92, Indoor facility"
志清國小,臺北市文山區,文山區景福街21巷5號,24.9987,121.5388,True,新店,68,2.3904648626125415,Medium Risk,"Nearest AQI station (新店) AQI: 68, Indoor facility"
自強國中,新北市中和區,中和區莒光路191號,24.9988,121.4726,True,板橋,92,2.110613987747883,Medium Risk,"Nearest AQI station (板橋) AQI: 92, Indoor facility"
興華國小,臺北市文山區,臺北市文山區興隆路3段125巷6號,24.9988,121.5587,True,新店,68,3.1942743605192616,Medium Risk,"Nearest AQI station (新店) AQI: 68, Indoor facility"
積穗國小,新北市中和區,中和區員山路154號,24.9991,121.4814,True,板橋,92,2.7617520232671726,Medium Risk,"Nearest AQI station (板橋) AQI: 92, Indoor facility"
青溪國小,桃園市桃園區,自強路80號,24.9997,121.3182,True,桃園,103,1.4408397828558643,High Risk,Nearest AQI station (桃園) AQI: 103
秀朗國小,新北市永和區,永和區民權里得和路202號,24.9997,121.5214,True,永和,78,1.990983325174733,Medium Risk,"Nearest AQI station (永和) AQI: 78, Indoor facility"
中和國小,新北市中和區,中和區中和路100號,24.9999,121.5016,True,永和,78,2.4107138885009047,Medium Risk,"Nearest AQI station (永和) AQI: 78, Indoor facility"
積穗國中,新北市中和區,中和區民安街66號,25.0004,121.4798,True,板橋,92,2.547438536499246,Medium Risk,"Nearest AQI station (板橋) AQI: 92, Indoor facility"
萬芳高中,臺北市文山區,文山區興隆路3段115巷1號,25.0005,121.5588,True,新店,68,3.3449628054330725,Medium Risk,"Nearest AQI station (新店) AQI: 68, Indoor facility"
萬順市民活動中心,新北市深坑區,萬順里北深路3段107巷26號,25.0008,121.6041,True,松山,76,6.04359499139426,Medium Risk,"Nearest AQI station (松山) AQI: 76, Indoor facility"
公十五公園,桃園市中壢區,領航南路一段與文德路,25.000969,121.207661,False,平鎮,106,5.370495208291641,High Risk,Nearest AQI station (平鎮) AQI: 106
永安、長安、長德三里聯合活動中心（永康公園管理中心）,桃園市桃園區,中正五街315號,25.001,121.3033,True,桃園,103,0.7201454121202178,High Risk,Nearest AQI station (桃園) AQI: 103
三民公園、青溪公園,桃園市桃園區,桃園市三民路、三元街、自強路口,25.0013,121.3171,False,桃園,103,1.4221544849399002,High Risk,Nearest AQI station (桃園) AQI: 103
鶴齡交誼中心,新北市中和區,廟美街6巷3號2、4樓,25.0014,121.5011,False,永和,78,2.314501041054108,Warning,"Nearest AQI station (永和) AQI: 78, Outdoor facility"
南山高中,新北市中和區,中和區廣福路41號,25.0016,121.5034,True,永和,78,2.1502770414588954,Medium Risk,"Nearest AQI station (永和) AQI: 78, Indoor facility"
興德國小,臺北市文山區,文山區興隆路2段235號,25.0017,121.5508,True,古亭,75,3.0005047141497685,Medium Risk,"Nearest AQI station (古亭) AQI: 75, Indoor facility"
深坑國中,新北市深坑區,深坑里文化路41號,25.0017,121.6183,True,松山,76,6.695946223080619,Medium Risk,"Nearest AQI station (松山) AQI: 76, Indoor facility"
深坑國小,新北市深坑區,深坑里文化路45號,25.0018,121.6169,True,松山,76,6.603644137109528,Medium Risk,"Nearest AQI station (松山) AQI: 76, Indoor facility"
萬芳國小,臺北市文山區,文山區萬和街1號,25.0019,121.5673,True,新店,68,4.047571410874084,Medium Risk,"Nearest AQI station (新店) AQI: 68, Indoor facility"
武林國小,新北市樹林區,保安街二段151號,25.002028,121.415438,True,土城,82,4.263389003830007,Medium Risk,"Nearest AQI station (土城) AQI: 82, Indoor facility"
博嘉國小,臺北市文山區,文山區木柵路4段159巷14之1號,25.0021,121.5758,True,新店,68,4.726217468246002,Medium Risk,"Nearest AQI station (新店) AQI: 68, Indoor facility"
精忠集會所,桃園市龜山區,光峰路141號,25.002285,121.343353,False,桃園,103,3.9553152426640827,High Risk,Nearest AQI station (桃園) AQI: 103
中山國小,新北市板橋區,大觀路二段59巷31號,25.0023,121.4477,True,板橋,92,1.6215885044727987,Medium Risk,"Nearest AQI station (板橋) AQI: 92, Indoor facility"
興隆國小,臺北市文山區,文山區福興路2號,25.0024,121.5519,True,古亭,75,3.0279725524619305,Medium Risk,"Nearest AQI station (古亭) AQI: 75, Indoor facility"
深坑市民活動中心,新北市深坑區,深坑里北深路2段166號,25.0025,121.6147,True,松山,76,6.412380123887247,Medium Risk,"Nearest AQI station (松山) AQI: 76, Indoor facility"
深坑區公所,新北市深坑區,深坑里深坑街10號,25.0025,121.616,False,松山,76,6.487550883415676,Warning,"Nearest AQI station (松山) AQI: 76, Outdoor facility"
漳和國中,新北市中和區,中和區廣福路39號,25.0027,121.5055,True,永和,78,1.9271991942837967,Medium Risk,"Nearest AQI station (永和) AQI: 78, Indoor facility"
興德里營區,臺北市文山區,興德路55號,25.0029,121.5571,False,古亭,75,3.4030415433110868,Warning,"Nearest AQI station (古亭) AQI: 75, Outdoor facility"
永康公園,桃園市桃園區,桃園市中正五街、永康街口,25.0032,121.3018,False,桃園,103,0.9977064659138083,High Risk,Nearest AQI station (桃園) AQI: 103
後埔國小,新北市板橋區,重慶路157號,25.0033,121.4627,True,板橋,92,1.149703157106664,Medium Risk,"Nearest AQI station (板橋) AQI: 92, Indoor facility"
復興商工,新北市永和區,永和區得和里秀朗路一段201號,25.0035,121.5186,False,永和,78,1.5188258714897753,Warning,"Nearest AQI station (永和) AQI: 78, Outdoor facility"
永和國小,新北市永和區,永和區潭墘里秀朗路一段120號,25.0036,121.517,True,永和,78,1.4916522620831179,Medium Risk,"Nearest AQI station (永和) AQI: 78, Indoor facility"
武功國小,臺北市文山區,臺北市文山區興隆路1段68號,25.0039,121.5405,True,古亭,75,2.1604945491150387,Medium Risk,"Nearest AQI station (古亭) AQI: 75, Indoor facility"
公十三公園及兒增二,桃園市中壢區,高鐵南路二段與文德路,25.003951,121.205639,False,平鎮,106,5.691727573595019,High Risk,Nearest AQI station (平鎮) AQI: 106
福和國中,新北市永和區,永和區秀和里永利路71號,25.004,121.5209,True,永和,78,1.5178511455648696,Medium Risk,"Nearest AQI station (永和) AQI: 78, Indoor facility"
公八公園,桃園市中壢區,領航南路3段與青松路,25.004304,121.214921,False,中壢,104,5.714430488715333,High Risk,Nearest AQI station (中壢) AQI: 104
東南科技大學,新北市深坑區,萬福里北深路3段152號,25.0044,121.6047,False,松山,76,5.711331740558193,Warning,"Nearest AQI station (松山) AQI: 76, Outdoor facility"
兒六兒童遊樂場,桃園市中壢區,青埔六街與青埔十一街,25.004761,121.216768,False,中壢,104,5.745905314734416,High Risk,Nearest AQI station (中壢) AQI: 104
忠孝國中,新北市板橋區,成都街30號,25.0048,121.4616,True,板橋,92,0.9555429318393828,Medium Risk,"Nearest AQI station (板橋) AQI: 92, Indoor facility"
萬福國小,臺北市文山區,文山區羅斯福路5段170巷32號,25.0048,121.5367,True,古亭,75,1.899466653447022,Medium Risk,"Nearest AQI station (古亭) AQI: 75, Indoor facility"
興福國中,臺北市文山區,文山區福興路80號,25.0049,121.5497,True,古亭,75,2.6778772833664743,Medium Risk,"Nearest AQI station (古亭) AQI: 75, Indoor facility"
昇高市民活動中心,新北市深坑區,昇高里旺耽路25號,25.0049,121.6287,True,汐止,75,6.928956343852046,Medium Risk,"Nearest AQI station (汐止) AQI: 75, Indoor facility"
實踐國小,新北市板橋區,實踐路93巷51號,25.005,121.4664,True,板橋,92,1.1802615451511251,Medium Risk,"Nearest AQI station (板橋) AQI: 92, Indoor facility"
東勢市民活動中心,新北市平溪區,竿蓁林62-1號,25.0052,121.7508,True,汐止,75,12.994666026213022,Medium Risk,"Nearest AQI station (汐止) AQI: 75, Indoor facility"
嶺腳市民活動中心,新北市平溪區,嶺腳寮14號,25.0052,121.7508,True,汐止,75,12.994666026213022,Medium Risk,"Nearest AQI station (汐止) AQI: 75, Indoor facility"
兒十四兒童公園,桃園市中壢區,高鐵南路二段與公園路一段,25.00591,121.20791,False,平鎮,106,5.920345437075232,High Risk,Nearest AQI station (平鎮) AQI: 106
直潭派出所,新北市新店區,新北市新店區直潭十街2號,25.005939,121.456585,False,板橋,92,0.8096873450485936,Warning,"Nearest AQI station (板橋) AQI: 92, Outdoor facility"
山北市民活動中心,新北市中和區,莊敬路49巷29弄2號,25.0061,121.5016,True,永和,78,1.9144153399855102,Medium Risk,"Nearest AQI station (永和) AQI: 78, Indoor facility"
德林寺停車場,桃園市蘆竹區,龍安街985號,25.00618693,121.258501,False,桃園,103,4.8571680831665445,High Risk,Nearest AQI station (桃園) AQI: 103
辛亥國小,臺北市文山區,文山區辛亥路4段103號,25.0063,121.5585,True,古亭,75,3.322282251113848,Medium Risk,"Nearest AQI station (古亭) AQI: 75, Indoor facility"
三多國中,新北市樹林區,三多路101號,25.006414,121.414672,True,新莊,92,3.942142966024794,Medium Risk,"Nearest AQI station (新莊) AQI: 92, Indoor facility"
永和國中,新北市永和區,永和區秀和里國中路111號,25.0067,121.5233,True,永和,78,1.3447764626519092,Medium Risk,"Nearest AQI station (永和) AQI: 78, Indoor facility"
保生國民小學,桃園市觀音區,觀音鄉保生村十四鄰五號,25.006913,121.07162,False,觀音,103,3.3805444957804016,High Risk,Nearest AQI station (觀音) AQI: 103
育才國小,新北市永和區,永和區永貞里福和路125巷20號,25.0071,121.5216,True,永和,78,1.2232767338591035,Medium Risk,"Nearest AQI station (永和) AQI: 78, Indoor facility"
北門國小,桃園市桃園區,正康三街139號,25.0072,121.307,True,桃園,103,1.4032196863732225,High Risk,Nearest AQI station (桃園) AQI: 103
大業國小,桃園市桃園區,大業路一段135號,25.0074,121.3158,True,桃園,103,1.7816532230319115,High Risk,Nearest AQI station (桃園) AQI: 103
永定國小,新北市石碇區,靜安路一段245號,25.0078,121.688,True,汐止,75,8.051686880265743,Medium Risk,"Nearest AQI station (汐止) AQI: 75, Indoor facility"
永平國小,新北市永和區,永和區保安里保生路25號,25.0081,121.5057,True,永和,78,1.4565577908154188,Medium Risk,"Nearest AQI station (永和) AQI: 78, Indoor facility"
大觀國小,新北市板橋區,大觀路一段30號,25.0086,121.4493,True,板橋,92,1.0617304045325764,Medium Risk,"Nearest AQI station (板橋) AQI: 92, Indoor facility"
三元、忠義里集會所,桃園市桃園區,三元街289號,25.0087,121.3234,False,桃園,103,2.419923004012933,High Risk,Nearest AQI station (桃園) AQI: 103
中壢區洽溪社區活動中心,桃園市中壢區,民權路4段546號,25.008748,121.202022,True,大園,108,5.810766322350219,High Risk,Nearest AQI station (大園) AQI: 108
公十一公園,桃園市中壢區,洽溪路與永興路,25.008888,121.207384,False,大園,108,5.815714312525267,High Risk,Nearest AQI station (大園) AQI: 108
大有國小,桃園市桃園區,大有路220號,25.0089,121.3205,True,桃園,103,2.219822596352267,High Risk,Nearest AQI station (桃園) AQI: 103
大有國中,桃園市桃園區,大有路215號,25.0093,121.3196,True,桃園,103,2.1897297327221157,High Risk,Nearest AQI station (桃園) AQI: 103
土庫第1市民活動中心,新北市深坑區,土庫里北深路1段83巷8弄36號,25.01,121.6346,True,汐止,75,6.284819727805501,Medium Risk,"Nearest AQI station (汐止) AQI: 75, Indoor facility"
石碇綜合活動大樓,新北市石碇區,楓子林32-1號,25.0101,121.6423,False,汐止,75,6.2442877514407416,Warning,"Nearest AQI station (汐止) AQI: 75, Outdoor facility"
海山高中,新北市板橋區,漢生東路215號,25.0102,121.4709,True,板橋,92,1.2706390459848578,Medium Risk,"Nearest AQI station (板橋) AQI: 92, Indoor facility"
中壢區月眉社區活動中心,桃園市中壢區,11鄰135-1號,25.01027,121.184493,True,大園,108,5.926298213206636,High Risk,Nearest AQI station (大園) AQI: 108
龍壽國小,桃園市龜山區,龍校街30號,25.010772,121.387488,True,新莊,92,5.451261584857516,Medium Risk,"Nearest AQI station (新莊) AQI: 92, Indoor facility"
板橋國小,新北市板橋區,文化路一段23號,25.0108,121.4582,True,板橋,92,0.24605722025281132,Medium Risk,"Nearest AQI station (板橋) AQI: 92, Indoor facility"
永平高中,新北市永和區,永和區保安里永平路205號,25.0108,121.5086,True,永和,78,1.038380394991059,Medium Risk,"Nearest AQI station (永和) AQI: 78, Indoor facility"
大觀國中,新北市板橋區,僑中一街1號,25.0112,121.4485,True,板橋,92,1.0432728601669037,Medium Risk,"Nearest AQI station (板橋) AQI: 92, Indoor facility"
民族國中,臺北市大安區,大安區羅斯福路4段113巷13號,25.0112,121.5388,True,古亭,75,1.4007103212131535,Medium Risk,"Nearest AQI station (古亭) AQI: 75, Indoor facility"
臺北市大安運動中心,臺北市大安區,辛亥路三段55號,25.0112,121.5388,False,古亭,75,1.4007103212131535,Warning,"Nearest AQI station (古亭) AQI: 75, Outdoor facility"
板橋高中,新北市板橋區,文化路一段25號,25.0117,121.4591,True,板橋,92,0.1480169199420556,Medium Risk,"Nearest AQI station (板橋) AQI: 92, Indoor facility"
會稽國小,桃園市桃園區,春日路1080號,25.0118,121.3086,True,桃園,103,1.9344641669722957,High Risk,Nearest AQI station (桃園) AQI: 103
公館國小,臺北市大安區,臺北市大安區基隆路4段41巷68弄2號,25.0124,121.5429,True,古亭,75,1.6250873670851307,Medium Risk,"Nearest AQI station (古亭) AQI: 75, Indoor facility"
石碇高中,新北市石碇區,八分寮45號,25.0127,121.6426,True,汐止,75,5.956106954334877,Medium Risk,"Nearest AQI station (汐止) AQI: 75, Indoor facility"
網溪國小,新北市永和區,永和區上林里竹林路79號,25.0129,121.5193,True,永和,78,0.5466812538965167,Medium Risk,"Nearest AQI station (永和) AQI: 78, Indoor facility"
公十公園,桃園市中壢區,永春路與永溪路,25.01304,121.20699,False,大園,108,5.352329459485399,High Risk,Nearest AQI station (大園) AQI: 108
民生公園市民活動中心,新北市板橋區,民生路一段30之1號,25.0137,121.4768,True,板橋,92,1.828980114334363,Medium Risk,"Nearest AQI station (板橋) AQI: 92, Indoor facility"
臺北市中正運動中心,臺北市中正區,信義路一段1號,25.0137,121.535,False,古亭,75,0.943896425766175,Warning,"Nearest AQI station (古亭) AQI: 75, Outdoor facility"
月眉環保公園,桃園市中壢區,7鄰95號附近,25.014116,121.190069,False,大園,108,5.362313694150679,High Risk,Nearest AQI station (大園) AQI: 108
會稽社區活動中心,桃園市桃園區,興一街65巷50號,25.0142,121.3161,True,桃園,103,2.4385242784327135,High Risk,Nearest AQI station (桃園) AQI: 103
銘傳國小,臺北市大安區,大安區羅斯福路4段21號,25.0142,121.5352,True,古亭,75,0.911665039866159,Medium Risk,"Nearest AQI station (古亭) AQI: 75, Indoor facility"
竹林小學,新北市永和區,永和區勵行里竹林路34號,25.0145,121.5173,False,永和,78,0.2954806899495826,Warning,"Nearest AQI station (永和) AQI: 78, Outdoor facility"
光復國小,新北市中和區,中和區光環路2段1號,25.0148,121.4829,True,板橋,92,2.4502942617344847,Medium Risk,"Nearest AQI station (板橋) AQI: 92, Indoor facility"
公六公園,桃園市中壢區,領航南路4段與青昇路,25.015014,121.222287,False,大園,108,5.488074714066723,High Risk,Nearest AQI station (大園) AQI: 108
柑林國小,新北市雙溪區,9鄰柑腳3號,25.01513,121.804558,False,基隆,91,13.449179388985941,Warning,"Nearest AQI station (基隆) AQI: 91, Outdoor facility"
頂溪國小,新北市永和區,永和區文化里文化路133號,25.0155,121.5116,True,永和,78,0.5026715762254893,Medium Risk,"Nearest AQI station (永和) AQI: 78, Indoor facility"
及人國小,新北市永和區,永和區新?里文化路172號,25.0157,121.512,True,永和,78,0.45733340248226423,Medium Risk,"Nearest AQI station (永和) AQI: 78, Indoor facility"
長源社區活動中心,新北市雙溪區,柑腳19號,25.0157,121.8028,True,基隆,91,13.331207557293999,Medium Risk,"Nearest AQI station (基隆) AQI: 91, Indoor facility"
金甌女中,新北市永和區,永和區復興里博愛街36號,25.0158,121.5193,False,永和,78,0.3298769054409032,Warning,"Nearest AQI station (永和) AQI: 78, Outdoor facility"
中壢區山東社區活動中心,桃園市中壢區,山東一路39號,25.01621,121.173726,True,大園,108,5.763716472346882,High Risk,Nearest AQI station (大園) AQI: 108
三多國小,新北市樹林區,三福街52號,25.016651,121.4059,True,新莊,92,3.5781828643088054,Medium Risk,"Nearest AQI station (新莊) AQI: 92, Indoor facility"
同安里集會所,桃園市桃園區,新埔六街140號,25.0167,121.3018,False,桃園,103,2.4663414246325988,High Risk,Nearest AQI station (桃園) AQI: 103
光復高中,新北市板橋區,光環路一段7號,25.0168,121.4828,True,板橋,92,2.4687246682480097,Medium Risk,"Nearest AQI station (板橋) AQI: 92, Indoor facility"
忠孝市民活動中心,新北市永和區,忠孝街26巷8號,25.0169,121.5153,True,永和,78,0.10197555076748968,Medium Risk,"Nearest AQI station (永和) AQI: 78, Indoor facility"
丹鳳國小,新北市新莊區,新北大道七段437號,25.0175,121.4257,True,新莊,92,2.377249957687745,Medium Risk,"Nearest AQI station (新莊) AQI: 92, Indoor facility"
光復國小,新北市板橋區,中和區中原里光環路二段1號,25.0177,121.484,True,板橋,92,2.6062363591188817,Medium Risk,"Nearest AQI station (板橋) AQI: 92, Indoor facility"
桃園縣多功能藝文園區,桃園市桃園區,桃園市南平路、中正路,25.0179,121.2977,False,桃園,103,2.681561765304366,High Risk,Nearest AQI station (桃園) AQI: 103
埔墘國小,新北市板橋區,永豐街42之8號,25.0181,121.4741,True,板橋,92,1.6563357283275315,Medium Risk,"Nearest AQI station (板橋) AQI: 92, Indoor facility"
上興公園,桃園市蘆竹區,上興路與大興八街交叉附近,25.01826193,121.262927,False,桃園,103,4.983783028981064,High Risk,Nearest AQI station (桃園) AQI: 103
同新公園,桃園市桃園區,同安街慈文國小邊,25.0183,121.3014,False,桃園,103,2.64805210291655,High Risk,Nearest AQI station (桃園) AQI: 103
中山國中,新北市板橋區,文化路一段188巷56號,25.0185,121.4676,True,板橋,92,1.0899824233684605,Medium Risk,"Nearest AQI station (板橋) AQI: 92, Indoor facility"
外柑市民活動中心,新北市雙溪區,外柑腳49號,25.018517,121.807814,False,基隆,91,13.210511427125992,Warning,"Nearest AQI station (基隆) AQI: 91, Outdoor facility"
快樂國小,桃園市桃園區,大有路789號,25.0187,121.3154,True,桃園,103,2.8657848897114953,High Risk,Nearest AQI station (桃園) AQI: 103
芳和國中,臺北市大安區,臺北市大安區臥龍街170號,25.0187,121.5503,True,古亭,75,2.1009198635091293,Medium Risk,"Nearest AQI station (古亭) AQI: 75, Indoor facility"
螢橋國中,臺北市中正區,中正區汀州路3段四號,25.019,121.5265,True,古亭,75,0.3560721110603884,Medium Risk,"Nearest AQI station (古亭) AQI: 75, Indoor facility"
同德社區活動中心,桃園市桃園區,永安北路500號,25.0194,121.2925,True,桃園,103,3.0207358407899867,High Risk,Nearest AQI station (桃園) AQI: 103
國光國小,新北市板橋區,中正路325巷30號,25.0194,121.4533,True,板橋,92,0.8962955473720056,Medium Risk,"Nearest AQI station (板橋) AQI: 92, Indoor facility"
大安國小,臺北市大安區,臺北市大安區臥龍街129號,25.0195,121.5496,True,古亭,75,2.0233953412949344,Medium Risk,"Nearest AQI station (古亭) AQI: 75, Indoor facility"
和平高中,臺北市大安區,大安區臥龍街100號,25.0196,121.5491,True,古亭,75,1.97244712186794,Medium Risk,"Nearest AQI station (古亭) AQI: 75, Indoor facility"
板橋莊敬市民活動中心,新北市板橋區,民生路二段120號,25.0197,121.4708,True,板橋,92,1.433297644889502,Medium Risk,"Nearest AQI station (板橋) AQI: 92, Indoor facility"
新埔里活動中心,桃園市桃園區,南通路65號,25.0201,121.3056,True,桃園,103,2.823797319637979,High Risk,Nearest AQI station (桃園) AQI: 103
古亭國小,臺北市大安區,大安區羅斯福路3段,25.0207,121.5285,True,古亭,75,0.10689307570429848,Medium Risk,"Nearest AQI station (古亭) AQI: 75, Indoor facility"
西埔里活動中心,桃園市桃園區,富國路681巷19弄路口,25.0209,121.2805,True,桃園,103,3.81816908806258,High Risk,Nearest AQI station (桃園) AQI: 103
四維市民活動中心,新北市新莊區,四維路186巷2號,25.021171,121.421825,True,新莊,92,2.1556649238611096,Medium Risk,"Nearest AQI station (新莊) AQI: 92, Indoor facility"
裕民行政大樓,新北市新莊區,裕民路136號,25.0212,121.4162,False,新莊,92,2.4849788819438574,Warning,"Nearest AQI station (新莊) AQI: 92, Outdoor facility"
春日里活動中心,桃園市桃園區,至善街133號,25.0216,121.3126,True,桃園,103,3.0863465350576225,High Risk,Nearest AQI station (桃園) AQI: 103
中平國中,新北市新莊區,中平路385號,25.0216,121.4278,True,新莊,92,1.8810624986416185,Medium Risk,"Nearest AQI station (新莊) AQI: 92, Indoor facility"
莊敬社區活動中心,桃園市桃園區,新埔七街169巷13號,25.0219,121.2999,True,桃園,103,3.066771606196395,High Risk,Nearest AQI station (桃園) AQI: 103
榮富國小,新北市新莊區,中和街193號,25.0219,121.418,True,新莊,92,2.308260558310635,Medium Risk,"Nearest AQI station (新莊) AQI: 92, Indoor facility"
青年公園,臺北市萬華區,臺北市萬華區水源路199號,25.0221,121.507,False,永和,78,1.0958281429325936,Warning,"Nearest AQI station (永和) AQI: 78, Outdoor facility"
白石市民活動中心,新北市平溪區,9鄰靜安路2段241號,25.0221,121.7247,True,汐止,75,9.772993830485298,Medium Risk,"Nearest AQI station (汐止) AQI: 75, Indoor facility"
文德國小,新北市板橋區,英士路179號,25.0225,121.4585,True,板橋,92,1.0595988851644822,Medium Risk,"Nearest AQI station (板橋) AQI: 92, Indoor facility"
薯榔市民活動中心,新北市平溪區,靜安路二段63號,25.022689,121.728154,True,汐止,75,10.04364310270282,Medium Risk,"Nearest AQI station (汐止) AQI: 75, Indoor facility"
大竹國中,桃園市蘆竹區,大竹路國中巷35號,25.02289,121.258528,True,桃園,103,5.635010205414608,High Risk,Nearest AQI station (桃園) AQI: 103
萬大國小,臺北市萬華區,大同區萬大路346號,25.023,121.4993,True,永和,78,1.8388327815073935,Medium Risk,"Nearest AQI station (永和) AQI: 78, Indoor facility"
朝陽公園,桃園市桃園區,桃園市三民路、朝陽街口,25.0231,121.3062,False,桃園,103,3.159040912632908,High Risk,Nearest AQI station (桃園) AQI: 103
青年公園棒球場,臺北市萬華區,水源路199號,25.0231,121.4978,True,永和,78,1.984206635500811,Medium Risk,"Nearest AQI station (永和) AQI: 78, Indoor facility"
東園國小,臺北市萬華區,臺北市萬華區東園街195號,25.0231,121.4978,True,永和,78,1.984206635500811,Medium Risk,"Nearest AQI station (永和) AQI: 78, Indoor facility"
臺北市萬華運動中心,臺北市萬華區,西寧南路6之1號,25.0231,121.4978,False,永和,78,1.984206635500811,Warning,"Nearest AQI station (永和) AQI: 78, Outdoor facility"
河堤國小,臺北市中正區,中正區汀州路2段180號,25.0232,121.5226,True,古亭,75,0.7578258314315548,Medium Risk,"Nearest AQI station (古亭) AQI: 75, Indoor facility"
長庚醫護社區活動文康中心,桃園市龜山區,80號B1,25.023311,121.357412,False,林口,79,6.134181739207371,Warning,"Nearest AQI station (林口) AQI: 79, Outdoor facility"
菁桐市民活動中心,新北市平溪區,菁桐街65-1號,25.0235,121.7262,True,汐止,75,9.82769637259225,Medium Risk,"Nearest AQI station (汐止) AQI: 75, Indoor facility"
平溪國中,新北市平溪區,靜安路二段295號,25.0235,121.7336,True,汐止,75,10.486410135944073,Medium Risk,"Nearest AQI station (汐止) AQI: 75, Indoor facility"
菁桐國小,新北市平溪區,菁桐街45號,25.0236,121.7266,True,汐止,75,9.857630536784951,Medium Risk,"Nearest AQI station (汐止) AQI: 75, Indoor facility"
大崗社區活動中心,桃園市龜山區,忠義路二段491號,25.023863,121.353653,True,桃園,103,5.877018836809268,High Risk,Nearest AQI station (桃園) AQI: 103
龍安國小,臺北市大安區,大安區新生南路3段33號,25.0239,121.5348,True,古亭,75,0.6427896602269653,Medium Risk,"Nearest AQI station (古亭) AQI: 75, Indoor facility"
五權社區活動中心,桃園市大園區,14鄰中正東路二段541號,25.023949,121.230923,True,大園,108,5.016692910514619,High Risk,Nearest AQI station (大園) AQI: 108
板橋國中,新北市板橋區,中正路437號,25.024,121.4542,True,板橋,92,1.3062541639656757,Medium Risk,"Nearest AQI station (板橋) AQI: 92, Indoor facility"
中港國小,新北市新莊區,中港一街142號,25.0242,121.4138,True,新莊,92,2.4279120727383887,Medium Risk,"Nearest AQI station (新莊) AQI: 92, Indoor facility"
長庚里345號地下一樓,桃園市龜山區,345號B1,25.024279,121.356905,False,林口,79,6.034619784495792,Warning,"Nearest AQI station (林口) AQI: 79, Outdoor facility"
昌平國小,新北市新莊區,昌平街200號,25.0243,121.4238,True,新莊,92,1.7548495623037257,Medium Risk,"Nearest AQI station (新莊) AQI: 92, Indoor facility"
古亭國中,臺北市中正區,中正區中華路2段465號,25.0246,121.5106,True,永和,78,1.0221120909695751,Medium Risk,"Nearest AQI station (永和) AQI: 78, Indoor facility"
平溪市民活動中心,新北市平溪區,公園街17號2樓,25.0247,121.7371,True,汐止,75,10.743812368798666,Medium Risk,"Nearest AQI station (汐止) AQI: 75, Indoor facility"
大竹國小,桃園市蘆竹區,大竹路556號,25.02483395,121.258678,True,桃園,103,5.745691785294844,High Risk,Nearest AQI station (桃園) AQI: 103
新埔國中,新北市板橋區,新海路181號,25.0249,121.4597,True,板橋,92,1.3304110018820792,Medium Risk,"Nearest AQI station (板橋) AQI: 92, Indoor facility"
螢橋國小,臺北市中正區,中正區詔安街29號,25.0249,121.5144,True,永和,78,0.8991880106199212,Medium Risk,"Nearest AQI station (永和) AQI: 78, Indoor facility"
龍門國中,臺北市大安區,大安區建國南路2段269號,25.0249,121.538,True,古亭,75,0.9755152955807574,Medium Risk,"Nearest AQI station (古亭) AQI: 75, Indoor facility"
新莊國中,新北市新莊區,中正路211號,25.0253,121.4225,True,新莊,92,1.7322037144540872,Medium Risk,"Nearest AQI station (新莊) AQI: 92, Indoor facility"
平湖市民活動中心,新北市平溪區,大湖10號,25.0256,121.7813,True,基隆,91,11.713189905070266,Medium Risk,"Nearest AQI station (基隆) AQI: 91, Indoor facility"
橫峰社區活動中心,桃園市大園區,中山南路二段435號,25.025624,121.213508,True,大園,108,4.086940765302589,High Risk,Nearest AQI station (大園) AQI: 108
豐年市民活動中心,新北市新莊區,豐年街57號之5,25.0258,121.4283,True,新莊,92,1.4180708085754608,Medium Risk,"Nearest AQI station (新莊) AQI: 92, Indoor facility"
新和國小,臺北市萬華區,萬華區西藏路125巷31號,25.026,121.5033,True,永和,78,1.6488939642958762,Medium Risk,"Nearest AQI station (永和) AQI: 78, Indoor facility"
吳興國小,臺北市信義區,臺北市信義區松仁路226號,25.026,121.5686,True,松山,76,2.85290133948816,Medium Risk,"Nearest AQI station (松山) AQI: 76, Indoor facility"
莒光國小,新北市板橋區,莒光路163號,25.0261,121.4736,True,板橋,92,2.096407504284567,Medium Risk,"Nearest AQI station (板橋) AQI: 92, Indoor facility"
汴洲里老人活動中心,桃園市桃園區,桃園巿莊敬路1段71號,25.0263,121.3038,True,桃園,103,3.5146691254724436,High Risk,Nearest AQI station (桃園) AQI: 103
舊路社區活動中心,桃園市龜山區,振興路1278巷29號-振天宮,25.02646,121.36753,True,林口,79,5.733502357908778,Medium Risk,"Nearest AQI station (林口) AQI: 79, Indoor facility"
西園國小,臺北市萬華區,萬華區東園街73巷23號6樓,25.0266,121.4988,True,永和,78,2.0617441216345767,Medium Risk,"Nearest AQI station (永和) AQI: 78, Indoor facility"
平溪國小,新北市平溪區,平溪街56號,25.0272,121.7376,True,汐止,75,10.673167613967546,Medium Risk,"Nearest AQI station (汐止) AQI: 75, Indoor facility"
雙園國中,臺北市萬華區,萬華區興義街2號,25.0276,121.4927,True,萬華,76,2.6048696238603397,Medium Risk,"Nearest AQI station (萬華) AQI: 76, Indoor facility"
華江高中,臺北市萬華區,萬華區西藏路213號,25.0285,121.4962,True,萬華,76,2.326784664246916,Medium Risk,"Nearest AQI station (萬華) AQI: 76, Indoor facility"
信義國中,臺北市信義區,信義區松仁路158巷1號,25.0286,121.5679,True,松山,76,2.6128075398105484,Medium Risk,"Nearest AQI station (松山) AQI: 76, Indoor facility"
中正公園,桃園市桃園區,同安街、中正路口,25.0288,121.2925,False,桃園,103,3.9945260808364003,High Risk,Nearest AQI station (桃園) AQI: 103
江翠國中,新北市板橋區,松江街63號,25.0289,121.4684,True,板橋,92,2.0245000834018474,Medium Risk,"Nearest AQI station (板橋) AQI: 92, Indoor facility"
上林國小,新北市雙溪區,內平林60號,25.029,121.832,True,基隆,91,13.2874128027389,Medium Risk,"Nearest AQI station (基隆) AQI: 91, Indoor facility"
萬華國中,臺北市萬華區,萬華區西藏路201號,25.0291,121.4987,True,萬華,76,2.148785917741734,Medium Risk,"Nearest AQI station (萬華) AQI: 76, Indoor facility"
牡丹心市民活動中心,新北市新莊區,雙鳳路75號5樓,25.0294,121.4431,True,新莊,92,1.4314392091245698,Medium Risk,"Nearest AQI station (新莊) AQI: 92, Indoor facility"
建安國小,臺北市大安區,大安區大安路2段99號,25.0294,121.5461,True,古亭,75,1.9324464112696913,Medium Risk,"Nearest AQI station (古亭) AQI: 75, Indoor facility"
文聖國小,新北市板橋區,文聖街86號,25.0295,121.4772,True,板橋,92,2.62005799370917,Medium Risk,"Nearest AQI station (板橋) AQI: 92, Indoor facility"
忠義國小,臺北市中正區,中正區中華路2段307巷17號,25.0296,121.5062,True,永和,78,1.7319948826369886,Medium Risk,"Nearest AQI station (永和) AQI: 78, Indoor facility"
中華區民活動中心,臺北市中正區,中華路2段291號地下室,25.0297,121.5045,True,永和,78,1.8464173979523635,Medium Risk,"Nearest AQI station (永和) AQI: 78, Indoor facility"
三興國小,臺北市信義區,信義區基隆路2段99號,25.0297,121.558,True,古亭,75,3.039000409884466,Medium Risk,"Nearest AQI station (古亭) AQI: 75, Indoor facility"
大安森林公園,臺北市大安區,臺北市大安區新生南路以東、信義路3段以南,25.0301,121.5354,False,古亭,75,1.2085972936146807,Warning,"Nearest AQI station (古亭) AQI: 75, Outdoor facility"
新生國小,臺北市大安區,大安區新生南路2段36號,25.0304,121.5335,True,古亭,75,1.1590696427361724,Medium Risk,"Nearest AQI station (古亭) AQI: 75, Indoor facility"
瓊泰市民活動中心,新北市新莊區,瓊泰路85號,25.0306,121.4467,True,新莊,92,1.6488364942694242,Medium Risk,"Nearest AQI station (新莊) AQI: 92, Indoor facility"
大安國中,臺北市大安區,大安區大安路2段63號,25.0307,121.5462,True,古亭,75,2.017807029594136,Medium Risk,"Nearest AQI station (古亭) AQI: 75, Indoor facility"
大理高中,臺北市萬華區,萬華區長順街2號,25.0308,121.4913,True,萬華,76,2.4228031887082713,Medium Risk,"Nearest AQI station (萬華) AQI: 76, Indoor facility"
思賢國小,新北市新莊區,自立街229號,25.0309,121.4433,True,新莊,92,1.3425000923107278,Medium Risk,"Nearest AQI station (新莊) AQI: 92, Indoor facility"
雙園國小,臺北市萬華區,萬華區莒光路315號,25.0309,121.4975,True,萬華,76,2.030558086051573,Medium Risk,"Nearest AQI station (萬華) AQI: 76, Indoor facility"
國語實小,臺北市中正區,中正區南海路58號,25.0309,121.511,False,永和,78,1.6354585333271319,Warning,"Nearest AQI station (永和) AQI: 78, Outdoor facility"
大理國小,臺北市萬華區,萬華區艋舺大道389號,25.0312,121.4938,True,萬華,76,2.221258138037545,Medium Risk,"Nearest AQI station (萬華) AQI: 76, Indoor facility"
建國中學,臺北市中正區,中正區南海路56號,25.0312,121.5122,True,永和,78,1.6322666755684738,Medium Risk,"Nearest AQI station (永和) AQI: 78, Indoor facility"
金華國中,臺北市大安區,大安區新生南路2段32號,25.0312,121.5331,True,古亭,75,1.2307162076692464,Medium Risk,"Nearest AQI station (古亭) AQI: 75, Indoor facility"
信義國小,臺北市信義區,信義區松勤街60號,25.0318,121.5632,True,松山,76,2.5506821679974516,Medium Risk,"Nearest AQI station (松山) AQI: 76, Indoor facility"
共和社區活動中心,新北市雙溪區,中山路41巷6號,25.0318,121.8661,True,基隆,91,15.20773378579357,Medium Risk,"Nearest AQI station (基隆) AQI: 91, Indoor facility"
大安高工,臺北市大安區,大安區復興南路2段52號,25.0319,121.5432,False,古亭,75,1.8618212539017787,Warning,"Nearest AQI station (古亭) AQI: 75, Outdoor facility"
金華國小,臺北市大安區,大安區愛國東路79巷11號,25.0322,121.5277,True,古亭,75,1.3024658726077396,Medium Risk,"Nearest AQI station (古亭) AQI: 75, Indoor facility"
中正國中,臺北市中正區,中正區愛國東路158號,25.0323,121.5221,True,古亭,75,1.501527087621356,Medium Risk,"Nearest AQI station (古亭) AQI: 75, Indoor facility"
江翠國小,新北市板橋區,文化路二段413號,25.0324,121.4742,True,板橋,92,2.66764721014706,Medium Risk,"Nearest AQI station (板橋) AQI: 92, Indoor facility"
永春高中,臺北市信義區,信義區松山路654號,25.0327,121.5786,True,松山,76,1.9236725501436416,Medium Risk,"Nearest AQI station (松山) AQI: 76, Indoor facility"
輔仁大學,新北市新莊區,中正路510號,25.0329,121.4341,False,新莊,92,0.586564975416943,Warning,"Nearest AQI station (新莊) AQI: 92, Outdoor facility"
雙溪國小,新北市雙溪區,東榮街54號,25.0334,121.8672,True,基隆,91,15.160191790711126,Medium Risk,"Nearest AQI station (基隆) AQI: 91, Indoor facility"
華江國小,臺北市萬華區,萬華區環河南路2段250巷42弄2號,25.0341,121.4912,True,萬華,76,2.1810674653423727,Medium Risk,"Nearest AQI station (萬華) AQI: 76, Indoor facility"
新莊國小,新北市新莊區,中正路86號,25.0342,121.4417,True,新莊,92,1.0173570018911053,Medium Risk,"Nearest AQI station (新莊) AQI: 92, Indoor facility"
松山家商,臺北市信義區,信義區松山路655號,25.0348,121.5801,False,松山,76,1.6968064238438978,Warning,"Nearest AQI station (松山) AQI: 76, Outdoor facility"
雙溪高中,新北市雙溪區,梅竹蹊3號,25.0349,121.8632,True,基隆,91,14.757175927513128,Medium Risk,"Nearest AQI station (基隆) AQI: 91, Indoor facility"
南門國小,臺北市中正區,中正區廣州街6號,25.0352,121.5091,True,萬華,76,1.2619631804063913,Medium Risk,"Nearest AQI station (萬華) AQI: 76, Indoor facility"
南門國中,臺北市中正區,中正區廣州街6號,25.0352,121.5091,True,萬華,76,1.2619631804063913,Medium Risk,"Nearest AQI station (萬華) AQI: 76, Indoor facility"
平林市民活動中心,新北市雙溪區,外平林52號,25.035598,121.849136,False,基隆,91,13.738026995625775,Warning,"Nearest AQI station (基隆) AQI: 91, Outdoor facility"
龍山國小,臺北市萬華區,萬華區和平西路3段235號,25.0356,121.4962,True,萬華,76,1.6959615639872174,Medium Risk,"Nearest AQI station (萬華) AQI: 76, Indoor facility"
臺北市信義運動中心,臺北市信義區,松勤路100號,25.0356,121.5733,False,松山,76,1.6882329706138126,Warning,"Nearest AQI station (松山) AQI: 76, Outdoor facility"
松德公園,臺北市信義區,臺北市信義區松德路180巷興雅國中西側,25.0356,121.5733,False,松山,76,1.6882329706138126,Warning,"Nearest AQI station (松山) AQI: 76, Outdoor facility"
中信國小,新北市新莊區,中信街168號,25.0358,121.4505,True,新莊,92,1.8294498998318773,Medium Risk,"Nearest AQI station (新莊) AQI: 92, Indoor facility"
仁愛國小,臺北市大安區,大安區安和路1段60號,25.0358,121.5524,True,古亭,75,2.855010641857165,Medium Risk,"Nearest AQI station (古亭) AQI: 75, Indoor facility"
新莊區公所,新北市新莊區,中正路176號,25.035834,121.450558,False,新莊,92,1.8347482718475099,Warning,"Nearest AQI station (新莊) AQI: 92, Outdoor facility"
新莊高中,新北市新莊區,中平路135號,25.0359,121.4525,True,新莊,92,2.0280597093858796,Medium Risk,"Nearest AQI station (新莊) AQI: 92, Indoor facility"
龍山國中,臺北市萬華區,臺北市萬華區南寧路46號,25.036,121.5046,True,萬華,76,1.216282907616609,Medium Risk,"Nearest AQI station (萬華) AQI: 76, Indoor facility"
博愛國小,臺北市信義區,信義區松仁路95巷20號,25.0364,121.5711,True,松山,76,1.6909908848513975,Medium Risk,"Nearest AQI station (松山) AQI: 76, Indoor facility"
興雅國中,臺北市信義區,信義區松德路168巷15號,25.0364,121.5723,True,松山,76,1.6404626587020454,Medium Risk,"Nearest AQI station (松山) AQI: 76, Indoor facility"
私立恆毅高級中學,新北市新莊區,中正路108號,25.036593,121.453731,False,新莊,92,2.1444324078665784,Warning,"Nearest AQI station (新莊) AQI: 92, Outdoor facility"
新泰市民活動中心,新北市新莊區,建中街116巷3弄2號,25.0369,121.4451,True,新莊,92,1.2749852847024903,Medium Risk,"Nearest AQI station (新莊) AQI: 92, Indoor facility"
頭前國中,新北市新莊區,思源路485號,25.037,121.4564,True,新莊,92,2.4102553857386315,Medium Risk,"Nearest AQI station (新莊) AQI: 92, Indoor facility"
?公國中,臺北市信義區,臺北市信義區福德街221巷15號,25.0371,121.5853,True,松山,76,1.5848118112115843,Medium Risk,"Nearest AQI station (松山) AQI: 76, Indoor facility"
弘道國中,臺北市中正區,中正區公園路21號,25.0375,121.5153,True,萬華,76,1.2438550002736686,Medium Risk,"Nearest AQI station (萬華) AQI: 76, Indoor facility"
仁愛國中,臺北市大安區,大安區仁愛路4段130號,25.0375,121.5507,True,古亭,75,2.8401226329022475,Medium Risk,"Nearest AQI station (古亭) AQI: 75, Indoor facility"
幸安國小,臺北市大安區,大安區仁愛路3段22號,25.0376,121.535,True,古亭,75,1.9674285156066498,Medium Risk,"Nearest AQI station (古亭) AQI: 75, Indoor facility"
光華國小,新北市新莊區,龍安路452號,25.0378,121.4438,True,新莊,92,1.1385874188230738,Medium Risk,"Nearest AQI station (新莊) AQI: 92, Indoor facility"
老松國小,臺北市萬華區,臺北市萬華區桂林路64號,25.038,121.5027,True,萬華,76,1.0844504607017522,Medium Risk,"Nearest AQI station (萬華) AQI: 76, Indoor facility"
北一女中,臺北市中正區,臺北市中正區重慶南路1段 165 號,25.0386,121.513,False,萬華,76,1.0143055708552036,Warning,"Nearest AQI station (萬華) AQI: 76, Outdoor facility"
東門國小,臺北市中正區,中正區仁愛路1段2-4號,25.0387,121.5209,True,萬華,76,1.5649425404399948,Medium Risk,"Nearest AQI station (萬華) AQI: 76, Indoor facility"
福德國小,臺北市信義區,信義區福德街253號,25.0389,121.5865,True,松山,76,1.4679984256516758,Medium Risk,"Nearest AQI station (松山) AQI: 76, Indoor facility"
貴和市民活動中心,新北市泰山區,明志路三段365號,25.0394,121.4266,True,新莊,92,0.6152395024502091,Medium Risk,"Nearest AQI station (新莊) AQI: 92, Indoor facility"
財團法人臺北市東和禪寺,臺北市中正區,仁愛路一段21-33號,25.0394,121.5225,False,萬華,76,1.6630872846851958,Warning,"Nearest AQI station (萬華) AQI: 76, Outdoor facility"
松山工農,臺北市信義區,臺北市信義區忠孝東路5段236巷15號,25.0398,121.572,False,松山,76,1.3152673726057973,Warning,"Nearest AQI station (松山) AQI: 76, Outdoor facility"
光復國小,臺北市信義區,臺北市信義區光復南路271號,25.0402,121.5578,True,松山,76,2.362787425341575,Medium Risk,"Nearest AQI station (松山) AQI: 76, Indoor facility"
舊庄國小,臺北市南港區,舊莊街一段100號,25.040245,121.61735,False,汐止,75,3.733600026693814,Warning,"Nearest AQI station (汐止) AQI: 75, Outdoor facility"
二二八和平公園,臺北市中正區,臺北市中正區-凱達格蘭大道3號,25.0403,121.5156,False,萬華,76,1.0326013664715339,Warning,"Nearest AQI station (萬華) AQI: 76, Outdoor facility"
懷生國中,臺北市大安區,大安區忠孝東路3段248巷30號,25.0403,121.5412,True,古亭,75,2.4841216676512725,Medium Risk,"Nearest AQI station (古亭) AQI: 75, Indoor facility"
南上社區活動中心,桃園市龜山區,民生北路一段356巷386-1號,25.040457,121.300096,True,桃園,103,5.110752745253861,High Risk,Nearest AQI station (桃園) AQI: 103
南興公園,桃園市蘆竹區,南順二街,25.04135998,121.287732,False,桃園,103,5.471378356664687,High Risk,Nearest AQI station (桃園) AQI: 103
明志科技大學,新北市泰山區,工專路84號,25.0417,121.4206,False,新莊,92,1.268500173157866,Warning,"Nearest AQI station (新莊) AQI: 92, Outdoor facility"
中港第一市民活動中心,新北市新莊區,中港路172號,25.041825,121.455157,True,新莊,92,2.322418893458174,Medium Risk,"Nearest AQI station (新莊) AQI: 92, Indoor facility"
老人文康活動中心,新北市平溪區,十分街66巷1號,25.04193,121.775807,True,基隆,91,9.82914902459339,Medium Risk,"Nearest AQI station (基隆) AQI: 91, Indoor facility"
全安市民活動中心,新北市新莊區,新莊路527號,25.0423,121.4565,True,新莊,92,2.465282404695771,Medium Risk,"Nearest AQI station (新莊) AQI: 92, Indoor facility"
龍騰活動中心,苗栗縣三義鄉,4鄰外庄10號,25.042385,121.533012,True,中山,82,2.3152705321171005,Medium Risk,"Nearest AQI station (中山) AQI: 82, Indoor facility"
雙潭活動中心,苗栗縣三義鄉,2鄰雙連潭40-1號,25.042385,121.533012,True,中山,82,2.3152705321171005,Medium Risk,"Nearest AQI station (中山) AQI: 82, Indoor facility"
鯉魚潭活動中心室內,苗栗縣三義鄉,鯉魚口2鄰47-2號,25.042385,121.533012,True,中山,82,2.3152705321171005,Medium Risk,"Nearest AQI station (中山) AQI: 82, Indoor facility"
建中國民小學活動中心室內,苗栗縣三義鄉,6鄰廣盛80號,25.042385,121.533012,True,中山,82,2.3152705321171005,Medium Risk,"Nearest AQI station (中山) AQI: 82, Indoor facility"
西湖村活動中心室內,苗栗縣三義鄉,4鄰上湖64號,25.042385,121.533012,True,中山,82,2.3152705321171005,Medium Risk,"Nearest AQI station (中山) AQI: 82, Indoor facility"
上?里民眾活動中心,苗栗縣苑裡鎮,4鄰62-7號,25.042385,121.533012,True,中山,82,2.3152705321171005,Medium Risk,"Nearest AQI station (中山) AQI: 82, Indoor facility"
銅鏡社區活動中心,苗栗縣三灣鄉,1鄰小銅鑼圈9之11號,25.042385,121.533012,True,中山,82,2.3152705321171005,Medium Risk,"Nearest AQI station (中山) AQI: 82, Indoor facility"
西湖村活動中心室外,苗栗縣三義鄉,4鄰上湖64號,25.042385,121.533012,False,中山,82,2.3152705321171005,Warning,"Nearest AQI station (中山) AQI: 82, Outdoor facility"
鯉魚潭村活動中心室外,苗栗縣三義鄉,1鄰鯉魚口10-1號,25.042385,121.533012,False,中山,82,2.3152705321171005,Warning,"Nearest AQI station (中山) AQI: 82, Outdoor facility"
建中國民小學操場室外,苗栗縣三義鄉,6鄰廣盛80號,25.042385,121.533012,False,中山,82,2.3152705321171005,Warning,"Nearest AQI station (中山) AQI: 82, Outdoor facility"
苑裡鎮立托兒所,苗栗縣苑裡鎮,10鄰110-1號2樓,25.042385,121.533012,False,中山,82,2.3152705321171005,Warning,"Nearest AQI station (中山) AQI: 82, Outdoor facility"
苑裡鎮老人文康中心,苗栗縣苑裡鎮,13鄰興隆2-1號,25.042385,121.533012,False,中山,82,2.3152705321171005,Warning,"Nearest AQI station (中山) AQI: 82, Outdoor facility"
苑裡鎮苑東苑南苑北社區聯合活動中,苗栗縣苑裡鎮,13鄰中山路312號,25.042385,121.533012,False,中山,82,2.3152705321171005,Warning,"Nearest AQI station (中山) AQI: 82, Outdoor facility"
苗栗縣立苑裡高中操場,苗栗縣苑裡鎮,1鄰2號,25.042385,121.533012,False,中山,82,2.3152705321171005,Warning,"Nearest AQI station (中山) AQI: 82, Outdoor facility"
山腳國小田徑場,苗栗縣苑裡鎮,10鄰47號,25.042385,121.533012,False,中山,82,2.3152705321171005,Warning,"Nearest AQI station (中山) AQI: 82, Outdoor facility"
苑裡鎮中山國小操場,苗栗縣苑裡鎮,51-1號,25.042385,121.533012,False,中山,82,2.3152705321171005,Warning,"Nearest AQI station (中山) AQI: 82, Outdoor facility"
苑裡鎮立體育場,苗栗縣苑裡鎮,中正路10鄰1段32號鎮立游泳池旁,25.042385,121.533012,False,中山,82,2.3152705321171005,Warning,"Nearest AQI station (中山) AQI: 82, Outdoor facility"
大有市民活動中心,新北市三峽區,插角25-1號,25.042385,121.533012,True,中山,82,2.3152705321171005,Medium Risk,"Nearest AQI station (中山) AQI: 82, Indoor facility"
豐珠國中小活動中心,新北市貢寮區,雞母嶺街6-6號,25.042385,121.533012,True,中山,82,2.3152705321171005,Medium Risk,"Nearest AQI station (中山) AQI: 82, Indoor facility"
成功高中,臺北市中正區,臺北市中正區濟南路1段71號,25.0424,121.5238,True,萬華,76,1.6585042313052796,Medium Risk,"Nearest AQI station (萬華) AQI: 76, Indoor facility"
胡適國小,臺北市南港區,南港區舊莊街1段1號,25.0424,121.6172,True,汐止,75,3.5613839467083825,Medium Risk,"Nearest AQI station (汐止) AQI: 75, Indoor facility"
丹鳳高中,新北市新莊區,龍安路72號,25.0426,121.4444,True,新莊,92,1.3046327881555877,Medium Risk,"Nearest AQI station (新莊) AQI: 92, Indoor facility"
忠孝國小,臺北市中正區,中正區忠孝東路2段101號,25.0428,121.5317,True,中山,82,2.236610266981626,Medium Risk,"Nearest AQI station (中山) AQI: 82, Indoor facility"
明志國小,新北市泰山區,新生路2號,25.043,121.4317,True,新莊,92,0.5648672657825066,Medium Risk,"Nearest AQI station (新莊) AQI: 92, Indoor facility"
永吉國小,臺北市信義區,信義區松山路287巷5號,25.043,121.5791,True,松山,76,0.7799217524651343,Medium Risk,"Nearest AQI station (松山) AQI: 76, Indoor facility"
私立金陵女中,新北市三重區,三重區忠孝路三段93巷12號,25.0431,121.467,False,菜寮,87,3.202940426344278,Warning,"Nearest AQI station (菜寮) AQI: 87, Outdoor facility"
西門國小,臺北市萬華區,萬華區成都路98號,25.0432,121.5035,True,萬華,76,0.5812494586255395,Medium Risk,"Nearest AQI station (萬華) AQI: 76, Indoor facility"
第一河濱公園,桃園市蘆竹區,忠孝西路忠孝西橋旁,25.04345895,121.287732,False,桃園,103,5.693128882094732,High Risk,Nearest AQI station (桃園) AQI: 103
松山高中,臺北市信義區,信義區基隆路1段156號,25.0439,121.5658,True,松山,76,1.4579494065688154,Medium Risk,"Nearest AQI station (松山) AQI: 76, Indoor facility"
十分國小,新北市平溪區,十分街157號,25.0439,121.7774,True,基隆,91,9.640798786234667,Medium Risk,"Nearest AQI station (基隆) AQI: 91, Indoor facility"
光明國中操場,桃園市蘆竹區,光明路一段123號,25.04435395,121.288977,False,桃園,103,5.751483525444404,High Risk,Nearest AQI station (桃園) AQI: 103
永春國小,臺北市信義區,信義區松山路225巷48號,25.0447,121.5789,True,松山,76,0.5900517760789923,Medium Risk,"Nearest AQI station (松山) AQI: 76, Indoor facility"
臺北田徑場,臺北市松山區,臺北市松山區敦化北路3號,25.0449,121.5509,False,松山,76,2.8485666374792977,Warning,"Nearest AQI station (松山) AQI: 76, Outdoor facility"
成德國中,臺北市南港區,臺北市南港區東新街108巷23號,25.045069,121.587751,False,松山,76,1.0716361164987123,Warning,"Nearest AQI station (松山) AQI: 76, Outdoor facility"
國泰國小,新北市新莊區,中正路386號,25.0451,121.4472,True,新莊,92,1.679681335521118,Medium Risk,"Nearest AQI station (新莊) AQI: 92, Indoor facility"
懷生國小,臺北市中山區,中山區安東街16巷2號,25.0453,121.5417,True,中山,82,2.4361288791631996,Medium Risk,"Nearest AQI station (中山) AQI: 82, Indoor facility"
光明河濱公園,桃園市蘆竹區,光明路二段,25.04544138,121.287217,False,桃園,103,5.918898317737449,High Risk,Nearest AQI station (桃園) AQI: 103
修德國小,臺北市南港區,東新街118巷86號,25.0455,121.5896,True,松山,76,1.214841210746819,Medium Risk,"Nearest AQI station (松山) AQI: 76, Indoor facility"
頭前國小,新北市新莊區,化成路231號,25.0456,121.4566,True,新莊,92,2.571790900450998,Medium Risk,"Nearest AQI station (新莊) AQI: 92, Indoor facility"
南港公園,臺北市南港區,東新街170-1號,25.0458,121.5912,False,松山,76,1.3514430385301803,Warning,"Nearest AQI station (松山) AQI: 76, Outdoor facility"
福星國小,臺北市萬華區,萬華區中華路1段66號,25.0463,121.5089,True,萬華,76,0.09617207817009865,Medium Risk,"Nearest AQI station (萬華) AQI: 76, Indoor facility"
臺北市南港運動中心,臺北市南港區,臺北市南港區玉成街69號,25.0466,121.5822,False,松山,76,0.5231125668830595,Warning,"Nearest AQI station (松山) AQI: 76, Outdoor facility"
興雅國小,臺北市信義區,信義區基隆路1段83巷9號,25.0467,121.5701,True,松山,76,0.9325969808678833,Medium Risk,"Nearest AQI station (松山) AQI: 76, Indoor facility"
成德國小,臺北市南港區,南港區東新街65號,25.0469,121.5869,True,松山,76,0.903361390153678,Medium Risk,"Nearest AQI station (松山) AQI: 76, Indoor facility"
蘆竹區公所三樓禮堂,桃園市蘆竹區,南崁路150號,25.046998,121.295049,False,桃園,103,5.899996205198993,High Risk,Nearest AQI station (桃園) AQI: 103
義學國中,新北市泰山區,民生路30號,25.0472,121.4347,True,新莊,92,1.0497694631552674,Medium Risk,"Nearest AQI station (新莊) AQI: 92, Indoor facility"
義學國小,新北市泰山區,民生路33號,25.0472,121.4347,True,新莊,92,1.0497694631552674,Medium Risk,"Nearest AQI station (新莊) AQI: 92, Indoor facility"
白雲國小,新北市汐止區,民權街2段90號,25.047641,121.618882,True,汐止,75,3.025877555051738,Medium Risk,"Nearest AQI station (汐止) AQI: 75, Indoor facility"
南美國小,桃園市龜山區,南上路99號,25.047711,121.297367,True,桃園,103,5.943406236708964,High Risk,Nearest AQI station (桃園) AQI: 103
福營行政大樓,新北市新莊區,四維路9號,25.0482,121.4447,False,新莊,92,1.6745174856314267,Warning,"Nearest AQI station (新莊) AQI: 92, Outdoor facility"
永吉國中,臺北市信義區,信義區松隆路161號,25.0483,121.5741,True,松山,76,0.492171156820766,Medium Risk,"Nearest AQI station (松山) AQI: 76, Indoor facility"
中山女中,臺北市中山區,中山區長安東路2段141號,25.0485,121.5371,False,中山,82,1.8733929521673696,Warning,"Nearest AQI station (中山) AQI: 82, Outdoor facility"
義仁市民活動中心,新北市泰山區,明志路二段185號,25.0487,121.4273,True,新莊,92,1.3028553271828054,Medium Risk,"Nearest AQI station (新莊) AQI: 92, Indoor facility"
中崙高中,臺北市松山區,松山區八德路4段101號,25.0487,121.5611,True,松山,76,1.7699065270985819,Medium Risk,"Nearest AQI station (松山) AQI: 76, Indoor facility"
臺北市松山運動中心,臺北市松山區,臺北市松山區敦化北路1號,25.049,121.5501,False,中山,82,2.800922550667567,Warning,"Nearest AQI station (中山) AQI: 82, Outdoor facility"
敦化國小,臺北市松山區,松山區敦化北路2號,25.0491,121.5485,True,中山,82,2.6594827766224616,Medium Risk,"Nearest AQI station (中山) AQI: 82, Indoor facility"
長安國中,臺北市中山區,中山區松江路70巷11號,25.0494,121.5319,True,中山,82,1.5394375998954872,Medium Risk,"Nearest AQI station (中山) AQI: 82, Indoor facility"
長安國小,臺北市中山區,中山區吉林路15號,25.0497,121.5302,True,中山,82,1.455618226809786,Medium Risk,"Nearest AQI station (中山) AQI: 82, Indoor facility"
玉泉公園,臺北市大同區,臺北市大同區西寧北路28號,25.0498,121.5077,False,萬華,76,0.3676322106849024,Warning,"Nearest AQI station (萬華) AQI: 76, Outdoor facility"
興穀國民小學,新北市三重區,三重區五谷王北街46號,25.0502,121.4755,False,菜寮,87,2.1579808104878158,Warning,"Nearest AQI station (菜寮) AQI: 87, Outdoor facility"
建成國中,臺北市大同區,臺北市大同區長安西路37之1號,25.0503,121.5197,True,萬華,76,1.2546195815708632,Medium Risk,"Nearest AQI station (萬華) AQI: 76, Indoor facility"
橫科里活動中心,新北市汐止區,橫科路119號,25.05045,121.620181,True,汐止,75,2.7203938570109,Medium Risk,"Nearest AQI station (汐止) AQI: 75, Indoor facility"
中正國小,臺北市中山區,中山區龍江路62號,25.0506,121.5402,True,中山,82,1.8991811019877294,Medium Risk,"Nearest AQI station (中山) AQI: 82, Indoor facility"
南崁國小,桃園市蘆竹區,吉林路160號,25.05063298,121.300993,True,桃園,103,6.231401620520091,High Risk,Nearest AQI station (桃園) AQI: 103
龜山婦幼公園,桃園市龜山區,忠義路二段438號,25.050908,121.359767,False,林口,79,3.065997311478279,Warning,"Nearest AQI station (林口) AQI: 79, Outdoor facility"
文華國小,桃園市龜山區,文化七路116號,25.050955,121.365307,True,林口,79,3.0061545319045515,Medium Risk,"Nearest AQI station (林口) AQI: 79, Indoor facility"
忠孝國中,臺北市大同區,大同區西寧北路32號,25.0512,121.5082,True,萬華,76,0.5227873479563462,Medium Risk,"Nearest AQI station (萬華) AQI: 76, Indoor facility"
松山國小,臺北市松山區,松山區八德路4段746號,25.0512,121.5793,True,松山,76,0.15040574055237968,Medium Risk,"Nearest AQI station (松山) AQI: 76, Indoor facility"
五福游泳池停車場及旁空地,桃園市蘆竹區,仁愛路一段油管路交叉口,25.05120598,121.294652,False,桃園,103,6.368013926448415,High Risk,Nearest AQI station (桃園) AQI: 103
蘆竹區婦幼館,桃園市蘆竹區,仁愛路一段2號,25.051391,121.29348,False,桃園,103,6.408652294926388,High Risk,Nearest AQI station (桃園) AQI: 103
豐年國小,新北市新莊區,瓊泰路116號,25.0514,121.4474,True,新莊,92,2.117193725998409,Medium Risk,"Nearest AQI station (新莊) AQI: 92, Indoor facility"
新泰國小,新北市新莊區,公園一路91號,25.0514,121.4554,True,新莊,92,2.7479881666335926,Medium Risk,"Nearest AQI station (新莊) AQI: 92, Indoor facility"
敦化國中,臺北市松山區,松山區南京東路3段300號,25.0515,121.5468,True,中山,82,2.372398712168606,Medium Risk,"Nearest AQI station (中山) AQI: 82, Indoor facility"
臺北體育館,臺北市松山區,臺北市松山區南京東路4段10號,25.0517,121.5446,False,中山,82,2.172353290585227,Warning,"Nearest AQI station (中山) AQI: 82, Outdoor facility"
大崗國中,桃園市龜山區,文化二路168號,25.051707,121.370832,True,林口,79,2.9716023491556247,Medium Risk,"Nearest AQI station (林口) AQI: 79, Indoor facility"
臺北市極限運動訓練中心,臺北市南港區,臺北市南港區忠孝東路七段382號,25.0519,121.6073,False,松山,76,2.8976984953666047,Warning,"Nearest AQI station (松山) AQI: 76, Outdoor facility"
私立清傳商職,新北市三重區,三重區五谷王北街141巷1號,25.052,121.4769,False,菜寮,87,1.930074809260063,Warning,"Nearest AQI station (菜寮) AQI: 87, Outdoor facility"
樂善社區活動中心,桃園市龜山區,樂安街7-1號,25.052012,121.382177,True,林口,79,3.3419851023564355,Medium Risk,"Nearest AQI station (林口) AQI: 79, Indoor facility"
福壽市民活動中心,新北市新莊區,昌明街1號,25.0522,121.4576,True,新莊,92,2.9827244088717375,Medium Risk,"Nearest AQI station (新莊) AQI: 92, Indoor facility"
西松國小,臺北市松山區,臺北市松山區三民路5號,25.0522,121.5636,True,松山,76,1.5317911494313134,Medium Risk,"Nearest AQI station (松山) AQI: 76, Indoor facility"
大坑社區活動中心,桃園市龜山區,大坑路1段1003巷18號,25.05223,121.328662,True,林口,79,4.686594189046533,Medium Risk,"Nearest AQI station (林口) AQI: 79, Indoor facility"
南崁高中,桃園市蘆竹區,仁愛路二段1號,25.052285,121.297216,True,桃園,103,6.449897792377837,High Risk,Nearest AQI station (桃園) AQI: 103
埔心社區活動中心,桃園市大園區,埔心街82-4號2樓,25.052378,121.225524,True,大園,108,2.508342866600773,High Risk,Nearest AQI station (大園) AQI: 108
南港高中,臺北市南港區,南港區向陽路21號,25.0525,121.595,True,松山,76,1.6741821896705973,Medium Risk,"Nearest AQI station (松山) AQI: 76, Indoor facility"
民安國小,新北市新莊區,民安路261號,25.0529,121.4661,True,菜寮,87,2.333675206754668,Medium Risk,"Nearest AQI station (菜寮) AQI: 87, Indoor facility"
三港集會所,新北市雙溪區,三港7號,25.053,121.878,False,基隆,91,14.58760467184623,Warning,"Nearest AQI station (基隆) AQI: 91, Outdoor facility"
玉成國小,臺北市南港區,向陽路31號,25.05364,121.594769,False,松山,76,1.677234075968791,Warning,"Nearest AQI station (松山) AQI: 76, Outdoor facility"
福營國中,新北市新莊區,富國路105號,25.0538,121.4445,True,新莊,92,2.1351681196443084,Medium Risk,"Nearest AQI station (新莊) AQI: 92, Indoor facility"
誠正國中,臺北市南港區,南港區富康街1巷42號,25.0541,121.6187,True,汐止,75,2.6042556122481932,Medium Risk,"Nearest AQI station (汐止) AQI: 75, Indoor facility"
同榮國小,新北市泰山區,公園路33號,25.0546,121.4282,True,新莊,92,1.8990143719536432,Medium Risk,"Nearest AQI station (新莊) AQI: 92, Indoor facility"
新北市立三重高中,新北市三重區,集美街212號,25.0547,121.4915,True,萬華,76,1.8931675021208278,Medium Risk,"Nearest AQI station (萬華) AQI: 76, Indoor facility"
吉林國小,臺北市中山區,中山區長春路116號,25.0547,121.5296,True,中山,82,0.9063251074373405,Medium Risk,"Nearest AQI station (中山) AQI: 82, Indoor facility"
南崁國中,桃園市蘆竹區,五福六路1號,25.054812,121.298375,True,桃園,103,6.716266537106254,High Risk,Nearest AQI station (桃園) AQI: 103
長春國小,臺北市中山區,中山區長春路165號,25.0549,121.5339,True,中山,82,1.1134142169563197,Medium Risk,"Nearest AQI station (中山) AQI: 82, Indoor facility"
大同高中,臺北市中山區,中山區長春路167號,25.055,121.5351,True,中山,82,1.189743985976979,Medium Risk,"Nearest AQI station (中山) AQI: 82, Indoor facility"
新泰國中,新北市新莊區,新泰路359號,25.0551,121.4594,True,菜寮,87,2.6678856949997996,Medium Risk,"Nearest AQI station (菜寮) AQI: 87, Indoor facility"
日新國小,臺北市大同區,大同區太原路151號,25.0553,121.5167,True,大同,75,0.9504231371380428,Medium Risk,"Nearest AQI station (大同) AQI: 75, Indoor facility"
白雲里活動中心,新北市汐止區,水源路2段112、114號,25.05542,121.656768,True,汐止,75,2.007798026803783,Medium Risk,"Nearest AQI station (汐止) AQI: 75, Indoor facility"
泰山體育館,新北市泰山區,公園路54號,25.0556,121.4263,False,新莊,92,2.0572464831212223,Warning,"Nearest AQI station (新莊) AQI: 92, Outdoor facility"
西松高中,臺北市松山區,松山區健康路325巷7號,25.0556,121.5671,True,松山,76,1.316162973194578,Medium Risk,"Nearest AQI station (松山) AQI: 76, Indoor facility"
三光國民小學,新北市三重區,三重區大同南路157號,25.0561,121.4968,False,萬華,76,1.5509115007751277,Warning,"Nearest AQI station (萬華) AQI: 76, Outdoor facility"
東新國小,臺北市南港區,南港區興南街62號,25.0562,121.602,True,松山,76,2.4548429207741926,Medium Risk,"Nearest AQI station (松山) AQI: 76, Indoor facility"
昌隆國小,新北市新莊區,昌隆街63號,25.0563,121.448,True,新莊,92,2.5673845004351206,Medium Risk,"Nearest AQI station (新莊) AQI: 92, Indoor facility"
南港高工,臺北市南港區,南港區興中路29號,25.0563,121.6072,False,松山,76,2.963838750870194,Warning,"Nearest AQI station (松山) AQI: 76, Outdoor facility"
興化國小,新北市新莊區,五工二路50巷2號,25.0564,121.4556,True,菜寮,87,2.916741922591818,Medium Risk,"Nearest AQI station (菜寮) AQI: 87, Indoor facility"
介壽國中,臺北市松山區,松山區延壽街401號,25.0564,121.5565,True,松山,76,2.3382376108742093,Medium Risk,"Nearest AQI station (松山) AQI: 76, Indoor facility"
集美國民小學,新北市三重區,三重區集美街10號,25.0565,121.4879,False,菜寮,87,1.547778562950292,Warning,"Nearest AQI station (菜寮) AQI: 87, Outdoor facility"
蓬萊國小,臺北市大同區,大同區寧夏路35號,25.0565,121.5155,True,大同,75,0.7861550191390588,Medium Risk,"Nearest AQI station (大同) AQI: 75, Indoor facility"
民生國小,臺北市松山區,松山區敦化北路199巷18號,25.0565,121.552,True,中山,82,2.6472201670930726,Medium Risk,"Nearest AQI station (中山) AQI: 82, Indoor facility"
健康國小,臺北市松山區,松山區延壽街168號,25.0566,121.5629,True,松山,76,1.7444961277055517,Medium Risk,"Nearest AQI station (松山) AQI: 76, Indoor facility"
泰山高中,新北市泰山區,辭修路7號,25.0573,121.4285,True,新莊,92,2.186624094225439,Medium Risk,"Nearest AQI station (新莊) AQI: 92, Indoor facility"
南港國小,臺北市南港區,臺北市南港區惠民街67號,25.0575,121.6104,True,汐止,75,3.213554003518794,Medium Risk,"Nearest AQI station (汐止) AQI: 75, Indoor facility"
明志市民活動中心,新北市泰山區,明志路二段426號,25.0577,121.4299,True,新莊,92,2.2092343899632993,Medium Risk,"Nearest AQI station (新莊) AQI: 92, Indoor facility"
菜寮市民活動中心,新北市三重區,三重區中寮街57巷18號,25.0578,121.4928,True,三重,88,1.6500222544342396,Medium Risk,"Nearest AQI station (三重) AQI: 88, Indoor facility"
潮音國小,桃園市大園區,16鄰17號,25.057905,121.168175,False,大園,108,3.476090238287848,High Risk,Nearest AQI station (大園) AQI: 108
育成高中,臺北市南港區,重陽路366號,25.0587,121.6092,True,松山,76,3.2295895381761914,Medium Risk,"Nearest AQI station (松山) AQI: 76, Indoor facility"
光興國民小學,新北市三重區,三重區正義南路62號,25.0589,121.4988,False,大同,75,1.5523526501447957,Warning,"Nearest AQI station (大同) AQI: 75, Outdoor facility"
民族國小,臺北市松山區,臺北市松山區民生東路4段97巷7號,25.0589,121.5519,True,中山,82,2.5844603707772933,Medium Risk,"Nearest AQI station (中山) AQI: 82, Indoor facility"
北峰國小,新北市汐止區,環河街1號,25.058956,121.629106,True,汐止,75,1.4303117038623852,Medium Risk,"Nearest AQI station (汐止) AQI: 75, Indoor facility"
大園國小學生活動中心,桃園市大園區,11鄰中正東路160號,25.059085,121.202671,True,大園,108,0.2139151663675269,High Risk,Nearest AQI station (大園) AQI: 108
泰山區公所,新北市泰山區,明志路1段322號,25.0592,121.4314,False,新莊,92,2.3630454623272823,Warning,"Nearest AQI station (新莊) AQI: 92, Outdoor facility"
東山國小,新北市汐止區,汐平路二段76號,25.059723,121.699553,True,汐止,75,5.961105281666072,Medium Risk,"Nearest AQI station (汐止) AQI: 75, Indoor facility"
民生國中,臺北市松山區,松山區新東街30巷1號,25.0598,121.5673,True,松山,76,1.5765938384688791,Medium Risk,"Nearest AQI station (松山) AQI: 76, Indoor facility"
過圳市民活動中心,新北市三重區,三重區過圳街19號,25.0601,121.4881,True,菜寮,87,1.2148259843502638,Medium Risk,"Nearest AQI station (菜寮) AQI: 87, Indoor facility"
雙蓮國小,臺北市大同區,大同區錦西街51號,25.0601,121.5167,True,大同,75,0.4866902723574467,Medium Risk,"Nearest AQI station (大同) AQI: 75, Indoor facility"
東方科學園區,新北市汐止區,汐止區新台五路一段90號,25.060367,121.64793,False,汐止,75,0.9699439132467218,Warning,"Nearest AQI station (汐止) AQI: 75, Outdoor facility"
中山國中,臺北市松山區,松山區復興北路361巷7號,25.0605,121.5455,True,中山,82,1.9221524184559469,Medium Risk,"Nearest AQI station (中山) AQI: 82, Indoor facility"
潭美國小,臺北市內湖區,內湖區新明路22號,25.0609,121.5908,True,松山,76,1.7252624957380787,Medium Risk,"Nearest AQI station (松山) AQI: 76, Indoor facility"
中正社區活動中心,新北市雙溪區,中正路64號,25.061,121.8515,True,基隆,91,11.92670810990722,Medium Risk,"Nearest AQI station (基隆) AQI: 91, Indoor facility"
三重區公所,新北市三重區,三重區新北大道1段11號,25.0611,121.4885,False,菜寮,87,1.1525340757694145,Warning,"Nearest AQI station (菜寮) AQI: 87, Outdoor facility"
青山國中小,新北市汐止區,莊敬街33號,25.061158,121.656653,True,汐止,75,1.6928788931675722,Medium Risk,"Nearest AQI station (汐止) AQI: 75, Indoor facility"
成淵高中,臺北市大同區,大同區承德路2段235號,25.0613,121.5185,True,大同,75,0.5585034853745806,Medium Risk,"Nearest AQI station (大同) AQI: 75, Indoor facility"
太平國小,臺北市大同區,大同區延平北路2段239號,25.0614,121.5114,True,大同,75,0.29453362829046253,Medium Risk,"Nearest AQI station (大同) AQI: 75, Indoor facility"
永樂國小,臺北市大同區,臺北市大同區延平北路2段266號,25.0617,121.5111,True,大同,75,0.29474327698253006,Medium Risk,"Nearest AQI station (大同) AQI: 75, Indoor facility"
民權公園,臺北市松山區,臺北市松山區民權國小旁,25.0619,121.5575,False,松山,76,2.504603615835561,Warning,"Nearest AQI station (松山) AQI: 76, Outdoor facility"
楓樹福泰市民活動中心,新北市泰山區,楓江路26巷26號,25.062,121.4345,True,新莊,92,2.679377105312085,Medium Risk,"Nearest AQI station (新莊) AQI: 92, Indoor facility"
新生公園棒球場,臺北市中山區,新生北路三段105號,25.062,121.5258,True,中山,82,0.08359651812472323,Medium Risk,"Nearest AQI station (中山) AQI: 82, Indoor facility"
新興國中,臺北市中山區,中山區林森北路511號,25.062,121.5258,True,中山,82,0.08359651812472323,Medium Risk,"Nearest AQI station (中山) AQI: 82, Indoor facility"
臺北市中山運動中心,臺北市中山區,中山北路二段44巷2號,25.062,121.5258,False,中山,82,0.08359651812472323,Warning,"Nearest AQI station (中山) AQI: 82, Outdoor facility"
公西社區活動中心,桃園市龜山區,復興街250巷1-1號,25.062299,121.36028,True,林口,79,1.8219024919366995,Medium Risk,"Nearest AQI station (林口) AQI: 79, Indoor facility"
泰山國小,新北市泰山區,泰林路2段255號,25.0623,121.4313,True,新莊,92,2.707849723130871,Medium Risk,"Nearest AQI station (新莊) AQI: 92, Indoor facility"
民權國小,臺北市松山區,臺北市松山區民權東路4段200號,25.0625,121.5623,True,松山,76,2.152075813073955,Medium Risk,"Nearest AQI station (松山) AQI: 76, Indoor facility"
碧華國民中學,新北市三重區,自強路5段66號,25.0626,121.4903,False,三重,88,1.1678411029058857,Warning,"Nearest AQI station (三重) AQI: 88, Outdoor facility"
榮星花園公園,臺北市中山區,臺北市中山區民權東路3段1號,25.0626,121.5402,False,中山,82,1.377375747259531,Warning,"Nearest AQI station (中山) AQI: 82, Outdoor facility"
大園社區活動中心,桃園市大園區,和平東路89號1樓,25.062655,121.200297,True,大園,108,0.28917168833241486,High Risk,Nearest AQI station (大園) AQI: 108
黎明市民活動中心,新北市泰山區,黎明路23號,25.0627,121.421,True,新莊,92,2.983702488152596,Medium Risk,"Nearest AQI station (新莊) AQI: 92, Indoor facility"
牡丹國小,新北市雙溪區,政光路3號,25.0627,121.8517,True,基隆,91,11.82313740164864,Medium Risk,"Nearest AQI station (基隆) AQI: 91, Indoor facility"
秀峰國小,新北市汐止區,仁愛路90號,25.062874,121.661377,True,汐止,75,2.1051267421043804,Medium Risk,"Nearest AQI station (汐止) AQI: 75, Indoor facility"
中山國小,臺北市中山區,臺北市中山區民權東路1段69號,25.0629,121.5263,True,中山,82,0.06418334198108909,Medium Risk,"Nearest AQI station (中山) AQI: 82, Indoor facility"
三重區綜合運動場,新北市三重區,中正北路特2號,25.063033,121.489253,False,菜寮,87,1.0579246079658622,Warning,"Nearest AQI station (菜寮) AQI: 87, Outdoor facility"
三民國小,臺北市松山區,松山區民權東路5段1號,25.0633,121.5643,True,松山,76,2.0652345944429995,Medium Risk,"Nearest AQI station (松山) AQI: 76, Indoor facility"
明志國民中學,新北市三重區,三重區中正北路107號,25.0634,121.4892,False,菜寮,87,1.028762435793255,Warning,"Nearest AQI station (菜寮) AQI: 87, Outdoor facility"
民權國中,臺北市大同區,大同區重慶北路3段1號,25.0635,121.5139,True,大同,75,0.05249329417337504,Medium Risk,"Nearest AQI station (大同) AQI: 75, Indoor facility"
五常國中,臺北市中山區,中山區復興北路430巷1號,25.0635,121.5431,True,中山,82,1.6740151240573482,Medium Risk,"Nearest AQI station (中山) AQI: 82, Indoor facility"
汐止區公所行政中心,新北市汐止區,汐止區新台五路一段268號,25.063774,121.658894,False,汐止,75,1.8420067443765895,Warning,"Nearest AQI station (汐止) AQI: 75, Outdoor facility"
五常國小,臺北市中山區,中山區五常街16號,25.0642,121.5422,True,中山,82,1.5917496837236347,Medium Risk,"Nearest AQI station (中山) AQI: 82, Indoor facility"
大橋國小,臺北市大同區,大同區重慶北路3段2號,25.0643,121.5134,True,大同,75,0.10959695169393693,Medium Risk,"Nearest AQI station (大同) AQI: 75, Indoor facility"
正義國民小學,新北市三重區,三重區信義西街31號,25.0644,121.4961,False,三重,88,0.9418034928229055,Warning,"Nearest AQI station (三重) AQI: 88, Outdoor facility"
行政區民活動中心,臺北市中山區,松江路367號9樓,25.0644,121.5335,True,中山,82,0.7379460825950828,Medium Risk,"Nearest AQI station (中山) AQI: 82, Indoor facility"
私立東海高中,新北市三重區,三重區集美街212號,25.0648,121.4787,True,菜寮,87,0.5176152168641343,Medium Risk,"Nearest AQI station (菜寮) AQI: 87, Indoor facility"
大同國小,臺北市大同區,大同區大龍街51號,25.0648,121.5161,True,大同,75,0.31640241051673734,Medium Risk,"Nearest AQI station (大同) AQI: 75, Indoor facility"
長興社區活動中心,桃園市蘆竹區,長興路四段325之1號,25.06484198,121.267905,True,大園,108,6.6002598126478045,High Risk,Nearest AQI station (大園) AQI: 108
內厝河濱公園,桃園市蘆竹區,內溪路底,25.06511398,121.278033,False,大園,108,7.620300420411585,High Risk,Nearest AQI station (大園) AQI: 108
泰山國中,新北市泰山區,泰林路2段498號,25.0652,121.426,True,新莊,92,3.0976094815279116,Medium Risk,"Nearest AQI station (新莊) AQI: 92, Indoor facility"
二重國民小學,新北市三重區,三重區大有街10號,25.0652,121.478,False,菜寮,87,0.5166132543130421,Warning,"Nearest AQI station (菜寮) AQI: 87, Outdoor facility"
福安廟,新北市貢寮區,雞母嶺街7號,25.0655,121.8952,False,基隆,91,15.339877743603825,Warning,"Nearest AQI station (基隆) AQI: 91, Outdoor facility"
二重國民中學,新北市三重區,三重區忠孝路三段89號,25.0657,121.4805,False,菜寮,87,0.3652755922959799,Warning,"Nearest AQI station (菜寮) AQI: 87, Outdoor facility"
黎明技術學院,新北市泰山區,黎專路2之2號,25.0658,121.4199,False,新莊,92,3.344531647283816,Warning,"Nearest AQI station (新莊) AQI: 92, Outdoor facility"
裕民國小,新北市新莊區,裕民街123號,25.0659,121.4616,True,菜寮,87,1.9859883457096559,Medium Risk,"Nearest AQI station (菜寮) AQI: 87, Indoor facility"
樟樹國中,新北市汐止區,樟樹二路135號,25.06594,121.639893,True,汐止,75,0.09820201005666924,Medium Risk,"Nearest AQI station (汐止) AQI: 75, Indoor facility"
延平國小,臺北市大同區,大同區昌吉街97號,25.066,121.5124,True,大同,75,0.3158123590346381,Medium Risk,"Nearest AQI station (大同) AQI: 75, Indoor facility"
修德國民小學,新北市三重區,三重區重陽路三段3號,25.0661,121.489,False,菜寮,87,0.8632259913931832,Warning,"Nearest AQI station (菜寮) AQI: 87, Outdoor facility"
大園區老人文康活動中心,桃園市大園區,大觀路118號,25.066173,121.193358,True,大園,108,1.0867675769464906,High Risk,Nearest AQI station (大園) AQI: 108
重陽國民小學,新北市三重區,三重區中正北路113號,25.0663,121.4845,False,菜寮,87,0.4572980390771934,Warning,"Nearest AQI station (菜寮) AQI: 87, Outdoor facility"
秀峰高中,新北市汐止區,忠孝東路201號,25.066456,121.661912,True,汐止,75,2.125578578214404,Medium Risk,"Nearest AQI station (汐止) AQI: 75, Indoor facility"
樟樹國小,新北市汐止區,樟樹一路141巷2號,25.066498,121.641767,True,汐止,75,0.1005698470076228,Medium Risk,"Nearest AQI station (汐止) AQI: 75, Indoor facility"
汐止國小,新北市汐止區,大同路二段313號,25.066688,121.654876,True,汐止,75,1.4176346518668868,Medium Risk,"Nearest AQI station (汐止) AQI: 75, Indoor facility"
南湖高中,臺北市內湖區,內湖區康寧路3段220號,25.0669,121.6111,True,汐止,75,2.9933551541824865,Medium Risk,"Nearest AQI station (汐止) AQI: 75, Indoor facility"
汐止國中,新北市汐止區,大同路二段394號,25.066957,121.658337,True,汐止,75,1.7671562786079922,Medium Risk,"Nearest AQI station (汐止) AQI: 75, Indoor facility"
正義市民活動中心,新北市三重區,三重區雙園街1號,25.0682,121.4975,True,三重,88,0.615627412098491,Medium Risk,"Nearest AQI station (三重) AQI: 88, Indoor facility"
東湖國小,臺北市內湖區,內湖區東湖路115號,25.0685,121.6158,True,汐止,75,2.5315486435753685,Medium Risk,"Nearest AQI station (汐止) AQI: 75, Indoor facility"
新湖國小,臺北市內湖區,臺北市內湖區民權東路6段138號,25.0688,121.5887,True,松山,76,2.3243917308504987,Medium Risk,"Nearest AQI station (松山) AQI: 76, Indoor facility"
金龍國小,新北市汐止區,明峰街201號,25.068806,121.627046,True,汐止,75,1.415386592200745,Medium Risk,"Nearest AQI station (汐止) AQI: 75, Indoor facility"
三民國中,臺北市內湖區,內湖區民權東路6段45號,25.0691,121.5862,True,松山,76,2.257203804559246,Medium Risk,"Nearest AQI station (松山) AQI: 76, Indoor facility"
茄苳里活動中心,新北市汐止區,茄苳路225巷35號,25.069255,121.672058,True,汐止,75,3.1651409194413835,Medium Risk,"Nearest AQI station (汐止) AQI: 75, Indoor facility"
蘭州國中,臺北市大同區,大同區大龍街187巷1號,25.0693,121.5167,True,大同,75,0.7430031794142012,Medium Risk,"Nearest AQI station (大同) AQI: 75, Indoor facility"
內湖區行政大樓,臺北市內湖區,民權東路6段99號8樓,25.069324,121.586898,False,松山,76,2.3051726036972258,Warning,"Nearest AQI station (松山) AQI: 76, Outdoor facility"
崇德國小,新北市汐止區,茄苳路158號,25.069578,121.669187,True,汐止,75,2.882161221923283,Medium Risk,"Nearest AQI station (汐止) AQI: 75, Indoor facility"
新北市立三重商工,新北市三重區,三重區中正北路163號,25.0696,121.4801,False,菜寮,87,0.11815332219427946,Warning,"Nearest AQI station (菜寮) AQI: 87, Outdoor facility"
私立穀保家商,新北市三重區,三重區中正北路560巷38號,25.0697,121.4711,False,菜寮,87,1.0034187372919896,Warning,"Nearest AQI station (菜寮) AQI: 87, Outdoor facility"
更寮國民小學,新北市五股區,四維路2號,25.0698,121.4677,False,菜寮,87,1.3457174424326324,Warning,"Nearest AQI station (菜寮) AQI: 87, Outdoor facility"
六張市民活動中心,新北市三重區,三重區六張街66號,25.0702,121.4938,True,三重,88,0.26809164923142353,Medium Risk,"Nearest AQI station (三重) AQI: 88, Indoor facility"
三重國民小學,新北市三重區,三重區三和路三段1號,25.0704,121.4973,False,三重,88,0.42928216292708277,Warning,"Nearest AQI station (三重) AQI: 88, Outdoor facility"
光榮國民中學,新北市三重區,三重區介壽路26號,25.0705,121.4999,False,三重,88,0.6571302387999253,Warning,"Nearest AQI station (三重) AQI: 88, Outdoor facility"
崇德橋東市民活動中心,新北市汐止區,茄苳路82號,25.070551,121.666953,True,汐止,75,2.6764182313375247,Medium Risk,"Nearest AQI station (汐止) AQI: 75, Indoor facility"
南湖國小,臺北市內湖區,臺北市內湖區康寧路3段200號,25.0706,121.6107,True,汐止,75,3.071205045725493,Medium Risk,"Nearest AQI station (汐止) AQI: 75, Indoor facility"
明湖國中,臺北市內湖區,內湖區康寧路3段60號,25.0706,121.6107,True,汐止,75,3.071205045725493,Medium Risk,"Nearest AQI station (汐止) AQI: 75, Indoor facility"
大園國中學生活動中心,桃園市大園區,4鄰中華路298號,25.070687,121.205022,True,大園,108,1.1059669508149081,High Risk,Nearest AQI station (大園) AQI: 108
和平市民活動中心,新北市三重區,三重區自強路二段90號,25.0707,121.4874,True,菜寮,87,0.6706363502355167,Medium Risk,"Nearest AQI station (菜寮) AQI: 87, Indoor facility"
厚德國民小學,新北市三重區,三重區中孝路一段70號,25.0707,121.4874,False,菜寮,87,0.6706363502355167,Warning,"Nearest AQI station (菜寮) AQI: 87, Outdoor facility"
老人文康活動中心禮堂,新北市三重區,三重區自強路二段93號B1,25.0707,121.4884,True,三重,88,0.5844770957830668,Medium Risk,"Nearest AQI station (三重) AQI: 88, Indoor facility"
光榮國民小學,新北市三重區,三重區介壽路32號,25.0709,121.5013,False,三重,88,0.7783890424710703,Warning,"Nearest AQI station (三重) AQI: 88, Outdoor facility"
明湖國小,臺北市內湖區,內湖區康寧路3段105號,25.0711,121.6106,True,汐止,75,3.0903809839629157,Medium Risk,"Nearest AQI station (汐止) AQI: 75, Indoor facility"
保長坑訓練中心,新北市汐止區,大同路三段469號,25.071337,121.679316,False,汐止,75,3.9195302425923715,Warning,"Nearest AQI station (汐止) AQI: 75, Outdoor facility"
德音國民小學,新北市五股區,明德路2號,25.0714,121.4345,False,新莊,92,3.7224797057448895,Warning,"Nearest AQI station (新莊) AQI: 92, Outdoor facility"
山鼻內厝聯合里民活動中心,桃園市蘆竹區,南山路二段349巷67號,25.071722,121.287518,True,林口,79,7.883821983090494,Medium Risk,"Nearest AQI station (林口) AQI: 79, Indoor facility"
保長國小,新北市汐止區,大同路三段553號,25.071773,121.680851,True,汐止,75,4.079594732355821,Medium Risk,"Nearest AQI station (汐止) AQI: 75, Indoor facility"
東湖國中,臺北市內湖區,內湖區康樂街131號,25.0723,121.6195,True,汐止,75,2.2496323440203625,Medium Risk,"Nearest AQI station (汐止) AQI: 75, Indoor facility"
大園區北港社區活動中心,桃園市大園區,9鄰海墘10-2號,25.072941,121.164351,True,大園,108,4.066653203539888,High Risk,Nearest AQI station (大園) AQI: 108
三石社區活動中心,桃園市大園區,9鄰三和路5號,25.073,121.25823,True,大園,108,5.768106776547769,High Risk,Nearest AQI station (大園) AQI: 108
麗湖國小,臺北市內湖區,內湖區金湖路363巷8號,25.0731,121.6013,True,松山,76,3.4381210299019593,Medium Risk,"Nearest AQI station (松山) AQI: 76, Indoor facility"
大佳國小,臺北市中山區,中山區濱江街107號,25.0733,121.5359,True,中山,82,1.539672765108094,Medium Risk,"Nearest AQI station (中山) AQI: 82, Indoor facility"
大龍國小,臺北市大同區,大同區哈密街47號,25.0734,121.5167,True,大同,75,1.1690778857485764,Medium Risk,"Nearest AQI station (大同) AQI: 75, Indoor facility"
格致高級中學,新北市三重區,三重區大智街260號,25.0738,121.4887,False,三重,88,0.5309825887656509,Warning,"Nearest AQI station (三重) AQI: 88, Outdoor facility"
明倫高中,臺北市大同區,臺北市大同區承德路3段336號,25.0755,121.5199,True,大同,75,1.5039251419984092,Medium Risk,"Nearest AQI station (大同) AQI: 75, Indoor facility"
憲訓中心,新北市五股區,成泰路一段175號,25.0758,121.4349,False,新莊,92,4.213223205725546,Warning,"Nearest AQI station (新莊) AQI: 92, Outdoor facility"
后厝社區活動中心,桃園市大園區,12鄰中華路595號,25.075842,121.211571,True,大園,108,1.8853077866464065,High Risk,Nearest AQI station (大園) AQI: 108
重慶國中,臺北市大同區,大同區敦煌路19號,25.0759,121.5179,True,大同,75,1.4703615772318939,Medium Risk,"Nearest AQI station (大同) AQI: 75, Indoor facility"
臺北市大同運動中心,臺北市大同區,大龍街51號,25.0759,121.5179,False,大同,75,1.4703615772318939,Warning,"Nearest AQI station (大同) AQI: 75, Outdoor facility"
永盛市民活動中心,新北市三重區,三重區車路頭街133號,25.0764,121.4846,True,菜寮,87,0.9031492882073646,Medium Risk,"Nearest AQI station (菜寮) AQI: 87, Indoor facility"
三和國民中學,新北市三重區,三重區三和路四段216號,25.0766,121.4865,False,三重,88,0.8591769388095648,Warning,"Nearest AQI station (三重) AQI: 88, Outdoor facility"
得仁市民活動中心,新北市蘆洲區,中山一路415號6樓,25.0767,121.469,True,菜寮,87,1.4866674968569171,Medium Risk,"Nearest AQI station (菜寮) AQI: 87, Indoor facility"
永福國民小學,新北市三重區,三重區永福街66號,25.077,121.4806,False,菜寮,87,0.8961565200911035,Warning,"Nearest AQI station (菜寮) AQI: 87, Outdoor facility"
內湖國中,臺北市內湖區,內湖區陽光街1號,25.077,121.5887,True,松山,76,3.1695849405328644,Medium Risk,"Nearest AQI station (松山) AQI: 76, Indoor facility"
濱江國小,臺北市中山區,中山區樂群2路266巷99號,25.0773,121.5617,True,松山,76,3.4808633128620454,Medium Risk,"Nearest AQI station (松山) AQI: 76, Indoor facility"
北安國中,臺北市中山區,中山區明水路325號,25.0778,121.5416,True,中山,82,2.2916455030071345,Medium Risk,"Nearest AQI station (中山) AQI: 82, Indoor facility"
內湖高中,臺北市內湖區,內湖區文德路218號,25.0784,121.5865,True,松山,76,3.2563734813452285,Medium Risk,"Nearest AQI station (松山) AQI: 76, Indoor facility"
臺北市內湖運動中心,臺北市內湖區,洲子街12號,25.0784,121.5865,False,松山,76,3.2563734813452285,Warning,"Nearest AQI station (松山) AQI: 76, Outdoor facility"
民生市民活動中心,新北市蘆洲區,民生街129巷14號,25.0785,121.4728,True,菜寮,87,1.346992609991198,Medium Risk,"Nearest AQI station (菜寮) AQI: 87, Indoor facility"
永安國小,臺北市中山區,臺北市中山區明水路397巷19弄1號,25.0787,121.5494,True,中山,82,2.9338682119373667,Medium Risk,"Nearest AQI station (中山) AQI: 82, Indoor facility"
長安市民活動中心,新北市汐止區,長興街一段50號,25.079073,121.670529,True,汐止,75,3.3159542301257465,Medium Risk,"Nearest AQI station (汐止) AQI: 75, Indoor facility"
內湖國小,臺北市內湖區,內湖區內湖路2段41號,25.0791,121.5802,True,松山,76,3.2397282062841914,Medium Risk,"Nearest AQI station (松山) AQI: 76, Indoor facility"
長安國小,新北市汐止區,長興街一段80號,25.079315,121.670789,True,汐止,75,3.351194481306608,Medium Risk,"Nearest AQI station (汐止) AQI: 75, Indoor facility"
更新市民活動中心,新北市五股區,更洲路47號,25.0794,121.4573,True,菜寮,87,2.6573098699462934,Medium Risk,"Nearest AQI station (菜寮) AQI: 87, Indoor facility"
大直高中,臺北市中山區,中山區北安路420號,25.0794,121.5428,True,中山,82,2.505128985948132,Medium Risk,"Nearest AQI station (中山) AQI: 82, Indoor facility"
溪墘湧蓮市民活動中心,新北市蘆洲區,信義路65號,25.079572,121.476051,True,菜寮,87,1.2830787468510734,Medium Risk,"Nearest AQI station (菜寮) AQI: 87, Indoor facility"
濱江國中,臺北市中山區,中山區樂群二路262號,25.0796,121.5607,True,松山,76,3.75336517797304,Medium Risk,"Nearest AQI station (松山) AQI: 76, Indoor facility"
內湖高工,臺北市內湖區,內湖路1段520號,25.0797,121.5754,False,松山,76,3.3182884756925213,Warning,"Nearest AQI station (松山) AQI: 76, Outdoor facility"
劍潭國小,臺北市士林區,士林區通河街16號,25.0799,121.5229,True,中山,82,1.9841845637693276,Medium Risk,"Nearest AQI station (中山) AQI: 82, Indoor facility"
康寧國小,臺北市內湖區,內湖區星雲街121號,25.08,121.5949,True,松山,76,3.7174891251261686,Medium Risk,"Nearest AQI station (松山) AQI: 76, Indoor facility"
徐匯中學,新北市蘆洲區,中山一路1號,25.0803,121.48,False,菜寮,87,1.2663021598037105,Warning,"Nearest AQI station (菜寮) AQI: 87, Outdoor facility"
大直國小,臺北市中山區,中山區大直街2號,25.0805,121.5464,True,中山,82,2.8414845392094024,Medium Risk,"Nearest AQI station (中山) AQI: 82, Indoor facility"
內海貴文宮,桃園市大園區,2鄰內海墘19號,25.080507,121.185356,False,大園,108,2.7730627763848488,High Risk,Nearest AQI station (大園) AQI: 108
長安市民活動中心,新北市蘆洲區,長安街96號4樓,25.0807,121.4619,True,菜寮,87,2.327742885726896,Medium Risk,"Nearest AQI station (菜寮) AQI: 87, Indoor facility"
永安兒童公園市民活動中心,新北市蘆洲區,永安北路二段42之6號,25.081635,121.481944,True,菜寮,87,1.4135214136699767,Medium Risk,"Nearest AQI station (菜寮) AQI: 87, Indoor facility"
麗山國中,臺北市內湖區,內湖區內湖路1段629巷42號,25.0817,121.5752,True,松山,76,3.5415830234152463,Medium Risk,"Nearest AQI station (松山) AQI: 76, Indoor facility"
中路市民活動中心,新北市蘆洲區,光華路107巷11號,25.0821,121.4675,True,菜寮,87,1.9985973899136786,Medium Risk,"Nearest AQI station (菜寮) AQI: 87, Indoor facility"
大湖公園,臺北市內湖區,成功路五段31號旁,25.082835,121.603982,False,汐止,75,4.142811104251298,Warning,"Nearest AQI station (汐止) AQI: 75, Outdoor facility"
立體停車場,新北市五股區,工商路3號,25.083,121.4393,False,菜寮,87,4.483602315783917,Warning,"Nearest AQI station (菜寮) AQI: 87, Outdoor facility"
五股國民中學,新北市五股區,成泰路二段49巷15號,25.0833,121.4357,False,菜寮,87,4.836004437525451,Warning,"Nearest AQI station (菜寮) AQI: 87, Outdoor facility"
五股國民小學,新北市五股區,成泰路2段49號,25.0834,121.4377,False,菜寮,87,4.650160349790085,Warning,"Nearest AQI station (菜寮) AQI: 87, Outdoor facility"
財團法人臺灣省臺北縣基督教徒蘆洲,新北市蘆洲區,三民路26巷71弄2號B1地下室,25.0835,121.4786,False,菜寮,87,1.6362617879753898,Warning,"Nearest AQI station (菜寮) AQI: 87, Outdoor facility"
麗山國小,臺北市內湖區,臺北市內湖區港華街100號,25.0836,121.5725,True,松山,76,3.786511364323433,Medium Risk,"Nearest AQI station (松山) AQI: 76, Indoor facility"
葫蘆國小,臺北市士林區,士林區環河北路3段95號,25.0837,121.507,True,三重,88,1.812761698317668,Medium Risk,"Nearest AQI station (三重) AQI: 88, Indoor facility"
西湖國小,臺北市內湖區,內湖區環山路1段25號,25.0838,121.5657,True,松山,76,3.9770060558890963,Medium Risk,"Nearest AQI station (松山) AQI: 76, Indoor facility"
蘆洲國小,新北市蘆洲區,中正路100號,25.0841,121.47,True,菜寮,87,2.017791810555239,Medium Risk,"Nearest AQI station (菜寮) AQI: 87, Indoor facility"
麗山高中,臺北市內湖區,臺北市內湖區環山路2段100號,25.0841,121.5779,True,松山,76,3.7924232026333726,Medium Risk,"Nearest AQI station (松山) AQI: 76, Indoor facility"
蘆洲區公所,新北市蘆洲區,三民路95號,25.0847,121.4739,False,菜寮,87,1.8927452156783984,Warning,"Nearest AQI station (菜寮) AQI: 87, Outdoor facility"
碧華國民小學,新北市三重區,五華街160號,25.085115,121.490369,False,三重,88,1.4328217957296394,Warning,"Nearest AQI station (三重) AQI: 88, Outdoor facility"
鷺江國小,新北市蘆洲區,民族路7號,25.0853,121.4769,True,菜寮,87,1.864967244947798,Medium Risk,"Nearest AQI station (菜寮) AQI: 87, Indoor facility"
碧湖國小,臺北市內湖區,臺北市內湖區金龍路100號,25.0853,121.5911,True,松山,76,4.121817263909915,Medium Risk,"Nearest AQI station (松山) AQI: 76, Indoor facility"
成功國小,新北市蘆洲區,長安街311號,25.0857,121.4575,True,菜寮,87,3.0139484375970436,Medium Risk,"Nearest AQI station (菜寮) AQI: 87, Indoor facility"
重陽市民活動中心,新北市蘆洲區,集賢路221巷11號,25.0857,121.4837,True,三重,88,1.7760015022194333,Medium Risk,"Nearest AQI station (三重) AQI: 88, Indoor facility"
文湖國小,臺北市內湖區,內湖區文湖街15號,25.0858,121.5601,True,中山,82,4.269139506610799,Medium Risk,"Nearest AQI station (中山) AQI: 82, Indoor facility"
西湖國中,臺北市內湖區,內湖區環山路1段27號,25.0858,121.5657,True,松山,76,4.187799152094567,Medium Risk,"Nearest AQI station (松山) AQI: 76, Indoor facility"
百齡國小,臺北市士林區,士林區福港街205號,25.0862,121.5178,True,士林,74,1.9093169969952726,Medium Risk,"Nearest AQI station (士林) AQI: 74, Indoor facility"
五華國民小學,新北市三重區,三重區集賢路89號,25.0865,121.4931,False,三重,88,1.5460222162469737,Warning,"Nearest AQI station (三重) AQI: 88, Outdoor facility"
三民高中,新北市蘆洲區,三民路96號,25.0866,121.4723,True,菜寮,87,2.150451578948377,Medium Risk,"Nearest AQI station (菜寮) AQI: 87, Indoor facility"
百齡高中,臺北市士林區,士林區承德路4段177號,25.087,121.523,True,士林,74,1.9257111254722916,Medium Risk,"Nearest AQI station (士林) AQI: 74, Indoor facility"
蘆洲國中,新北市蘆洲區,中正路265號,25.0871,121.4664,True,菜寮,87,2.4986950917968818,Medium Risk,"Nearest AQI station (菜寮) AQI: 87, Indoor facility"
新北市立新北高中,新北市三重區,三重區重新路五段656號,25.0874,121.4899,True,三重,88,1.6908579025089463,Medium Risk,"Nearest AQI station (三重) AQI: 88, Indoor facility"
山腳國中,桃園市蘆竹區,海山路319號,25.088009,121.278634,True,大園,108,8.233523112703967,High Risk,Nearest AQI station (大園) AQI: 108
大湖國小,臺北市內湖區,內湖區大湖山莊街170號,25.0881,121.6003,True,汐止,75,4.749105332823579,Medium Risk,"Nearest AQI station (汐止) AQI: 75, Indoor facility"
猴硐國小,新北市瑞芳區,瑞芳區九芎橋路69-1號,25.0889,121.8296,True,基隆,91,8.311351801754439,Medium Risk,"Nearest AQI station (基隆) AQI: 91, Indoor facility"
忠義國小,新北市蘆洲區,光榮路99號,25.0893,121.4639,True,菜寮,87,2.8453361984240293,Medium Risk,"Nearest AQI station (菜寮) AQI: 87, Indoor facility"
北港國小,新北市汐止區,汐萬路二段279號,25.089404,121.645595,True,汐止,75,2.620413759183263,Medium Risk,"Nearest AQI station (汐止) AQI: 75, Indoor facility"
天母棒球場,臺北市士林區,忠誠路二段77號,25.0898,121.5029,False,士林,74,2.0463754710388886,Warning,"Nearest AQI station (士林) AQI: 74, Outdoor facility"
臺北市士林運動中心,臺北市士林區,士商路1號,25.0898,121.5029,False,士林,74,2.0463754710388886,Warning,"Nearest AQI station (士林) AQI: 74, Outdoor facility"
社子國小,臺北市士林區,臺北市士林區延平北路6段308號,25.0898,121.5029,True,士林,74,2.0463754710388886,Medium Risk,"Nearest AQI station (士林) AQI: 74, Indoor facility"
鷺江國中,新北市蘆洲區,長樂路235號,25.0903,121.4618,True,菜寮,87,3.06363889692861,Medium Risk,"Nearest AQI station (菜寮) AQI: 87, Indoor facility"
公民會館,新北市五股區,御史路1巷59號,25.090383,121.440224,False,菜寮,87,4.750497996049289,Warning,"Nearest AQI station (菜寮) AQI: 87, Outdoor facility"
永平市民活動中心,新北市蘆洲區,永平街1號4樓,25.0904,121.4592,True,菜寮,87,3.2436856914642087,Medium Risk,"Nearest AQI station (菜寮) AQI: 87, Indoor facility"
仁愛國小,新北市蘆洲區,民族路488號,25.0915,121.471,True,菜寮,87,2.7031907802570463,Medium Risk,"Nearest AQI station (菜寮) AQI: 87, Indoor facility"
陽明高中,臺北市士林區,士林區中正路510號,25.0918,121.5172,True,士林,74,1.2843292599781615,Medium Risk,"Nearest AQI station (士林) AQI: 74, Indoor facility"
水湳市民活動中心,新北市蘆洲區,民族路426巷17號,25.0927,121.4731,True,菜寮,87,2.7589379769077635,Medium Risk,"Nearest AQI station (菜寮) AQI: 87, Indoor facility"
士林國小,臺北市士林區,臺北市士林區大東路165號,25.0928,121.5251,True,士林,74,1.4475011324178908,Medium Risk,"Nearest AQI station (士林) AQI: 74, Indoor facility"
士林國中,臺北市士林區,士林區中正路345號,25.0943,121.5226,True,士林,74,1.1695175329317822,Medium Risk,"Nearest AQI station (士林) AQI: 74, Indoor facility"
成功市民活動中心,新北市五股區,西雲路163號,25.0944,121.4461,True,菜寮,87,4.514624290177434,Medium Risk,"Nearest AQI station (菜寮) AQI: 87, Indoor facility"
大古山停車場,桃園市蘆竹區,大古山廣場,25.09457695,121.28829,False,林口,79,7.990276255158223,Warning,"Nearest AQI station (林口) AQI: 79, Outdoor facility"
士林高商,臺北市士林區,士林區士商路150號,25.095,121.5163,False,士林,74,0.9280913267832849,Warning,"Nearest AQI station (士林) AQI: 74, Outdoor facility"
士林官邸公園,臺北市士林區,臺北市士林區福林路60號,25.0951,121.5303,False,士林,74,1.6507533258812865,Warning,"Nearest AQI station (士林) AQI: 74, Outdoor facility"
成州市民活動中心,新北市五股區,西雲路267號,25.0981,121.4494,True,菜寮,87,4.544417326354714,Medium Risk,"Nearest AQI station (菜寮) AQI: 87, Indoor facility"
福林國小,臺北市士林區,士林區福志路75號,25.0987,121.5297,True,士林,74,1.4104447040679864,Medium Risk,"Nearest AQI station (士林) AQI: 74, Indoor facility"
文昌國小,臺北市士林區,士林區文林路615巷20號,25.0996,121.5209,True,士林,74,0.5957531398917892,Medium Risk,"Nearest AQI station (士林) AQI: 74, Indoor facility"
地藏禪寺,臺北市士林區,延平北路7段189號,25.099607,121.491108,False,士林,74,2.606541616641431,Warning,"Nearest AQI station (士林) AQI: 74, Outdoor facility"
成州國民小學,新北市五股區,成泰路3段493號,25.0998,121.4505,False,菜寮,87,4.606443605801005,Warning,"Nearest AQI station (菜寮) AQI: 87, Outdoor facility"
沙崙社區活動中心,桃園市大園區,12鄰41-3號,25.101094,121.222571,True,大園,108,4.894111858634054,High Risk,Nearest AQI station (大園) AQI: 108
八德土地公廟,基隆市七堵區,大華一路57巷43-4號,25.1011,121.7166,False,基隆,91,5.374275624313604,Warning,"Nearest AQI station (基隆) AQI: 91, Outdoor facility"
暖同里民活動中心,基隆市暖暖區,暖暖街16巷41號,25.1015,121.7373,True,基隆,91,3.8358380591712375,Medium Risk,"Nearest AQI station (基隆) AQI: 91, Indoor facility"
自強里民活動中心,基隆市七堵區,自強路1號,25.1022,121.7122,True,基隆,91,5.675108677199601,Medium Risk,"Nearest AQI station (基隆) AQI: 91, Indoor facility"
海湖國小,桃園市蘆竹區,海湖東路191巷15號,25.10233,121.26754,True,大園,108,8.000116725590015,High Risk,Nearest AQI station (大園) AQI: 108
雨聲國小,臺北市士林區,士林區至誠路1段62巷70號,25.1027,121.5352,True,士林,74,1.8678306783949004,Medium Risk,"Nearest AQI station (士林) AQI: 74, Indoor facility"
福安國中,臺北市士林區,士林區延平北路7段250號,25.1033,121.4874,True,士林,74,2.946607480599803,Medium Risk,"Nearest AQI station (士林) AQI: 74, Indoor facility"
至善國中,臺北市士林區,臺北市士林區至善路2段360號,25.1035,121.5555,True,士林,74,3.9105530631203966,Medium Risk,"Nearest AQI station (士林) AQI: 74, Indoor facility"
竹圍國小,桃園市大園區,2鄰竹圍街3號,25.103671,121.244253,True,大園,108,6.338623577069766,High Risk,Nearest AQI station (大園) AQI: 108
吉慶國小,新北市瑞芳區,瑞芳區大埔路95號,25.1037,121.7628,True,基隆,91,2.845245609404666,Medium Risk,"Nearest AQI station (基隆) AQI: 91, Indoor facility"
中正高中,臺北市北投區,北投區文林北路77號,25.1045,121.5165,True,士林,74,0.13002995125172576,Medium Risk,"Nearest AQI station (士林) AQI: 74, Indoor facility"
竹圍社區活動中心,桃園市大園區,8鄰竹圍街90-6號,25.104511,121.241682,True,大園,108,6.242064290140524,High Risk,Nearest AQI station (大園) AQI: 108
過港里民活動中心,基隆市暖暖區,過港路54號,25.1049,121.7383,True,基隆,91,3.4754959412916038,Medium Risk,"Nearest AQI station (基隆) AQI: 91, Indoor facility"
雨農國小,臺北市士林區,士林區忠義街1號,25.1053,121.5299,True,士林,74,1.3504928691249996,Medium Risk,"Nearest AQI station (士林) AQI: 74, Indoor facility"
爪峰里活動中心,新北市瑞芳區,三爪子坑路279-2號,25.1056,121.8135,False,基隆,91,5.98496117644911,Warning,"Nearest AQI station (基隆) AQI: 91, Outdoor facility"
富安國小,臺北市士林區,臺北市士林區延平北路8段135號,25.1058,121.4824,True,士林,74,3.46085516127835,Medium Risk,"Nearest AQI station (士林) AQI: 74, Indoor facility"
文林國小,臺北市北投區,北投區文林北路155號,25.1059,121.5147,True,士林,74,0.34658202299063184,Medium Risk,"Nearest AQI station (士林) AQI: 74, Indoor facility"
雙溪國小,臺北市士林區,士林區中社路2段66號,25.1061,121.5638,True,士林,74,4.756116136694313,Medium Risk,"Nearest AQI station (士林) AQI: 74, Indoor facility"
傑魚市民活動中心,新北市瑞芳區,傑魚坑路245巷2-1號2樓,25.1065,121.788,False,基隆,91,3.777290147415223,Warning,"Nearest AQI station (基隆) AQI: 91, Outdoor facility"
福住市民活動中心,新北市瑞芳區,佛堂巷7號,25.106736,121.841768,True,基隆,91,8.596544322963872,Medium Risk,"Nearest AQI station (基隆) AQI: 91, Indoor facility"
新山里活動中心,新北市瑞芳區,金光路241號之1,25.107,121.8515,False,基隆,91,9.530806512088642,Warning,"Nearest AQI station (基隆) AQI: 91, Outdoor facility"
九份國小,新北市瑞芳區,瑞芳區崙頂路145號,25.1071,121.8434,True,基隆,91,8.742457455807655,Medium Risk,"Nearest AQI station (基隆) AQI: 91, Indoor facility"
明德國中,臺北市北投區,北投區明德路50號,25.1075,121.5183,True,士林,74,0.49103873566233397,Medium Risk,"Nearest AQI station (士林) AQI: 74, Indoor facility"
瑞芳國中,新北市瑞芳區,瑞芳區三爪子坑路1號,25.1075,121.8145,True,基隆,91,5.987508451635138,Medium Risk,"Nearest AQI station (基隆) AQI: 91, Indoor facility"
瑞龍市民活動中心,新北市瑞芳區,明燈路3段2號,25.107577,121.809092,True,基隆,91,5.489676109731511,Medium Risk,"Nearest AQI station (基隆) AQI: 91, Indoor facility"
基隆高中,基隆市暖暖區,源遠路20號,25.1077,121.7329,True,基隆,91,3.6294504928299154,Medium Risk,"Nearest AQI station (基隆) AQI: 91, Indoor facility"
觀音市民活動中心,新北市五股區,凌雲路三段17之2號,25.107778,121.43072,True,淡水,107,6.57693273320374,High Risk,Nearest AQI station (淡水) AQI: 107
瑞芳國小,新北市瑞芳區,瑞芳區中山路2號,25.1079,121.8039,True,基隆,91,5.007718582579152,Medium Risk,"Nearest AQI station (基隆) AQI: 91, Indoor facility"
蘭雅國小,臺北市士林區,士林區磺溪57號,25.1084,121.5231,True,士林,74,0.8582423987262938,Medium Risk,"Nearest AQI station (士林) AQI: 74, Indoor facility"
八南里民活動中心,基隆市暖暖區,源遠路27號,25.1086,121.7324,True,基隆,91,3.603179353585325,Medium Risk,"Nearest AQI station (基隆) AQI: 91, Indoor facility"
海口社區活動中心,桃園市大園區,4鄰87-1號2樓,25.108652,121.241381,True,大園,108,6.5872499194970295,High Risk,Nearest AQI station (大園) AQI: 108
瑞芳區公所,新北市瑞芳區,瑞芳區逢甲路82號,25.1088,121.8095,False,基隆,91,5.46892296850034,Warning,"Nearest AQI station (基隆) AQI: 91, Outdoor facility"
八中里民活動中心,基隆市暖暖區,金華街204號,25.1096,121.7296,True,基隆,91,3.7597747493461067,Medium Risk,"Nearest AQI station (基隆) AQI: 91, Indoor facility"
芝山國小,臺北市士林區,臺北市士林區德行東路285號,25.1104,121.5364,True,士林,74,2.136681753581907,Medium Risk,"Nearest AQI station (士林) AQI: 74, Indoor facility"
瑞芳高工,新北市瑞芳區,瑞芳區瑞芳街60號,25.1104,121.8036,False,基隆,91,4.855268462056366,Warning,"Nearest AQI station (基隆) AQI: 91, Outdoor facility"
蘭雅國中,臺北市士林區,士林區忠誠路2段51號,25.1106,121.531,True,士林,74,1.6539164400721316,Medium Risk,"Nearest AQI station (士林) AQI: 74, Indoor facility"
八西里民活動中心,基隆市暖暖區,八堵路35-2號,25.1106,121.7361,True,基隆,91,3.1748082351639497,Medium Risk,"Nearest AQI station (基隆) AQI: 91, Indoor facility"
勸濟堂,新北市瑞芳區,瑞芳區祈堂路53號,25.1107,121.86,False,基隆,91,10.269575615457027,Warning,"Nearest AQI station (基隆) AQI: 91, Outdoor facility"
瓜山國小,新北市瑞芳區,瑞芳區五號路306號,25.1111,121.8569,True,基隆,91,9.95488453244613,Medium Risk,"Nearest AQI station (基隆) AQI: 91, Indoor facility"
明德國小,臺北市北投區,北投區明德路190號,25.1121,121.5218,True,士林,74,1.1028488787411503,Medium Risk,"Nearest AQI station (士林) AQI: 74, Indoor facility"
翠柏新村安養中心-服務大樓,新北市汐止區,永春一路5號,25.112499,121.603216,False,汐止,75,6.3867786914195825,Warning,"Nearest AQI station (汐止) AQI: 75, Outdoor facility"
八德里民活動中心,基隆市七堵區,八德路70號,25.1129,121.7279,True,基隆,91,3.708425164169234,Medium Risk,"Nearest AQI station (基隆) AQI: 91, Indoor facility"
石牌國中,臺北市北投區,臺北市北投區石牌路1段139號,25.1149,121.5142,True,士林,74,1.3091245663077327,Medium Risk,"Nearest AQI station (士林) AQI: 74, Indoor facility"
石牌國小,臺北市北投區,北投區致遠2路80號,25.1157,121.5117,True,士林,74,1.4624113300052866,Medium Risk,"Nearest AQI station (士林) AQI: 74, Indoor facility"
三玉國小,臺北市士林區,士林區天母東路116號,25.118,121.5373,True,士林,74,2.640931038686765,Medium Risk,"Nearest AQI station (士林) AQI: 74, Indoor facility"
天母國中,臺北市士林區,士林區天母東路120號,25.118,121.5381,True,士林,74,2.7047611108007588,Medium Risk,"Nearest AQI station (士林) AQI: 74, Indoor facility"
南榮國小,基隆市仁愛區,南榮路321號,25.1194,121.7439,True,基隆,91,1.9557571698905123,Medium Risk,"Nearest AQI station (基隆) AQI: 91, Indoor facility"
立農國小,臺北市北投區,北投區立農街1段250號,25.1195,121.5053,True,士林,74,2.1302433180522744,Medium Risk,"Nearest AQI station (士林) AQI: 74, Indoor facility"
天母國小,臺北市士林區,士林區天玉街12號,25.1197,121.5274,True,士林,74,2.116093702859582,Medium Risk,"Nearest AQI station (士林) AQI: 74, Indoor facility"
陽明山國小,臺北市士林區,臺北市士林區新安里仰德大道3段 61 號,25.1198,121.5529,True,士林,74,4.0818143414757655,Medium Risk,"Nearest AQI station (士林) AQI: 74, Indoor facility"
溪山國小,臺北市士林區,臺北市士林區至善路三段199號,25.1198,121.5796,True,士林,74,6.595789725708301,Medium Risk,"Nearest AQI station (士林) AQI: 74, Indoor facility"
關渡國中,臺北市北投區,北投區知行路212號,25.1199,121.4673,True,淡水,107,5.28202463933642,High Risk,Nearest AQI station (淡水) AQI: 107
育仁里民活動中心,基隆市仁愛區,南榮路269巷28之1號,25.1204,121.744,True,基隆,91,1.887632502508621,Medium Risk,"Nearest AQI station (基隆) AQI: 91, Indoor facility"
東和市民活動中心,新北市瑞芳區,中山路20號,25.1204,121.8879,False,基隆,91,12.907463145558841,Warning,"Nearest AQI station (基隆) AQI: 91, Outdoor facility"
威遠廟,新北市瑞芳區,明里路7-1號,25.120447,121.868114,False,基隆,91,10.921780883195115,Warning,"Nearest AQI station (基隆) AQI: 91, Outdoor facility"
瑞濱國小,新北市瑞芳區,瑞濱路34號,25.120495,121.820317,False,基隆,91,6.14288461418186,Warning,"Nearest AQI station (基隆) AQI: 91, Outdoor facility"
鶯歌里民活動中心,基隆市安樂區,基隆市安樂區安樂路二段一六四號九樓,25.121,121.7232,True,基隆,91,3.819956693148937,Medium Risk,"Nearest AQI station (基隆) AQI: 91, Indoor facility"
安樂區公所二樓禮堂,基隆市安樂區,基隆市安樂區安樂路二段一六四號二樓,25.1211,121.7232,False,基隆,91,3.8173270289808285,Warning,"Nearest AQI station (基隆) AQI: 91, Outdoor facility"
瑞濱市民活動中心,新北市瑞芳區,瑞芳區建基路1段4之2號,25.1212,121.8205,True,基隆,91,6.149281008132087,Medium Risk,"Nearest AQI station (基隆) AQI: 91, Indoor facility"
壯觀里民活動中心,基隆市安樂區,基隆市安樂區樂利二街62巷282號地下層,25.1213,121.7155,True,基隆,91,4.570126424803907,Medium Risk,"Nearest AQI station (基隆) AQI: 91, Indoor facility"
普宜苑,臺北市士林區,溪山里至善路3段181巷5弄7號,25.1214,121.5773,False,士林,74,6.426943595916371,Warning,"Nearest AQI station (士林) AQI: 74, Outdoor facility"
濂洞國小,新北市瑞芳區,瑞芳區凍頂路101巷80號,25.1223,121.8598,True,基隆,91,10.07056328456921,Medium Risk,"Nearest AQI station (基隆) AQI: 91, Indoor facility"
七賢里民活動中心,基隆市安樂區,基隆市安樂區安和一街十號,25.1228,121.7231,True,基隆,91,3.787243101951488,Medium Risk,"Nearest AQI station (基隆) AQI: 91, Indoor facility"
吉仁里民活動中心,基隆市仁愛區,南新街29之6號,25.1233,121.7442,True,基隆,91,1.7244373997329339,Medium Risk,"Nearest AQI station (基隆) AQI: 91, Indoor facility"
孝岡里民活動中心,基隆市信義區,深澳坑路256-1號,25.1236,121.7913,True,基隆,91,3.205758260937933,Medium Risk,"Nearest AQI station (基隆) AQI: 91, Indoor facility"
新安里臨時聚會場所,臺北市士林區,新安路85號,25.124093,121.553582,False,士林,74,4.375129897142268,Warning,"Nearest AQI station (士林) AQI: 74, Outdoor facility"
獅球書院聯合里民活動中心,基隆市仁愛區,獅球路50號,25.1241,121.7367,True,基隆,91,2.4178741964736674,Medium Risk,"Nearest AQI station (基隆) AQI: 91, Indoor facility"
長樂國小餐廳旁空間,基隆市安樂區,基隆市安樂區樂利三街34巷52號,25.1249,121.7136,True,基隆,91,4.700842510323496,Medium Risk,"Nearest AQI station (基隆) AQI: 91, Indoor facility"
仁愛區公所,基隆市仁愛區,光一路28號6樓,25.1252,121.7367,False,基隆,91,2.3923203672549986,Warning,"Nearest AQI station (基隆) AQI: 91, Outdoor facility"
光華里民活動中心,基隆市仁愛區,光一路28號5樓,25.1252,121.7367,True,基隆,91,2.3923203672549986,Medium Risk,"Nearest AQI station (基隆) AQI: 91, Indoor facility"
兆連里民活動中心,基隆市仁愛區,獅球路25巷8號,25.1253,121.7389,True,基隆,91,2.1727936061998485,Medium Risk,"Nearest AQI station (基隆) AQI: 91, Indoor facility"
林泉里民活動中心,基隆市仁愛區,復興街60巷2號,25.1254,121.7525,True,基隆,91,0.8683810950197139,Medium Risk,"Nearest AQI station (基隆) AQI: 91, Indoor facility"
竹圍國小自強分校,新北市淡水區,自強路33號,25.1257,121.464,True,淡水,107,4.563041384981452,High Risk,Nearest AQI station (淡水) AQI: 107
四維里民活動中心,基隆市安樂區,基隆市安樂區安和一街一二八之一號,25.1258,121.7239,True,基隆,91,3.659101550701076,Medium Risk,"Nearest AQI station (基隆) AQI: 91, Indoor facility"
福仁里民活動中心,基隆市仁愛區,南榮路117巷31弄1號,25.1258,121.7438,True,基隆,91,1.678803817582115,Medium Risk,"Nearest AQI station (基隆) AQI: 91, Indoor facility"
長樂國小活動中心,基隆市安樂區,基隆市安樂區樂利三街30巷123號,25.1261,121.7116,True,基隆,91,4.89006376679228,Medium Risk,"Nearest AQI station (基隆) AQI: 91, Indoor facility"
三民里民活動中心,基隆市安樂區,基隆市安樂區麥金路439巷2號,25.1261,121.719,True,基隆,91,4.147231073163489,Medium Risk,"Nearest AQI station (基隆) AQI: 91, Indoor facility"
和明里民活動中心,基隆市仁愛區,仁二路137巷2弄1之3號,25.1261,121.7459,True,基隆,91,1.4653488025140946,Medium Risk,"Nearest AQI station (基隆) AQI: 91, Indoor facility"
禮儀里民活動中心,基隆市信義區,東明路77巷68號,25.1262,121.7617,True,基隆,91,0.36910145646162856,Medium Risk,"Nearest AQI station (基隆) AQI: 91, Indoor facility"
關渡國小,臺北市北投區,北投區中央北路4段581號,25.1268,121.4668,True,淡水,107,4.549485428217195,High Risk,Nearest AQI station (淡水) AQI: 107
清江國小,臺北市北投區,北投區公?路220號,25.1269,121.5076,True,士林,74,2.7741328950331643,Medium Risk,"Nearest AQI station (士林) AQI: 74, Indoor facility"
孝深里民活動中心,基隆市信義區,深澳坑路75號,25.1269,121.7854,True,基隆,91,2.5638425389754165,Medium Risk,"Nearest AQI station (基隆) AQI: 91, Indoor facility"
禮東里民活動中心,基隆市信義區,東明路67巷7號,25.127,121.7624,True,基隆,91,0.3372613067378923,Medium Risk,"Nearest AQI station (基隆) AQI: 91, Indoor facility"
東明里民活動中心,基隆市信義區,東信路35巷47號1樓,25.127,121.767,True,基隆,91,0.7394258608478659,Medium Risk,"Nearest AQI station (基隆) AQI: 91, Indoor facility"
文安里民活動中心,基隆市仁愛區,仁五路20號2樓,25.1271,121.7411,True,基隆,91,1.9221198071676853,Medium Risk,"Nearest AQI station (基隆) AQI: 91, Indoor facility"
玉田里民活動中心,基隆市仁愛區,愛四路2巷22之1號,25.1271,121.7438,True,基隆,91,1.6525767113539167,Medium Risk,"Nearest AQI station (基隆) AQI: 91, Indoor facility"
智仁里民活動中心,基隆市仁愛區,延平街7號,25.1272,121.7486,True,基隆,91,1.173848860423439,Medium Risk,"Nearest AQI station (基隆) AQI: 91, Indoor facility"
花崗里活動中心,基隆市仁愛區,劉銘傳路11巷24弄3號,25.1272,121.7518,True,基隆,91,0.8594405237290264,Medium Risk,"Nearest AQI station (基隆) AQI: 91, Indoor facility"
新忠勇里民活動中心,基隆市仁愛區,仁三路3巷2弄1-1號,25.1274,121.7445,True,基隆,91,1.578321171952995,Medium Risk,"Nearest AQI station (基隆) AQI: 91, Indoor facility"
忠勇里民活動中心,基隆市仁愛區,愛五路6巷32號,25.1274,121.745,True,基隆,91,1.5283898906236215,Medium Risk,"Nearest AQI station (基隆) AQI: 91, Indoor facility"
智慧里民活動中心,基隆市信義區,仁一路7巷61號,25.1275,121.7544,True,基隆,91,0.5988087893435959,Medium Risk,"Nearest AQI station (基隆) AQI: 91, Indoor facility"
明德里民活動中心,基隆市仁愛區,自來街13巷5之2號,25.1276,121.739,True,基隆,91,2.1268837275998402,Medium Risk,"Nearest AQI station (基隆) AQI: 91, Indoor facility"
仁愛國小,基隆市仁愛區,仁二路139號,25.128,121.746,True,基隆,91,1.4209706697604512,Medium Risk,"Nearest AQI station (基隆) AQI: 91, Indoor facility"
博愛里民活動中心,基隆市仁愛區,愛一路8號3樓之7,25.1282,121.7408,True,基隆,91,1.941501159287939,Medium Risk,"Nearest AQI station (基隆) AQI: 91, Indoor facility"
虹橋水錦聯合里民活動中心,基隆市仁愛區,仁二路53號,25.1282,121.7498,True,基隆,91,1.0380659809903496,Medium Risk,"Nearest AQI station (基隆) AQI: 91, Indoor facility"
朝棟里民活動中心,基隆市仁愛區,成功一路133巷5號,25.1283,121.7362,True,基隆,91,2.403541301298434,Medium Risk,"Nearest AQI station (基隆) AQI: 91, Indoor facility"
義民里民活動中心,基隆市信義區,信一路6號4樓,25.1285,121.7553,True,基隆,91,0.4845011920377704,Medium Risk,"Nearest AQI station (基隆) AQI: 91, Indoor facility"
東安里民活動中心,基隆市信義區,東信路10-2號,25.1286,121.7681,True,基隆,91,0.8122470444224683,Medium Risk,"Nearest AQI station (基隆) AQI: 91, Indoor facility"
新店里民活動中心,基隆市仁愛區,孝一路100之1號2樓旁通道,25.1287,121.7406,True,基隆,91,1.9593397866397297,Medium Risk,"Nearest AQI station (基隆) AQI: 91, Indoor facility"
義和里民活動中心,基隆市信義區,信一路6號3樓,25.1287,121.7575,True,基隆,91,0.26250207034888107,Medium Risk,"Nearest AQI station (基隆) AQI: 91, Indoor facility"
同風里民活動中心,基隆市仁愛區,孝二路39號七樓12室（忠孝大樓）,25.1289,121.7394,True,基隆,91,2.079666761234322,Medium Risk,"Nearest AQI station (基隆) AQI: 91, Indoor facility"
平等國小,臺北市士林區,士林區平等里平菁街101號,25.1291,121.5763,True,士林,74,6.6525159763509265,Medium Risk,"Nearest AQI station (士林) AQI: 74, Indoor facility"
市立體育館,基隆市信義區,信二路40-1號,25.1293,121.7569,False,基隆,91,0.318060347669226,Warning,"Nearest AQI station (基隆) AQI: 91, Outdoor facility"
義昭里民活動中心,基隆市信義區,信二路157號,25.1294,121.7526,True,基隆,91,0.7510465183478943,Medium Risk,"Nearest AQI station (基隆) AQI: 91, Indoor facility"
新建里民活動中心,基隆市中山區,成功二路2之1號,25.1295,121.7373,True,基隆,91,2.2911569897417623,Medium Risk,"Nearest AQI station (基隆) AQI: 91, Indoor facility"
基隆市信義區公所,基隆市信義區,信二路179號,25.1295,121.7513,False,基隆,91,0.8822482187347028,Warning,"Nearest AQI station (基隆) AQI: 91, Outdoor facility"
深澳里市民活動中心,新北市瑞芳區,深澳路67 之1號,25.129623,121.817974,True,基隆,91,5.830851167427871,Medium Risk,"Nearest AQI station (基隆) AQI: 91, Indoor facility"
仁德里民活動中心,基隆市仁愛區,孝一路82之1號2樓旁通道,25.1297,121.7412,True,基隆,91,1.8991662721885731,Medium Risk,"Nearest AQI station (基隆) AQI: 91, Indoor facility"
東信里民活動中心,基隆市信義區,東信路258巷54號,25.1298,121.7627,True,基隆,91,0.27532166999244895,Medium Risk,"Nearest AQI station (基隆) AQI: 91, Indoor facility"
安樂國小活動中心,基隆市安樂區,基隆市安樂區安一路177巷23號,25.1302,121.7302,True,基隆,91,3.0078037199667764,Medium Risk,"Nearest AQI station (基隆) AQI: 91, Indoor facility"
孝德里民活動中心,基隆市信義區,東峰街154號,25.1305,121.7767,True,基隆,91,1.682096116422157,Medium Risk,"Nearest AQI station (基隆) AQI: 91, Indoor facility"
文昌里民活動中心,基隆市仁愛區,孝四路10之1號（陸橋下）,25.1307,121.7385,True,基隆,91,2.176727297534782,Medium Risk,"Nearest AQI station (基隆) AQI: 91, Indoor facility"
仁義里民活動中心,基隆市信義區,信二路246巷32號,25.1307,121.7508,True,基隆,91,0.9472651682964296,Medium Risk,"Nearest AQI station (基隆) AQI: 91, Indoor facility"
安民里民活動中心,基隆市中山區,安一路94號,25.1309,121.7361,True,基隆,91,2.4193350846615496,Medium Risk,"Nearest AQI station (基隆) AQI: 91, Indoor facility"
格致國中,臺北市士林區,士林區仰德大道4段75號,25.1311,121.5468,True,士林,74,4.328303153569002,Medium Risk,"Nearest AQI station (士林) AQI: 74, Indoor facility"
西華里民活動中心,基隆市中山區,西定路102號,25.1317,121.7354,True,基隆,91,2.4980386976233757,Medium Risk,"Nearest AQI station (基隆) AQI: 91, Indoor facility"
安和及慈仁里民活動中心,基隆市安樂區,基隆市安樂區安一路一七七巷廿三之1號,25.1318,121.7319,True,基隆,91,2.8495323479579295,Medium Risk,"Nearest AQI station (基隆) AQI: 91, Indoor facility"
安平里民活動中心,基隆市中山區,中山一路91號,25.1319,121.7377,True,基隆,91,2.270992400282513,Medium Risk,"Nearest AQI station (基隆) AQI: 91, Indoor facility"
龍米市民活動中心,新北市八里區,龍源里龍米路1段223號,25.132,121.4511,True,淡水,107,3.6186865799491015,High Risk,Nearest AQI station (淡水) AQI: 107
東信國小,基隆市信義區,正信路26號,25.1321,121.7605,True,基隆,91,0.32918337943359127,Medium Risk,"Nearest AQI station (基隆) AQI: 91, Indoor facility"
干城里民活動中心,基隆市安樂區,基隆市安樂區安一路278巷31之1號,25.1324,121.7296,True,基隆,91,3.0869878951484324,Medium Risk,"Nearest AQI station (基隆) AQI: 91, Indoor facility"
北投區區民活動中心,臺北市北投區,臺北市新市街30號6樓,25.1325,121.5024,True,士林,74,3.546219426702348,Medium Risk,"Nearest AQI station (士林) AQI: 74, Indoor facility"
西榮里民活動中心,基隆市中山區,西定路80巷48號,25.1332,121.7363,True,基隆,91,2.4331750401686776,Medium Risk,"Nearest AQI station (基隆) AQI: 91, Indoor facility"
安樂高中活動中心,基隆市安樂區,基隆市安樂區安一路360號,25.1336,121.7333,True,基隆,91,2.738227513529019,Medium Risk,"Nearest AQI station (基隆) AQI: 91, Indoor facility"
北投國小,臺北市北投區,臺北市北投區中央北路1段173號,25.1342,121.5003,True,士林,74,3.80646271530357,Medium Risk,"Nearest AQI station (士林) AQI: 74, Indoor facility"
北投國中,臺北市北投區,北投區溫泉路62號,25.1345,121.5042,True,士林,74,3.6850540462060626,Medium Risk,"Nearest AQI station (士林) AQI: 74, Indoor facility"
中山里民活動中心,基隆市中山區,中山一路219號二樓,25.1345,121.7394,True,基隆,91,2.162310376579367,Medium Risk,"Nearest AQI station (基隆) AQI: 91, Indoor facility"
民治里民活動中心,基隆市中山區,中山一路219號一樓,25.1345,121.7395,True,基隆,91,2.1526312674808987,Medium Risk,"Nearest AQI station (基隆) AQI: 91, Indoor facility"
東光里民活動中心,基隆市信義區,崇法街133號地下室,25.1345,121.7683,True,基隆,91,1.0200017477368797,Medium Risk,"Nearest AQI station (基隆) AQI: 91, Indoor facility"
桃源國中,臺北市北投區,北投區中央北路4段48號,25.1347,121.4773,True,淡水,107,4.354020842360671,High Risk,Nearest AQI station (淡水) AQI: 107
港通及正義里民活動中心,基隆市中正區,義一路87號7樓之1,25.1347,121.7467,True,基隆,91,1.478605303137262,Medium Risk,"Nearest AQI station (基隆) AQI: 91, Indoor facility"
私立聖心女中,新北市八里區,龍米路一段263號,25.1348,121.4496,False,淡水,107,3.3026892107113155,High Risk,Nearest AQI station (淡水) AQI: 107
信義里民活動中心,基隆市中正區,信六路21號2樓,25.135,121.7477,True,基隆,91,1.402804782539332,Medium Risk,"Nearest AQI station (基隆) AQI: 91, Indoor facility"
新豐里民活動中心,基隆市中正區,新豐街482號3樓,25.1356,121.7852,True,基隆,91,2.6303288744215028,Medium Risk,"Nearest AQI station (基隆) AQI: 91, Indoor facility"
中正國小活動中心,基隆市中正區,中船路36巷4號,25.1357,121.7511,True,基隆,91,1.157825607976899,Medium Risk,"Nearest AQI station (基隆) AQI: 91, Indoor facility"
興寮里民活動中心,基隆市安樂區,基隆市安樂區基金一路41號,25.136,121.7203,True,基隆,91,4.073633537208629,Medium Risk,"Nearest AQI station (基隆) AQI: 91, Indoor facility"
西川里民活動中心,基隆市安樂區,基隆市安樂區新西街一號,25.1365,121.7322,True,基隆,91,2.92033989926312,Medium Risk,"Nearest AQI station (基隆) AQI: 91, Indoor facility"
文化國小,臺北市北投區,北投區文化3路1號,25.1371,121.4967,True,士林,74,4.258134453365987,Medium Risk,"Nearest AQI station (士林) AQI: 74, Indoor facility"
西定里民活動中心,基隆市中山區,西定路230號三樓,25.1371,121.7323,True,基隆,91,2.9300583439467847,Medium Risk,"Nearest AQI station (基隆) AQI: 91, Indoor facility"
中興里民活動中心,基隆市中山區,中山二路11號,25.1371,121.7407,True,基隆,91,2.1388869050808,Medium Risk,"Nearest AQI station (基隆) AQI: 91, Indoor facility"
三砂灣聯合里民活動中心,基隆市中正區,中船路11號2樓,25.1374,121.7503,True,基隆,91,1.3426170606042702,Medium Risk,"Nearest AQI station (基隆) AQI: 91, Indoor facility"
外寮里民活動中心,基隆市安樂區,基隆市安樂區基金一路129巷6-1號,25.1375,121.7111,True,基隆,91,5.014612945146395,Medium Risk,"Nearest AQI station (基隆) AQI: 91, Indoor facility"
民生活動中心,新北市淡水區,民生路27號,25.138,121.4613,True,淡水,107,3.1869355686287926,High Risk,Nearest AQI station (淡水) AQI: 107
復興崗營區,臺北市北投區,中央北路二段70號,25.1381,121.4929,False,士林,74,4.545668570506008,Warning,"Nearest AQI station (士林) AQI: 74, Outdoor facility"
逸仙國小,臺北市北投區,臺北市北投區新民路2號,25.1383,121.5052,True,士林,74,4.05507764281246,Medium Risk,"Nearest AQI station (士林) AQI: 74, Indoor facility"
新民國中,臺北市北投區,臺北市北投區新民路10號,25.1389,121.5065,True,士林,74,4.084339939054174,Medium Risk,"Nearest AQI station (士林) AQI: 74, Indoor facility"
臺北市北投運動中心,臺北市北投區,石牌路一段39巷100號,25.1389,121.5065,False,士林,74,4.084339939054174,Warning,"Nearest AQI station (士林) AQI: 74, Outdoor facility"
復興公園,臺北市北投區,臺北市北投區中和街200號,25.139,121.5024,False,士林,74,4.217228133517993,Warning,"Nearest AQI station (士林) AQI: 74, Outdoor facility"
砂子里民活動中心,基隆市中正區,調和街3號3樓,25.1391,121.7965,True,基隆,91,3.8313462721201943,Medium Risk,"Nearest AQI station (基隆) AQI: 91, Indoor facility"
桃源國小,臺北市北投區,北投區中央北路3段40巷45號,25.1396,121.4845,True,淡水,107,4.50133075713647,High Risk,Nearest AQI station (淡水) AQI: 107
八里國中,新北市八里區,荖阡坑路15號,25.1399,121.4013,True,淡水,107,5.546562217114993,High Risk,Nearest AQI station (淡水) AQI: 107
新西里民活動中心,基隆市安樂區,基隆市安樂區新西街106-1號,25.14,121.7271,True,基隆,91,3.5294710377606586,Medium Risk,"Nearest AQI station (基隆) AQI: 91, Indoor facility"
八斗高中活動中心,基隆市中正區,新豐街100號,25.1401,121.7885,True,基隆,91,3.1107346073745146,Medium Risk,"Nearest AQI station (基隆) AQI: 91, Indoor facility"
中山高中分部活動中心,基隆市中山區,中山二路105巷144號,25.1405,121.735,True,基隆,91,2.8195676854532765,Medium Risk,"Nearest AQI station (基隆) AQI: 91, Indoor facility"
仁正里民活動中心,基隆市中山區,中山二路109巷13號,25.1407,121.7387,True,基隆,91,2.5032591446687595,Medium Risk,"Nearest AQI station (基隆) AQI: 91, Indoor facility"
中砂里民活動中心,基隆市中正區,豐稔街50號,25.1408,121.7608,True,基隆,91,1.2956969877343876,Medium Risk,"Nearest AQI station (基隆) AQI: 91, Indoor facility"
碧砂里民活動中心,基隆市中正區,環港街84號2樓,25.141,121.7926,True,基隆,91,3.530419237343495,Medium Risk,"Nearest AQI station (基隆) AQI: 91, Indoor facility"
西康里民活動中心,基隆市中山區,復興路24號,25.1416,121.727,True,基隆,91,3.6033573319923695,Medium Risk,"Nearest AQI station (基隆) AQI: 91, Indoor facility"
中和里民活動中心,基隆市中山區,中平街95號,25.1418,121.7225,True,基隆,91,4.033127771996144,Medium Risk,"Nearest AQI station (基隆) AQI: 91, Indoor facility"
義方國小,臺北市北投區,北投區珠海路155號,25.142,121.5093,True,士林,74,4.362246297223909,Medium Risk,"Nearest AQI station (士林) AQI: 74, Indoor facility"
正砂里民活動中心,基隆市中正區,中正路211號,25.142,121.7604,True,基隆,91,1.427384610135809,Medium Risk,"Nearest AQI station (基隆) AQI: 91, Indoor facility"
砂灣里民活動中心,基隆市中正區,祥豐街66號3樓,25.142,121.7639,True,基隆,91,1.4785005347949138,Medium Risk,"Nearest AQI station (基隆) AQI: 91, Indoor facility"
健民里民活動中心,基隆市中山區,健民街5號,25.1423,121.7376,True,基隆,91,2.69120342788504,Medium Risk,"Nearest AQI station (基隆) AQI: 91, Indoor facility"
和平里民活動中心,基隆市中山區,中山三路103巷82之2號,25.1427,121.7444,True,基隆,91,2.179045651454179,Medium Risk,"Nearest AQI station (基隆) AQI: 91, Indoor facility"
中崙里民活動中心,基隆市安樂區,基隆市安樂區基金二路三巷三號,25.143,121.7023,True,基隆,91,6.014031334069437,Medium Risk,"Nearest AQI station (基隆) AQI: 91, Indoor facility"
八斗里民活動中心,基隆市中正區,八斗街57號,25.1432,121.7967,True,基隆,91,4.005223235748731,Medium Risk,"Nearest AQI station (基隆) AQI: 91, Indoor facility"
復興高中,臺北市北投區,北投區復興四路70號,25.1437,121.5018,True,士林,74,4.7307246433855346,Medium Risk,"Nearest AQI station (士林) AQI: 74, Indoor facility"
居仁里民活動中心,基隆市中山區,通仁街162號,25.1438,121.7341,True,基隆,91,3.078066178690618,Medium Risk,"Nearest AQI station (基隆) AQI: 91, Indoor facility"
通化里民活動中心,基隆市中山區,復旦路10號,25.1455,121.7393,True,基隆,91,2.7683744886981576,Medium Risk,"Nearest AQI station (基隆) AQI: 91, Indoor facility"
中山國小,基隆市中山區,通仁街28號,25.14597,121.735939,True,基隆,91,3.0634472469896123,Medium Risk,"Nearest AQI station (基隆) AQI: 91, Indoor facility"
竹圍高中,新北市淡水區,竹林路35號,25.146,121.4617,True,淡水,107,2.4092893274414577,High Risk,Nearest AQI station (淡水) AQI: 107
建國里民活動中心,基隆市中正區,祥豐街467號2樓,25.146,121.7696,True,基隆,91,2.1039098658237583,Medium Risk,"Nearest AQI station (基隆) AQI: 91, Indoor facility"
中和國小,基隆市中山區,中和路64號,25.1462,121.7204,True,基隆,91,4.418434874338504,Medium Risk,"Nearest AQI station (基隆) AQI: 91, Indoor facility"
德和里民活動中心,基隆市中山區,復興路206號,25.1464,121.7268,True,基隆,91,3.8573017768162465,Medium Risk,"Nearest AQI station (基隆) AQI: 91, Indoor facility"
米倉國小,新北市八里區,龍米路2段129巷1號,25.1468,121.4454,True,淡水,107,2.005720071440286,High Risk,Nearest AQI station (淡水) AQI: 107
仙洞國小,基隆市中山區,仁安街141號,25.147188,121.747111,True,基隆,91,2.39027630677113,Medium Risk,"Nearest AQI station (基隆) AQI: 91, Indoor facility"
竹圍國小,新北市淡水區,中正東路2段145號,25.1475,121.4602,True,淡水,107,2.1886878639838923,High Risk,Nearest AQI station (淡水) AQI: 107
仙洞里民活動中心,基隆市中山區,太白街2之3號,25.1477,121.7464,True,基隆,91,2.477189759836976,Medium Risk,"Nearest AQI station (基隆) AQI: 91, Indoor facility"
通明里休閒活動中心,基隆市中山區,中華路42號,25.1479,121.7382,True,基隆,91,3.029742450680427,Medium Risk,"Nearest AQI station (基隆) AQI: 91, Indoor facility"
基隆海事活動中心,基隆市中正區,祥豐街246號,25.148,121.7715,True,基隆,91,2.3900771694669434,Medium Risk,"Nearest AQI station (基隆) AQI: 91, Indoor facility"
通明里民活動中心,基隆市中山區,中華路46巷2號,25.1483,121.7382,True,基隆,91,3.0604898738656177,Medium Risk,"Nearest AQI station (基隆) AQI: 91, Indoor facility"
中濱里民活動中心,基隆市中正區,武昌街70巷23號,25.1485,121.7642,True,基隆,91,2.1898302311021736,Medium Risk,"Nearest AQI station (基隆) AQI: 91, Indoor facility"
文化活動中心,新北市八里區,中山路2段251號1樓,25.1487,121.4029,True,淡水,107,4.983859190431158,High Risk,Nearest AQI station (淡水) AQI: 107
泉源國小,臺北市北投區,臺北市北投區東昇路34號,25.1492,121.5243,True,陽明,47,3.765204670417868,Low Risk,
八里國小,新北市八里區,中山路二段338號,25.1495,121.403,True,淡水,107,4.943710354783909,High Risk,Nearest AQI station (淡水) AQI: 107
中正里民活動中心,基隆市中正區,中正路656巷146號,25.1495,121.7672,True,基隆,91,2.3725382913726705,Medium Risk,"Nearest AQI station (基隆) AQI: 91, Indoor facility"
德安里民活動中心,基隆市中山區,復興路259巷1之1號,25.1499,121.7264,True,基隆,91,4.097882580236821,Medium Risk,"Nearest AQI station (基隆) AQI: 91, Indoor facility"
湖山國小,臺北市北投區,臺北市北投區湖底路11號,25.15,121.5355,True,陽明,47,3.6869275732303706,Low Risk,
國立臺灣海洋大學,基隆市中正區,北寧路2號,25.150069,121.776731,False,基隆,91,2.8669465021043243,Warning,"Nearest AQI station (基隆) AQI: 91, Outdoor facility"
大慶活動中心,基隆市中山區,中和路168巷10弄37號,25.151,121.7153,True,基隆,91,5.117690262432129,Medium Risk,"Nearest AQI station (基隆) AQI: 91, Indoor facility"
中正區公所,基隆市中正區,中正路674號7樓,25.1515,121.7678,False,基隆,91,2.6027897537297666,Warning,"Nearest AQI station (基隆) AQI: 91, Outdoor facility"
太白里民活動中心,基隆市中山區,光華路7號2樓,25.1518,121.743,True,基隆,91,3.0465268723232555,Medium Risk,"Nearest AQI station (基隆) AQI: 91, Indoor facility"
基隆市中山區公所,基隆市中山區,文化路168號五樓,25.1526,121.7295,False,基隆,91,4.031108592177704,Warning,"Nearest AQI station (基隆) AQI: 91, Outdoor facility"
文化里民活動中心,基隆市中山區,文化路161巷44之5號,25.1535,121.7317,True,基隆,91,3.932945066482936,Medium Risk,"Nearest AQI station (基隆) AQI: 91, Indoor facility"
中山高中活動中心,基隆市中山區,文化路162號,25.1542,121.7307,True,基隆,91,4.059561619735565,Medium Risk,"Nearest AQI station (基隆) AQI: 91, Indoor facility"
和平島聯合里民活動中心,基隆市中正區,和一路155巷14號,25.1546,121.7643,True,基隆,91,2.860105173452582,Medium Risk,"Nearest AQI station (基隆) AQI: 91, Indoor facility"
大屯國小,臺北市北投區,北投區復興三路312號,25.1547,121.5043,True,陽明,47,4.022808477044955,Low Risk,
平寮里民活動中心,基隆市中正區,和一路186號,25.1551,121.7638,True,基隆,91,2.908141085442653,Medium Risk,"Nearest AQI station (基隆) AQI: 91, Indoor facility"
和平國小活動中心,基隆市中正區,和一路84巷26號,25.15565,121.766067,True,基隆,91,3.006294319984908,Medium Risk,"Nearest AQI station (基隆) AQI: 91, Indoor facility"
協和里民活動中心,基隆市中山區,協和路150號,25.1573,121.7345,True,基隆,91,4.05010958977906,Medium Risk,"Nearest AQI station (基隆) AQI: 91, Indoor facility"
坪頂國小,新北市淡水區,小坪頂18號,25.1583,121.4839,True,淡水,107,3.5558940044662615,High Risk,Nearest AQI station (淡水) AQI: 107
大崁老人活動中心,新北市八里區,中山路1段21號,25.1589,121.4221,True,淡水,107,2.801452969189309,High Risk,Nearest AQI station (淡水) AQI: 107
渡船頭市民活動中心,新北市八里區,渡船頭街11巷8號,25.1589,121.4344,True,淡水,107,1.6180691750008827,High Risk,Nearest AQI station (淡水) AQI: 107
大埤頂市民活動中心,新北市八里區,中山路1段95號,25.1591,121.4152,True,淡水,107,3.4780351390805935,High Risk,Nearest AQI station (淡水) AQI: 107
崁腳國小,新北市萬里區,崁腳里崁腳路59號,25.1599,121.6486,True,汐止,75,10.44400929921063,Medium Risk,"Nearest AQI station (汐止) AQI: 75, Indoor facility"
大崁國小,新北市八里區,忠八街2號,25.1603,121.4194,True,淡水,107,3.03918989755162,High Risk,Nearest AQI station (淡水) AQI: 107
崁腳活動中心,新北市萬里區,崁腳里崁腳路55-1號,25.1605,121.6497,True,汐止,75,10.519383314090144,Medium Risk,"Nearest AQI station (汐止) AQI: 75, Indoor facility"
竿蓁活動中心,新北市淡水區,中正東路一段3巷6號,25.163513,121.451437,True,淡水,107,0.24693964788369066,High Risk,Nearest AQI station (淡水) AQI: 107
興音寺,新北市淡水區,興福寮1-6號,25.163997,121.48835,False,淡水,107,3.936594877080012,High Risk,Nearest AQI station (淡水) AQI: 107
大坪國小,新北市萬里區,萬里區雙興里大坪路19號,25.1642,121.6364,True,汐止,75,10.901700620720147,Medium Risk,"Nearest AQI station (汐止) AQI: 75, Indoor facility"
真聖宮,新北市淡水區,興福寮6之1號,25.165487,121.492159,False,陽明,47,4.225677242442826,Low Risk,
湖田國小,臺北市北投區,北投區竹子湖路17-2號,25.1684,121.5387,True,陽明,47,1.8379081026750563,Low Risk,
樹興里活動中心,新北市淡水區,樹林口14-2號,25.168467,121.476943,True,淡水,107,2.8228049844589314,High Risk,Nearest AQI station (淡水) AQI: 107
長青醫院,新北市淡水區,糞箕湖1-5號,25.171075,121.482713,False,淡水,107,3.4472035660341356,High Risk,Nearest AQI station (淡水) AQI: 107
長庚活動中心,新北市淡水區,中山路72巷1弄10號,25.1711,121.4432,True,淡水,107,0.9528686319066958,High Risk,Nearest AQI station (淡水) AQI: 107
鄧公國小,新北市淡水區,學府路99號,25.1713,121.4493,True,淡水,107,0.7561504217862439,High Risk,Nearest AQI station (淡水) AQI: 107
中興活動中心,新北市淡水區,水源街一段29號,25.1723,121.4432,True,淡水,107,1.0590610467508597,High Risk,Nearest AQI station (淡水) AQI: 107
淡水國小,新北市淡水區,中山路160號,25.1734,121.4414,True,淡水,107,1.2655987263449673,High Risk,Nearest AQI station (淡水) AQI: 107
文化國小,新北市淡水區,真理街6號,25.174,121.4374,True,淡水,107,1.5923027313748954,High Risk,Nearest AQI station (淡水) AQI: 107
淡水國中,新北市淡水區,真理街10號,25.1747,121.4367,True,淡水,107,1.6966884286020547,High Risk,Nearest AQI station (淡水) AQI: 107
萬里國小,新北市萬里區,萬里里瑪鋉路18號,25.176187,121.689132,True,基隆,91,8.848472310560858,Medium Risk,"Nearest AQI station (基隆) AQI: 91, Indoor facility"
萬里國中,新北市萬里區,獅頭路24號,25.177791,121.694414,True,基隆,91,8.537216090553635,Medium Risk,"Nearest AQI station (基隆) AQI: 91, Indoor facility"
萬里區行政大樓,新北市萬里區,萬里里瑪鋉路123號6樓,25.1778,121.6854,False,基隆,91,9.25777642446156,Warning,"Nearest AQI station (基隆) AQI: 91, Outdoor facility"
中華商業海事職業學校,新北市萬里區,瑪鋉路15號,25.177827,121.685353,False,基隆,91,9.263369087249181,Warning,"Nearest AQI station (基隆) AQI: 91, Outdoor facility"
獅頭路瑪鋉公園,新北市萬里區,中萬里加投瑪鋉港口小段269-20地號,25.177832,121.691926,False,基隆,91,8.73527653245902,Warning,"Nearest AQI station (基隆) AQI: 91, Outdoor facility"
水碓活動中心,新北市淡水區,中山北路158號,25.178,121.4442,True,淡水,107,1.5844717382765379,High Risk,Nearest AQI station (淡水) AQI: 107
萬里區行政大樓,新北市萬里區,萬里里瑪鋉路123號6樓,25.178167,121.689623,False,基隆,91,8.941040877883736,Warning,"Nearest AQI station (基隆) AQI: 91, Outdoor facility"
新興活動中心,新北市淡水區,大義街18號,25.178396,121.443054,True,淡水,107,1.665819842786634,High Risk,Nearest AQI station (淡水) AQI: 107
正德國中,新北市淡水區,北新路109號,25.179,121.4476,True,淡水,107,1.620741271221052,High Risk,Nearest AQI station (淡水) AQI: 107
新興國小,新北市淡水區,新興街123號,25.1797,121.44,True,淡水,107,1.9290206289366998,High Risk,Nearest AQI station (淡水) AQI: 107
天生國小,新北市淡水區,淡海路72巷26號,25.1816,121.4243,True,淡水,107,3.1486749261945977,High Risk,Nearest AQI station (淡水) AQI: 107
淡海活動中心,新北市淡水區,淡海路111號,25.181789,121.422969,True,淡水,107,3.2687570718128907,High Risk,Nearest AQI station (淡水) AQI: 107
鎮北宮,新北市萬里區,玉田路4-2號,25.183902,121.680262,False,基隆,91,10.076767174650975,Warning,"Nearest AQI station (基隆) AQI: 91, Outdoor facility"
水源國小,新北市淡水區,北新路二段15號,25.1858,121.4765,True,淡水,107,3.624296233237069,High Risk,Nearest AQI station (淡水) AQI: 107
水源里活動中心,新北市淡水區,北新路二段15號2樓,25.185817,121.476527,True,淡水,107,3.627588060002958,High Risk,Nearest AQI station (淡水) AQI: 107
新市國小,新北市淡水區,中山北路二段200號,25.186023,121.44451,False,淡水,107,2.440104661097,High Risk,Nearest AQI station (淡水) AQI: 107
淡水商工,新北市淡水區,商工路307號,25.1868,121.454,False,淡水,107,2.525508913984987,High Risk,Nearest AQI station (淡水) AQI: 107
基督教芥菜種營地,新北市萬里區,玉田路25號,25.191878,121.678967,False,基隆,91,10.734508156531415,Warning,"Nearest AQI station (基隆) AQI: 91, Outdoor facility"
育英國小,新北市淡水區,埤島里14號,25.197,121.4449,True,淡水,107,3.640116183733741,High Risk,Nearest AQI station (淡水) AQI: 107
仁愛之家,新北市萬里區,龜吼里玉田路61號,25.1978,121.6841,False,基隆,91,10.801787789317737,Warning,"Nearest AQI station (基隆) AQI: 91, Outdoor facility"
忠山國小,新北市淡水區,行忠路899號,25.2011,121.48,True,淡水,107,5.113124431061544,High Risk,Nearest AQI station (淡水) AQI: 107
磺潭社區親水公園,新北市萬里區,員潭路,25.202226,121.646291,False,陽明,47,11.941559056735043,Low Risk,
野柳活動中心,新北市萬里區,野柳里港東路1-5號,25.2029,121.6861,True,基隆,91,11.073244085521184,Medium Risk,"Nearest AQI station (基隆) AQI: 91, Indoor facility"
新北市三芝區興華國民小學,新北市三芝區,田心子5號,25.203711,121.501531,False,陽明,47,3.6624617736882827,Low Risk,
野柳國小,新北市萬里區,港東路167號,25.205606,121.689442,True,基隆,91,11.079099705022557,Medium Risk,"Nearest AQI station (基隆) AQI: 91, Indoor facility"
大鵬國小,新北市萬里區,萬里加投14號,25.208821,121.650866,True,陽明,47,12.543305856515847,Low Risk,
頂寮活動中心,新北市萬里區,頂社路18號之6,25.210529,121.655728,True,陽明,47,13.0632765868426,Low Risk,
公館崙公園,新北市金山區,月眉路,25.213216,121.631809,False,陽明,47,10.829858415865097,Low Risk,
興仁國小,新北市淡水區,興仁路101巷10號,25.2175,121.4511,True,淡水,107,5.89630522590488,High Risk,Nearest AQI station (淡水) AQI: 107
金山朝天宮,新北市金山區,六股林口38-3號,25.218034,121.602476,False,陽明,47,8.318871159912014,Low Risk,
三和國小,新北市金山區,金山區重和里六股林口38號,25.2189,121.6029,True,陽明,47,8.40215738842278,Low Risk,
金山區運動休閒廣場,新北市金山區,金山區五湖里南勢53號,25.221,121.6283,True,陽明,47,10.80557641866474,Low Risk,
新北市三芝區圓山里活動中心,新北市三芝區,木屐寮32號,25.221698,121.5295,True,陽明,47,4.333941505950313,Low Risk,
金美國小,新北市金山區,金山區美田里忠孝一路111號,25.2217,121.6327,True,陽明,47,11.243575882484297,Low Risk,
中山堂〈1樓禮堂〉,新北市金山區,金山區大同里溫泉路2巷10號,25.2217,121.6408,False,陽明,47,11.999650953275248,Low Risk,
金山國小,新北市金山區,金山區大同里金包里街180號,25.2237,121.6367,True,陽明,47,11.700667360603509,Low Risk,
中泰國小,新北市淡水區,中和里北勢子5號,25.2241,121.4847,True,陽明,47,6.446744204646217,Low Risk,
金山高中,新北市金山區,金山區美田里文化路2號,25.2246,121.6372,True,陽明,47,11.786159662362493,Low Risk,
金山青年活動中心,新北市金山區,金山區磺港里青年路1號,25.2259,121.6411,True,陽明,47,12.203689275683923,Low Risk,
六三社區活動中心,新北市金山區,三界壇路101-1號,25.230093,121.620711,True,陽明,47,10.573541455819893,Low Risk,
金山區獅頭山公園,新北市金山區,溫泉路,25.231103,121.649304,False,陽明,47,13.191525284960088,Low Risk,
聖德宮,新北市金山區,三界壇路72號,25.231106,121.619908,False,陽明,47,10.560474464372835,Low Risk,
新北市三芝區八賢里活動中心,新北市三芝區,八連溪41號,25.237065,121.513105,False,陽明,47,6.265936077552487,Low Risk,
屯山國小,新北市淡水區,淡金路五段111號,25.2373,121.4564,True,淡水,107,8.126989781183921,High Risk,Nearest AQI station (淡水) AQI: 107
中角國小,新北市金山區,金山區萬壽里海興路49號,25.2398,121.6306,True,富貴角,109,11.38416772746845,High Risk,Nearest AQI station (富貴角) AQI: 109
萬壽活動中心,新北市金山區,海興路69號之1,25.2405,121.631354,True,富貴角,109,11.404270389162125,High Risk,Nearest AQI station (富貴角) AQI: 109
妙濟寺,新北市石門區,4鄰內阿里磅1號,25.254077,121.592343,False,富貴角,109,7.350942057070668,High Risk,Nearest AQI station (富貴角) AQI: 109
新北市三芝區公有市場,新北市三芝區,新北區三芝區民生街31號,25.2564,121.5036,False,富貴角,109,5.584497225698668,High Risk,Nearest AQI station (富貴角) AQI: 109
三芝區公所,新北市三芝區,新北區三芝區中山路一段32號,25.2578,121.5011,False,富貴角,109,5.616158482291153,High Risk,Nearest AQI station (富貴角) AQI: 109
新北市三芝區三芝國民小學,新北市三芝區,新北區三芝區育英街22號,25.2579,121.5016,False,富貴角,109,5.575733549434797,High Risk,Nearest AQI station (富貴角) AQI: 109
三芝農會,新北市三芝區,新北區三芝區中山路一段6號,25.2585,121.5011,False,富貴角,109,5.556243014697849,High Risk,Nearest AQI station (富貴角) AQI: 109
新北市三芝區橫山國民小學,新北市三芝區,大坑86號,25.258894,121.529765,False,富貴角,109,4.271973538336562,High Risk,Nearest AQI station (富貴角) AQI: 109
新北市立三芝國民中學,新北市三芝區,新北區三芝區淡金路一段38號,25.26,121.5028,False,富貴角,109,5.318669751124945,High Risk,Nearest AQI station (富貴角) AQI: 109
乾華國小禮堂,新北市石門區,石門區茂林社區74號,25.2693,121.5923,True,富貴角,109,6.38435951597272,High Risk,Nearest AQI station (富貴角) AQI: 109
茂林里活動中心,新北市石門區,茂林社區1-1號,25.27188,121.591831,True,富貴角,109,6.2096605092332045,High Risk,Nearest AQI station (富貴角) AQI: 109
草里里活動中心,新北市石門區,草里里阿里荖33號之1,25.28074,121.606719,True,富貴角,109,7.27583040898342,High Risk,Nearest AQI station (富貴角) AQI: 109
北海岸風景管理處德茂里活動中心,新北市石門區,德茂里下員坑 33-6號,25.283263,121.519157,True,富貴角,109,2.3099539006035386,High Risk,Nearest AQI station (富貴角) AQI: 109
老梅國小教室,新北市石門區,石門區老梅老梅路10號,25.2889,121.545,True,富貴角,109,1.22205972150224,High Risk,Nearest AQI station (富貴角) AQI: 109
富基里活動中心,新北市石門區,富基里楓林37-6號,25.289023,121.540628,True,富貴角,109,0.9579177589716562,High Risk,Nearest AQI station (富貴角) AQI: 109
老梅里活動中心,新北市石門區,老梅里老梅路43號3樓,25.289433,121.545195,True,富貴角,109,1.1942401114513799,High Risk,Nearest AQI station (富貴角) AQI: 109
山溪里活動中心,新北市石門區,山溪里老崩山6-5號,25.290889,121.55172,True,富貴角,109,1.6597107993764773,High Risk,Nearest AQI station (富貴角) AQI: 109
石門里活動中心,新北市石門區,石門街一號,25.291194,121.565885,True,富貴角,109,3.0128621581780406,High Risk,Nearest AQI station (富貴角) AQI: 109
石門區體育館,新北市石門區,石門區石門里中央路1-9號,25.2912,121.5645,False,富貴角,109,2.8766534820786123,High Risk,Nearest AQI station (富貴角) AQI: 109
石門區公所,新北市石門區,石門區尖鹿里中山路66號,25.2912,121.5679,False,富貴角,109,3.2111740344533053,High Risk,Nearest AQI station (富貴角) AQI: 109
石門國民中學,新北市石門區,石門區尖鹿里中央路1--9號,25.2913,121.5646,False,富貴角,109,2.8840811713024292,High Risk,Nearest AQI station (富貴角) AQI: 109
石門國小,新北市石門區,中央路9號,25.291855,121.56704,True,富貴角,109,3.112670847068499,High Risk,Nearest AQI station (富貴角) AQI: 109
尖鹿里活動中心,新北市石門區,尖鹿里中央路9之3號1樓,25.292022,121.566842,True,富貴角,109,3.0898218529800823,High Risk,Nearest AQI station (富貴角) AQI: 109
